-0.49997 -0.99981 -1.49940 -1.99862 -2.49734 -2.99544 -3.49279 -3.98928 -4.48476 -4.97913 -5.47226 -5.96403 -6.45431 -6.94298 -7.42992 -7.91501 -8.39812 -8.87914 -9.35795 -9.83443 -10.30846 -10.77992 -11.24869 -11.71466 -12.17770 -12.63772 -13.09458 -13.54818 -13.99840 -14.44514 -14.88827 -15.32770 -15.76330 -16.19498 -16.62262 -17.04612 -17.46536 -17.88026 -18.29070 -18.69658 -19.09780 -19.49427 -19.88587 -20.27252 -20.65411 -21.03056 -21.40177 -21.76764 -22.12809 -22.48303 -22.83236 -23.17600 -23.51386 -23.84586 -24.17192 -24.49196 -24.80589 -25.11365 -25.41514 -25.71029 -25.99905 -26.28132 -26.55704 -26.82614 -27.08856 -27.34422 -27.59307 -27.83505 -28.07009 -28.29813 -28.51912 -28.73300 -28.93972 -29.13923 -29.33147 -29.51641 -29.69399 -29.86417 -30.02691 -30.18216 -30.32989 -30.47006 -30.60264 -30.72759 -30.84489 -30.95449 -31.05639 -31.15054 -31.23693 -31.31553 -31.38633 -31.44931 -31.50445 -31.55174 -31.59116 -31.62272 -31.64639 -31.66217 -31.67006 -31.67006 -31.66217 -31.64639 -31.62272 -31.59116 -31.55174 -31.50445 -31.44931 -31.38633 -31.31553 -31.23693 -31.15054 -31.05639 -30.95449 -30.84489 -30.72759 -30.60264 -30.47006 -30.32989 -30.18216 -30.02691 -29.86417 -29.69399 -29.51641 -29.33147 -29.13923 -28.93972 -28.73300 -28.51912 -28.29813 -28.07009 -27.83505 -27.59307 -27.34422 -27.08856 -26.82614 -26.55704 -26.28132 -25.99905 -25.71029 -25.41514 -25.11365 -24.80589 -24.49196 -24.17192 -23.84586 -23.51386 -23.17600 -22.83236 -22.48303 -22.12809 -21.76764 -21.40177 -21.03056 -20.65411 -20.27252 -19.88587 -19.49427 -19.09780 -18.69658 -18.29070 -17.88026 -17.46536 -17.04612 -16.62262 -16.19498 -15.76330 -15.32770 -14.88827 -14.44514 -13.99840 -13.54818 -13.09458 -12.63772 -12.17770 -11.71466 -11.24869 -10.77992 -10.30846 -9.83443 -9.35795 -8.87914 -8.39812 -7.91501 -7.42992 -6.94298 -6.45431 -5.96403 -5.47226 -4.97913 -4.48476 -3.98928 -3.49279 -2.99544 -2.49734 -1.99862 -1.49940 -0.99981 -0.49997 0.00000 0.00000
-0.99981 -1.99937 -2.99843 -3.99675 -4.99406 -5.99014 -6.98472 -7.97756 -8.96841 -9.95703 -10.94316 -11.92657 -12.90701 -13.88422 -14.85798 -15.82804 -16.79415 -17.75608 -18.71358 -19.66641 -20.61435 -21.55715 -22.49457 -23.42639 -24.35237 -25.27228 -26.18590 -27.09298 -27.99332 -28.88668 -29.77284 -30.65158 -31.52268 -32.38592 -33.24109 -34.08798 -34.92638 -35.75607 -36.57684 -37.38851 -38.19085 -38.98368 -39.76679 -40.53999 -41.30308 -42.05588 -42.79821 -43.52986 -44.25067 -44.96045 -45.65902 -46.34621 -47.02186 -47.68578 -48.33782 -48.97782 -49.60561 -50.22103 -50.82394 -51.41418 -51.99161 -52.55608 -53.10746 -53.64559 -54.17036 -54.68163 -55.17927 -55.66316 -56.13317 -56.58920 -57.03112 -57.45883 -57.87222 -58.27119 -58.65563 -59.02546 -59.38058 -59.72089 -60.04633 -60.35680 -60.65222 -60.93253 -61.19766 -61.44753 -61.68209 -61.90128 -62.10503 -62.29332 -62.46607 -62.62326 -62.76484 -62.89078 -63.00105 -63.09561 -63.17445 -63.23755 -63.28489 -63.31645 -63.33223 -63.33223 -63.31645 -63.28489 -63.23755 -63.17445 -63.09561 -63.00105 -62.89078 -62.76484 -62.62326 -62.46607 -62.29332 -62.10503 -61.90128 -61.68209 -61.44753 -61.19766 -60.93253 -60.65222 -60.35680 -60.04633 -59.72089 -59.38058 -59.02546 -58.65563 -58.27119 -57.87222 -57.45883 -57.03112 -56.58920 -56.13317 -55.66316 -55.17927 -54.68163 -54.17036 -53.64559 -53.10746 -52.55608 -51.99161 -51.41418 -50.82394 -50.22103 -49.60561 -48.97782 -48.33782 -47.68578 -47.02186 -46.34621 -45.65902 -44.96045 -44.25067 -43.52986 -42.79821 -42.05588 -41.30308 -40.53999 -39.76679 -38.98368 -38.19085 -37.38851 -36.57684 -35.75607 -34.92638 -34.08798 -33.24109 -32.38592 -31.52268 -30.65158 -29.77284 -28.88668 -27.99332 -27.09298 -26.18590 -25.27228 -24.35237 -23.42639 -22.49457 -21.55715 -20.61435 -19.66641 -18.71358 -17.75608 -16.79415 -15.82804 -14.85798 -13.88422 -12.90701 -11.92657 -10.94316 -9.95703 -8.96841 -7.97756 -6.98472 -5.99014 -4.99406 -3.99675 -2.99843 -1.99937 -0.99981 0.00000 0.00000
-1.49940 -2.99843 -4.49671 -5.99387 -7.48954 -8.98334 -10.47490 -11.96385 -13.44982 -14.93244 -16.41133 -17.88614 -19.35649 -20.82201 -22.28235 -23.73713 -25.18599 -26.62858 -28.06453 -29.49349 -30.91510 -32.32900 -33.73485 -35.13229 -36.52097 -37.90055 -39.27069 -40.63104 -41.98126 -43.32102 -44.64998 -45.96782 -47.27420 -48.56879 -49.85129 -51.12136 -52.37868 -53.62296 -54.85387 -56.07111 -57.27438 -58.46337 -59.63779 -60.79735 -61.94176 -63.07073 -64.18398 -65.28123 -66.36222 -67.42666 -68.47431 -69.50488 -70.51814 -71.51382 -72.49168 -73.45147 -74.39296 -75.31590 -76.22008 -77.10526 -77.97122 -78.81775 -79.64464 -80.45168 -81.23867 -82.00541 -82.75172 -83.47740 -84.18227 -84.86617 -85.52892 -86.17035 -86.79031 -87.38863 -87.96518 -88.51980 -89.05237 -89.56274 -90.05078 -90.51639 -90.95944 -91.37982 -91.77742 -92.15215 -92.50392 -92.83263 -93.13820 -93.42057 -93.67965 -93.91538 -94.12771 -94.31658 -94.48195 -94.62376 -94.74200 -94.83662 -94.90761 -94.95495 -94.97862 -94.97862 -94.95495 -94.90761 -94.83662 -94.74200 -94.62376 -94.48195 -94.31658 -94.12771 -93.91538 -93.67965 -93.42057 -93.13820 -92.83263 -92.50392 -92.15215 -91.77742 -91.37982 -90.95944 -90.51639 -90.05078 -89.56274 -89.05237 -88.51980 -87.96518 -87.38863 -86.79031 -86.17035 -85.52892 -84.86617 -84.18227 -83.47740 -82.75172 -82.00541 -81.23867 -80.45168 -79.64464 -78.81775 -77.97122 -77.10526 -76.22008 -75.31590 -74.39296 -73.45147 -72.49168 -71.51382 -70.51814 -69.50488 -68.47431 -67.42666 -66.36222 -65.28123 -64.18398 -63.07073 -61.94176 -60.79735 -59.63779 -58.46337 -57.27438 -56.07111 -54.85387 -53.62296 -52.37868 -51.12136 -49.85129 -48.56879 -47.27420 -45.96782 -44.64998 -43.32102 -41.98126 -40.63104 -39.27069 -37.90055 -36.52097 -35.13229 -33.73485 -32.32900 -30.91510 -29.49349 -28.06453 -26.62858 -25.18599 -23.73713 -22.28235 -20.82201 -19.35649 -17.88614 -16.41133 -14.93244 -13.44982 -11.96385 -10.47490 -8.98334 -7.48954 -5.99387 -4.49671 -2.99843 -1.49940 0.00000 0.00000
-1.99862 -3.99675 -5.99387 -7.98951 -9.98315 -11.97430 -13.96247 -15.94716 -17.92788 -19.90413 -21.87542 -23.84125 -25.80114 -27.75461 -29.70116 -31.64030 -33.57156 -35.49445 -37.40850 -39.31322 -41.20815 -43.09280 -44.96672 -46.82943 -48.68047 -50.51937 -52.34569 -54.15896 -55.95873 -57.74456 -59.51600 -61.27260 -63.01393 -64.73956 -66.44905 -68.14199 -69.81794 -71.47649 -73.11723 -74.73974 -76.34363 -77.92849 -79.49393 -81.03956 -82.56499 -84.06985 -85.55375 -87.01633 -88.45723 -89.87608 -91.27253 -92.64623 -93.99685 -95.32403 -96.62747 -97.90682 -99.16176 -100.39200 -101.59722 -102.77711 -103.93140 -105.05978 -106.16197 -107.23771 -108.28673 -109.30875 -110.30354 -111.27083 -112.21039 -113.12199 -114.00540 -114.86039 -115.68676 -116.48429 -117.25280 -117.99208 -118.70196 -119.38226 -120.03280 -120.65343 -121.24398 -121.80432 -122.33431 -122.83381 -123.30269 -123.74085 -124.14816 -124.52454 -124.86988 -125.18410 -125.46712 -125.71888 -125.93930 -126.12833 -126.28593 -126.41206 -126.50669 -126.56978 -126.60133 -126.60133 -126.56978 -126.50669 -126.41206 -126.28593 -126.12833 -125.93930 -125.71888 -125.46712 -125.18410 -124.86988 -124.52454 -124.14816 -123.74085 -123.30269 -122.83381 -122.33431 -121.80432 -121.24398 -120.65343 -120.03280 -119.38226 -118.70196 -117.99208 -117.25280 -116.48429 -115.68676 -114.86039 -114.00540 -113.12199 -112.21039 -111.27083 -110.30354 -109.30875 -108.28673 -107.23771 -106.16197 -105.05978 -103.93140 -102.77711 -101.59722 -100.39200 -99.16176 -97.90682 -96.62747 -95.32403 -93.99685 -92.64623 -91.27253 -89.87608 -88.45723 -87.01633 -85.55375 -84.06985 -82.56499 -81.03956 -79.49393 -77.92849 -76.34363 -74.73974 -73.11723 -71.47649 -69.81794 -68.14199 -66.44905 -64.73956 -63.01393 -61.27260 -59.51600 -57.74456 -55.95873 -54.15896 -52.34569 -50.51937 -48.68047 -46.82943 -44.96672 -43.09280 -41.20815 -39.31322 -37.40850 -35.49445 -33.57156 -31.64030 -29.70116 -27.75461 -25.80114 -23.84125 -21.87542 -19.90413 -17.92788 -15.94716 -13.96247 -11.97430 -9.98315 -7.98951 -5.99387 -3.99675 -1.99862 0.00000 0.00000
-2.49734 -4.99406 -7.48954 -9.98315 -12.47427 -14.96228 -17.44657 -19.92650 -22.40147 -24.87086 -27.33404 -29.79042 -32.23937 -34.68029 -37.11256 -39.53559 -41.94876 -44.35148 -46.74314 -49.12315 -51.49092 -53.84586 -56.18738 -58.51490 -60.82783 -63.12561 -65.40765 -67.67339 -69.92226 -72.15371 -74.36718 -76.56211 -78.73796 -80.89419 -83.03026 -85.14564 -87.23979 -89.31220 -91.36236 -93.38974 -95.39386 -97.37419 -99.33026 -101.26157 -103.16765 -105.04802 -106.90220 -108.72975 -110.53019 -112.30309 -114.04800 -115.76449 -117.45213 -119.11049 -120.73917 -122.33776 -123.90586 -125.44308 -126.94904 -128.42336 -129.86567 -131.27562 -132.65285 -133.99702 -135.30780 -136.58485 -137.82787 -139.03653 -140.21055 -141.34962 -142.45346 -143.52181 -144.55438 -145.55093 -146.51120 -147.43496 -148.32197 -149.17202 -149.98490 -150.76039 -151.49831 -152.19848 -152.86071 -153.48485 -154.07074 -154.61822 -155.12718 -155.59747 -156.02899 -156.42162 -156.77526 -157.08984 -157.36526 -157.60147 -157.79840 -157.95600 -158.07423 -158.15307 -158.19250 -158.19250 -158.15307 -158.07423 -157.95600 -157.79840 -157.60147 -157.36526 -157.08984 -156.77526 -156.42162 -156.02899 -155.59747 -155.12718 -154.61822 -154.07074 -153.48485 -152.86071 -152.19848 -151.49831 -150.76039 -149.98490 -149.17202 -148.32197 -147.43496 -146.51120 -145.55093 -144.55438 -143.52181 -142.45346 -141.34962 -140.21055 -139.03653 -137.82787 -136.58485 -135.30780 -133.99702 -132.65285 -131.27562 -129.86567 -128.42336 -126.94904 -125.44308 -123.90586 -122.33776 -120.73917 -119.11049 -117.45213 -115.76449 -114.04800 -112.30309 -110.53019 -108.72975 -106.90220 -105.04802 -103.16765 -101.26157 -99.33026 -97.37419 -95.39386 -93.38974 -91.36236 -89.31220 -87.23979 -85.14564 -83.03026 -80.89419 -78.73796 -76.56211 -74.36718 -72.15371 -69.92226 -67.67339 -65.40765 -63.12561 -60.82783 -58.51490 -56.18738 -53.84586 -51.49092 -49.12315 -46.74314 -44.35148 -41.94876 -39.53559 -37.11256 -34.68029 -32.23937 -29.79042 -27.33404 -24.87086 -22.40147 -19.92650 -17.44657 -14.96228 -12.47427 -9.98315 -7.48954 -4.99406 -2.49734 0.00000 0.00000
-2.99544 -5.99014 -8.98334 -11.97430 -14.96228 -17.94653 -20.92631 -23.90087 -26.86948 -29.83139 -32.78586 -35.73217 -38.66957 -41.59733 -44.51472 -47.42102 -50.31550 -53.19745 -56.06613 -58.92084 -61.76087 -64.58550 -67.39404 -70.18579 -72.96004 -75.71611 -78.45331 -81.17095 -83.86837 -86.54488 -89.19983 -91.83254 -94.44237 -97.02866 -99.59078 -102.12807 -104.63990 -107.12566 -109.58472 -112.01647 -114.42031 -116.79563 -119.14184 -121.45835 -123.74460 -126.00001 -128.22401 -130.41606 -132.57561 -134.70212 -136.79505 -138.85390 -140.87813 -142.86726 -144.82079 -146.73822 -148.61908 -150.46290 -152.26922 -154.03760 -155.76758 -157.45874 -159.11067 -160.72294 -162.29515 -163.82691 -165.31785 -166.76759 -168.17576 -169.54202 -170.86603 -172.14745 -173.38597 -174.58128 -175.73309 -176.84109 -177.90502 -178.92462 -179.89962 -180.82979 -181.71489 -182.55470 -183.34902 -184.09764 -184.80038 -185.45707 -186.06754 -186.63163 -187.14921 -187.62015 -188.04433 -188.42165 -188.75201 -189.03532 -189.27153 -189.46057 -189.60238 -189.69695 -189.74424 -189.74424 -189.69695 -189.60238 -189.46057 -189.27153 -189.03532 -188.75201 -188.42165 -188.04433 -187.62015 -187.14921 -186.63163 -186.06754 -185.45707 -184.80038 -184.09764 -183.34902 -182.55470 -181.71489 -180.82979 -179.89962 -178.92462 -177.90502 -176.84109 -175.73309 -174.58128 -173.38597 -172.14745 -170.86603 -169.54202 -168.17576 -166.76759 -165.31785 -163.82691 -162.29515 -160.72294 -159.11067 -157.45874 -155.76758 -154.03760 -152.26922 -150.46290 -148.61908 -146.73822 -144.82079 -142.86726 -140.87813 -138.85390 -136.79505 -134.70212 -132.57561 -130.41606 -128.22401 -126.00001 -123.74460 -121.45835 -119.14184 -116.79563 -114.42031 -112.01647 -109.58472 -107.12566 -104.63990 -102.12807 -99.59078 -97.02866 -94.44237 -91.83254 -89.19983 -86.54488 -83.86837 -81.17095 -78.45331 -75.71611 -72.96004 -70.18579 -67.39404 -64.58550 -61.76087 -58.92084 -56.06613 -53.19745 -50.31550 -47.42102 -44.51472 -41.59733 -38.66957 -35.73217 -32.78586 -29.83139 -26.86948 -23.90087 -20.92631 -17.94653 -14.96228 -11.97430 -8.98334 -5.99014 -2.99544 0.00000 0.00000
-3.49279 -6.98472 -10.47490 -13.96247 -17.44657 -20.92631 -24.40084 -27.86929 -31.33079 -34.78448 -38.22951 -41.66501 -45.09012 -48.50400 -51.90579 -55.29464 -58.66971 -62.03016 -65.37515 -68.70385 -72.01542 -75.30905 -78.58391 -81.83918 -85.07406 -88.28774 -91.47941 -94.64828 -97.79357 -100.91448 -104.01025 -107.08009 -110.12324 -113.13896 -116.12647 -119.08504 -122.01394 -124.91242 -127.77978 -130.61529 -133.41824 -136.18795 -138.92372 -141.62486 -144.29071 -146.92060 -149.51387 -152.06988 -154.58799 -157.06757 -159.50801 -161.90870 -164.26903 -166.58843 -168.86631 -171.10210 -173.29525 -175.44522 -177.55145 -179.61344 -181.63067 -183.60263 -185.52883 -187.40879 -189.24205 -191.02815 -192.76663 -194.45708 -196.09906 -197.69217 -199.23601 -200.73020 -202.17436 -203.56813 -204.91117 -206.20315 -207.44373 -208.63262 -209.76950 -210.85411 -211.88617 -212.86543 -213.79163 -214.66455 -215.48397 -216.24969 -216.96152 -217.61927 -218.22279 -218.77193 -219.26654 -219.70650 -220.09171 -220.42207 -220.69749 -220.91792 -221.08328 -221.19355 -221.24869 -221.24869 -221.19355 -221.08328 -220.91792 -220.69749 -220.42207 -220.09171 -219.70650 -219.26654 -218.77193 -218.22279 -217.61927 -216.96152 -216.24969 -215.48397 -214.66455 -213.79163 -212.86543 -211.88617 -210.85411 -209.76950 -208.63262 -207.44373 -206.20315 -204.91117 -203.56813 -202.17436 -200.73020 -199.23601 -197.69217 -196.09906 -194.45708 -192.76663 -191.02815 -189.24205 -187.40879 -185.52883 -183.60263 -181.63067 -179.61344 -177.55145 -175.44522 -173.29525 -171.10210 -168.86631 -166.58843 -164.26903 -161.90870 -159.50801 -157.06757 -154.58799 -152.06988 -149.51387 -146.92060 -144.29071 -141.62486 -138.92372 -136.18795 -133.41824 -130.61529 -127.77978 -124.91242 -122.01394 -119.08504 -116.12647 -113.13896 -110.12324 -107.08009 -104.01025 -100.91448 -97.79357 -94.64828 -91.47941 -88.28774 -85.07406 -81.83918 -78.58391 -75.30905 -72.01542 -68.70385 -65.37515 -62.03016 -58.66971 -55.29464 -51.90579 -48.50400 -45.09012 -41.66501 -38.22951 -34.78448 -31.33079 -27.86929 -24.40084 -20.92631 -17.44657 -13.96247 -10.47490 -6.98472 -3.49279 0.00000 0.00000
-3.98928 -7.97756 -11.96385 -15.94716 -19.92650 -23.90087 -27.86929 -31.83076 -35.78429 -39.72891 -43.66363 -47.58746 -51.49944 -55.39858 -59.28391 -63.15447 -67.00929 -70.84741 -74.66788 -78.46973 -82.25203 -86.01383 -89.75419 -93.47218 -97.16688 -100.83736 -104.48272 -108.10203 -111.69440 -115.25893 -118.79474 -122.30095 -125.77667 -129.22105 -132.63322 -136.01234 -139.35756 -142.66805 -145.94299 -149.18155 -152.38293 -155.54634 -158.67098 -161.75607 -164.80086 -167.80457 -170.76646 -173.68579 -176.56184 -179.39388 -182.18122 -184.92315 -187.61899 -190.26808 -192.86974 -195.42334 -197.92824 -200.38381 -202.78944 -205.14453 -207.44849 -209.70075 -211.90075 -214.04795 -216.14179 -218.18177 -220.16737 -222.09810 -223.97349 -225.79305 -227.55634 -229.26292 -230.91236 -232.50425 -234.03820 -235.51382 -236.93074 -238.28862 -239.58711 -240.82589 -242.00465 -243.12310 -244.18096 -245.17796 -246.11386 -246.98842 -247.80143 -248.55268 -249.24199 -249.86918 -250.43410 -250.93660 -251.37657 -251.75388 -252.06846 -252.32021 -252.50908 -252.63502 -252.69800 -252.69800 -252.63502 -252.50908 -252.32021 -252.06846 -251.75388 -251.37657 -250.93660 -250.43410 -249.86918 -249.24199 -248.55268 -247.80143 -246.98842 -246.11386 -245.17796 -244.18096 -243.12310 -242.00465 -240.82589 -239.58711 -238.28862 -236.93074 -235.51382 -234.03820 -232.50425 -230.91236 -229.26292 -227.55634 -225.79305 -223.97349 -222.09810 -220.16737 -218.18177 -216.14179 -214.04795 -211.90075 -209.70075 -207.44849 -205.14453 -202.78944 -200.38381 -197.92824 -195.42334 -192.86974 -190.26808 -187.61899 -184.92315 -182.18122 -179.39388 -176.56184 -173.68579 -170.76646 -167.80457 -164.80086 -161.75607 -158.67098 -155.54634 -152.38293 -149.18155 -145.94299 -142.66805 -139.35756 -136.01234 -132.63322 -129.22105 -125.77667 -122.30095 -118.79474 -115.25893 -111.69440 -108.10203 -104.48272 -100.83736 -97.16688 -93.47218 -89.75419 -86.01383 -82.25203 -78.46973 -74.66788 -70.84741 -67.00929 -63.15447 -59.28391 -55.39858 -51.49944 -47.58746 -43.66363 -39.72891 -35.78429 -31.83076 -27.86929 -23.90087 -19.92650 -15.94716 -11.96385 -7.97756 -3.98928 0.00000 0.00000
-4.48476 -8.96841 -13.44982 -17.92788 -22.40147 -26.86948 -31.33079 -35.78429 -40.22888 -44.66344 -49.08687 -53.49806 -57.89592 -62.27936 -66.64727 -70.99857 -75.33218 -79.64701 -83.94199 -88.21606 -92.46813 -96.69717 -100.90210 -105.08189 -109.23549 -113.36186 -117.45998 -121.52883 -125.56739 -129.57466 -133.54964 -137.49133 -141.39875 -145.27094 -149.10692 -152.90574 -156.66645 -160.38812 -164.06982 -167.71063 -171.30964 -174.86596 -178.37869 -181.84697 -185.26993 -188.64672 -191.97649 -195.25842 -198.49169 -201.67548 -204.80902 -207.89151 -210.92219 -213.90031 -216.82512 -219.69588 -222.51190 -225.27246 -227.97688 -230.62449 -233.21461 -235.74662 -238.21987 -240.63375 -242.98766 -245.28102 -247.51324 -249.68378 -251.79209 -253.83765 -255.81995 -257.73850 -259.59281 -261.38242 -263.10689 -264.76579 -266.35870 -267.88524 -269.34501 -270.73765 -272.06282 -273.32019 -274.50944 -275.63027 -276.68241 -277.66560 -278.57959 -279.42415 -280.19907 -280.90416 -281.53924 -282.10416 -282.59877 -283.02295 -283.37660 -283.65962 -283.87195 -284.01353 -284.08433 -284.08433 -284.01353 -283.87195 -283.65962 -283.37660 -283.02295 -282.59877 -282.10416 -281.53924 -280.90416 -280.19907 -279.42415 -278.57959 -277.66560 -276.68241 -275.63027 -274.50944 -273.32019 -272.06282 -270.73765 -269.34501 -267.88524 -266.35870 -264.76579 -263.10689 -261.38242 -259.59281 -257.73850 -255.81995 -253.83765 -251.79209 -249.68378 -247.51324 -245.28102 -242.98766 -240.63375 -238.21987 -235.74662 -233.21461 -230.62449 -227.97688 -225.27246 -222.51190 -219.69588 -216.82512 -213.90031 -210.92219 -207.89151 -204.80902 -201.67548 -198.49169 -195.25842 -191.97649 -188.64672 -185.26993 -181.84697 -178.37869 -174.86596 -171.30964 -167.71063 -164.06982 -160.38812 -156.66645 -152.90574 -149.10692 -145.27094 -141.39875 -137.49133 -133.54964 -129.57466 -125.56739 -121.52883 -117.45998 -113.36186 -109.23549 -105.08189 -100.90210 -96.69717 -92.46813 -88.21606 -83.94199 -79.64701 -75.33218 -70.99857 -66.64727 -62.27936 -57.89592 -53.49806 -49.08687 -44.66344 -40.22888 -35.78429 -31.33079 -26.86948 -22.40147 -17.92788 -13.44982 -8.96841 -4.48476 0.00000 0.00000
-4.97913 -9.95703 -14.93244 -19.90413 -24.87086 -29.83139 -34.78448 -39.72891 -44.66344 -49.58683 -54.49787 -59.39532 -64.27798 -69.14461 -73.99401 -78.82497 -83.63628 -88.42676 -93.19519 -97.94040 -102.66119 -107.35641 -112.02486 -116.66540 -121.27687 -125.85810 -130.40798 -134.92535 -139.40909 -143.85809 -148.27124 -152.64744 -156.98559 -161.28462 -165.54346 -169.76103 -173.93630 -178.06822 -182.15577 -186.19791 -190.19365 -194.14199 -198.04195 -201.89255 -205.69284 -209.44186 -213.13868 -216.78239 -220.37206 -223.90682 -227.38578 -230.80806 -234.17283 -237.47923 -240.72645 -243.91367 -247.04011 -250.10498 -253.10751 -256.04697 -258.92261 -261.73373 -264.47962 -267.15959 -269.77298 -272.31914 -274.79743 -277.20723 -279.54795 -281.81900 -284.01981 -286.14984 -288.20856 -290.19545 -292.11001 -293.95178 -295.72028 -297.41509 -299.03578 -300.58194 -302.05318 -303.44915 -304.76950 -306.01389 -307.18201 -308.27358 -309.28832 -310.22597 -311.08632 -311.86913 -312.57422 -313.20141 -313.75054 -314.22149 -314.61411 -314.92834 -315.16407 -315.32126 -315.39986 -315.39986 -315.32126 -315.16407 -314.92834 -314.61411 -314.22149 -313.75054 -313.20141 -312.57422 -311.86913 -311.08632 -310.22597 -309.28832 -308.27358 -307.18201 -306.01389 -304.76950 -303.44915 -302.05318 -300.58194 -299.03578 -297.41509 -295.72028 -293.95178 -292.11001 -290.19545 -288.20856 -286.14984 -284.01981 -281.81900 -279.54795 -277.20723 -274.79743 -272.31914 -269.77298 -267.15959 -264.47962 -261.73373 -258.92261 -256.04697 -253.10751 -250.10498 -247.04011 -243.91367 -240.72645 -237.47923 -234.17283 -230.80806 -227.38578 -223.90682 -220.37206 -216.78239 -213.13868 -209.44186 -205.69284 -201.89255 -198.04195 -194.14199 -190.19365 -186.19791 -182.15577 -178.06822 -173.93630 -169.76103 -165.54346 -161.28462 -156.98559 -152.64744 -148.27124 -143.85809 -139.40909 -134.92535 -130.40798 -125.85810 -121.27687 -116.66540 -112.02486 -107.35641 -102.66119 -97.94040 -93.19519 -88.42676 -83.63628 -78.82497 -73.99401 -69.14461 -64.27798 -59.39532 -54.49787 -49.58683 -44.66344 -39.72891 -34.78448 -29.83139 -24.87086 -19.90413 -14.93244 -9.95703 -4.97913 0.00000 0.00000
-5.47226 -10.94316 -16.41133 -21.87542 -27.33404 -32.78586 -38.22951 -43.66363 -49.08687 -54.49787 -59.89529 -65.27779 -70.64401 -75.99263 -81.32231 -86.63173 -91.91955 -97.18447 -102.42516 -107.64033 -112.82867 -117.98889 -123.11971 -128.21984 -133.28802 -138.32298 -143.32347 -148.28824 -153.21605 -158.10568 -162.95590 -167.76551 -172.53331 -177.25811 -181.93874 -186.57402 -191.16281 -195.70395 -200.19632 -204.63879 -209.03027 -213.36965 -217.65585 -221.88781 -226.06448 -230.18480 -234.24775 -238.25233 -242.19752 -246.08236 -249.90587 -253.66709 -257.36510 -260.99897 -264.56779 -268.07067 -271.50675 -274.87516 -278.17506 -281.40564 -284.56608 -287.65561 -290.67345 -293.61884 -296.49106 -299.28939 -302.01312 -304.66159 -307.23413 -309.73011 -312.14889 -314.48987 -316.75248 -318.93615 -321.04033 -323.06451 -325.00817 -326.87082 -328.65202 -330.35131 -331.96827 -333.50249 -334.95360 -336.32124 -337.60505 -338.80472 -339.91996 -340.95049 -341.89604 -342.75638 -343.53130 -344.22061 -344.82413 -345.34171 -345.77322 -346.11857 -346.37765 -346.55040 -346.63679 -346.63679 -346.55040 -346.37765 -346.11857 -345.77322 -345.34171 -344.82413 -344.22061 -343.53130 -342.75638 -341.89604 -340.95049 -339.91996 -338.80472 -337.60505 -336.32124 -334.95360 -333.50249 -331.96827 -330.35131 -328.65202 -326.87082 -325.00817 -323.06451 -321.04033 -318.93615 -316.75248 -314.48987 -312.14889 -309.73011 -307.23413 -304.66159 -302.01312 -299.28939 -296.49106 -293.61884 -290.67345 -287.65561 -284.56608 -281.40564 -278.17506 -274.87516 -271.50675 -268.07067 -264.56779 -260.99897 -257.36510 -253.66709 -249.90587 -246.08236 -242.19752 -238.25233 -234.24775 -230.18480 -226.06448 -221.88781 -217.65585 -213.36965 -209.03027 -204.63879 -200.19632 -195.70395 -191.16281 -186.57402 -181.93874 -177.25811 -172.53331 -167.76551 -162.95590 -158.10568 -153.21605 -148.28824 -143.32347 -138.32298 -133.28802 -128.21984 -123.11971 -117.98889 -112.82867 -107.64033 -102.42516 -97.18447 -91.91955 -86.63173 -81.32231 -75.99263 -70.64401 -65.27779 -59.89529 -54.49787 -49.08687 -43.66363 -38.22951 -32.78586 -27.33404 -21.87542 -16.41133 -10.94316 -5.47226 0.00000 0.00000
-5.96403 -11.92657 -17.88614 -23.84125 -29.79042 -35.73217 -41.66501 -47.58746 -53.49806 -59.39532 -65.27779 -71.14398 -76.99244 -82.82171 -88.63035 -94.41689 -100.17991 -105.91795 -111.62960 -117.31343 -122.96803 -128.59197 -134.18387 -139.74233 -145.26596 -150.75339 -156.20324 -161.61417 -166.98482 -172.31385 -177.59994 -182.84177 -188.03803 -193.18743 -198.28868 -203.34051 -208.34166 -213.29090 -218.18697 -223.02867 -227.81479 -232.54413 -237.21551 -241.82778 -246.37978 -250.87037 -255.29844 -259.66289 -263.96262 -268.19657 -272.36368 -276.46291 -280.49323 -284.45366 -288.34319 -292.16086 -295.90572 -299.57683 -303.17328 -306.69418 -310.13864 -313.50580 -316.79484 -320.00492 -323.13525 -326.18505 -329.15355 -332.04003 -334.84375 -337.56402 -340.20017 -342.75153 -345.21747 -347.59737 -349.89065 -352.09672 -354.21505 -356.24509 -358.18636 -360.03835 -361.80062 -363.47272 -365.05423 -366.54477 -367.94395 -369.25144 -370.46689 -371.59003 -372.62055 -373.55821 -374.40277 -375.15402 -375.81177 -376.37587 -376.84616 -377.22253 -377.50490 -377.69318 -377.78733 -377.78733 -377.69318 -377.50490 -377.22253 -376.84616 -376.37587 -375.81177 -375.15402 -374.40277 -373.55821 -372.62055 -371.59003 -370.46689 -369.25144 -367.94395 -366.54477 -365.05423 -363.47272 -361.80062 -360.03835 -358.18636 -356.24509 -354.21505 -352.09672 -349.89065 -347.59737 -345.21747 -342.75153 -340.20017 -337.56402 -334.84375 -332.04003 -329.15355 -326.18505 -323.13525 -320.00492 -316.79484 -313.50580 -310.13864 -306.69418 -303.17328 -299.57683 -295.90572 -292.16086 -288.34319 -284.45366 -280.49323 -276.46291 -272.36368 -268.19657 -263.96262 -259.66289 -255.29844 -250.87037 -246.37978 -241.82778 -237.21551 -232.54413 -227.81479 -223.02867 -218.18697 -213.29090 -208.34166 -203.34051 -198.28868 -193.18743 -188.03803 -182.84177 -177.59994 -172.31385 -166.98482 -161.61417 -156.20324 -150.75339 -145.26596 -139.74233 -134.18387 -128.59197 -122.96803 -117.31343 -111.62960 -105.91795 -100.17991 -94.41689 -88.63035 -82.82171 -76.99244 -71.14398 -65.27779 -59.39532 -53.49806 -47.58746 -41.66501 -35.73217 -29.79042 -23.84125 -17.88614 -11.92657 -5.96403 0.00000 0.00000
-6.45431 -12.90701 -19.35649 -25.80114 -32.23937 -38.66957 -45.09012 -51.49944 -57.89592 -64.27798 -70.64401 -76.99244 -83.32168 -89.63016 -95.91629 -102.17853 -108.41530 -114.62505 -120.80623 -126.95730 -133.07674 -139.16301 -145.21459 -151.22999 -157.20769 -163.14622 -169.04409 -174.89983 -180.71197 -186.47909 -192.19972 -197.87246 -203.49588 -209.06859 -214.58920 -220.05632 -225.46860 -230.82469 -236.12325 -241.36297 -246.54253 -251.66065 -256.71605 -261.70747 -266.63367 -271.49342 -276.28551 -281.00874 -285.66193 -290.24394 -294.75361 -299.18982 -303.55146 -307.83746 -312.04673 -316.17824 -320.23095 -324.20384 -328.09595 -331.90628 -335.63389 -339.27786 -342.83727 -346.31125 -349.69891 -352.99942 -356.21195 -359.33571 -362.36992 -365.31381 -368.16667 -370.92776 -373.59642 -376.17196 -378.65376 -381.04119 -383.33365 -385.53058 -387.63143 -389.63567 -391.54280 -393.35236 -395.06388 -396.67695 -398.19115 -399.60612 -400.92150 -402.13696 -403.25220 -404.26693 -405.18092 -405.99393 -406.70576 -407.31622 -407.82518 -408.23249 -408.53807 -408.74183 -408.84372 -408.84372 -408.74183 -408.53807 -408.23249 -407.82518 -407.31622 -406.70576 -405.99393 -405.18092 -404.26693 -403.25220 -402.13696 -400.92150 -399.60612 -398.19115 -396.67695 -395.06388 -393.35236 -391.54280 -389.63567 -387.63143 -385.53058 -383.33365 -381.04119 -378.65376 -376.17196 -373.59642 -370.92776 -368.16667 -365.31381 -362.36992 -359.33571 -356.21195 -352.99942 -349.69891 -346.31125 -342.83727 -339.27786 -335.63389 -331.90628 -328.09595 -324.20384 -320.23095 -316.17824 -312.04673 -307.83746 -303.55146 -299.18982 -294.75361 -290.24394 -285.66193 -281.00874 -276.28551 -271.49342 -266.63367 -261.70747 -256.71605 -251.66065 -246.54253 -241.36297 -236.12325 -230.82469 -225.46860 -220.05632 -214.58920 -209.06859 -203.49588 -197.87246 -192.19972 -186.47909 -180.71197 -174.89983 -169.04409 -163.14622 -157.20769 -151.22999 -145.21459 -139.16301 -133.07674 -126.95730 -120.80623 -114.62505 -108.41530 -102.17853 -95.91629 -89.63016 -83.32168 -76.99244 -70.64401 -64.27798 -57.89592 -51.49944 -45.09012 -38.66957 -32.23937 -25.80114 -19.35649 -12.90701 -6.45431 0.00000 0.00000
-6.94298 -13.88422 -20.82201 -27.75461 -34.68029 -41.59733 -48.50400 -55.39858 -62.27936 -69.14461 -75.99263 -82.82171 -89.63016 -96.41626 -103.17834 -109.91470 -116.62367 -123.30357 -129.95274 -136.56953 -143.15228 -149.69936 -156.20912 -162.67996 -169.11025 -175.49839 -181.84280 -188.14189 -194.39409 -200.59785 -206.75161 -212.85384 -218.90302 -224.89765 -230.83624 -236.71729 -242.53934 -248.30096 -254.00068 -259.63711 -265.20883 -270.71446 -276.15261 -281.52195 -286.82112 -292.04881 -297.20372 -302.28455 -307.29005 -312.21897 -317.07008 -321.84216 -326.53404 -331.14454 -335.67250 -340.11682 -344.47636 -348.75006 -352.93684 -357.03566 -361.04551 -364.96537 -368.79427 -372.53126 -376.17541 -379.72581 -383.18158 -386.54184 -389.80578 -392.97256 -396.04141 -399.01155 -401.88226 -404.65281 -407.32250 -409.89069 -412.35672 -414.71998 -416.97989 -419.13588 -421.18741 -423.13397 -424.97507 -426.71027 -428.33912 -429.86122 -431.27618 -432.58367 -433.78334 -434.87491 -435.85810 -436.73266 -437.49838 -438.15507 -438.70255 -439.14071 -439.46942 -439.68861 -439.79821 -439.79821 -439.68861 -439.46942 -439.14071 -438.70255 -438.15507 -437.49838 -436.73266 -435.85810 -434.87491 -433.78334 -432.58367 -431.27618 -429.86122 -428.33912 -426.71027 -424.97507 -423.13397 -421.18741 -419.13588 -416.97989 -414.71998 -412.35672 -409.89069 -407.32250 -404.65281 -401.88226 -399.01155 -396.04141 -392.97256 -389.80578 -386.54184 -383.18158 -379.72581 -376.17541 -372.53126 -368.79427 -364.96537 -361.04551 -357.03566 -352.93684 -348.75006 -344.47636 -340.11682 -335.67250 -331.14454 -326.53404 -321.84216 -317.07008 -312.21897 -307.29005 -302.28455 -297.20372 -292.04881 -286.82112 -281.52195 -276.15261 -270.71446 -265.20883 -259.63711 -254.00068 -248.30096 -242.53934 -236.71729 -230.83624 -224.89765 -218.90302 -212.85384 -206.75161 -200.59785 -194.39409 -188.14189 -181.84280 -175.49839 -169.11025 -162.67996 -156.20912 -149.69936 -143.15228 -136.56953 -129.95274 -123.30357 -116.62367 -109.91470 -103.17834 -96.41626 -89.63016 -82.82171 -75.99263 -69.14461 -62.27936 -55.39858 -48.50400 -41.59733 -34.68029 -27.75461 -20.82201 -13.88422 -6.94298 0.00000 0.00000
-7.42992 -14.85798 -22.28235 -29.70116 -37.11256 -44.51472 -51.90579 -59.28391 -66.64727 -73.99401 -81.32231 -88.63035 -95.91629 -103.17834 -110.41467 -117.62348 -124.80297 -131.95137 -139.06687 -146.14772 -153.19215 -160.19840 -167.16472 -174.08938 -180.97066 -187.80683 -194.59620 -201.33707 -208.02776 -214.66661 -221.25196 -227.78217 -234.25561 -240.67067 -247.02575 -253.31926 -259.54964 -265.71534 -271.81481 -277.84655 -283.80904 -289.70079 -295.52035 -301.26626 -306.93708 -312.53141 -318.04785 -323.48503 -328.84159 -334.11619 -339.30753 -344.41430 -349.43524 -354.36909 -359.21462 -363.97063 -368.63593 -373.20936 -377.68978 -382.07607 -386.36714 -390.56191 -394.65935 -398.65844 -402.55817 -406.35757 -410.05570 -413.65164 -417.14449 -420.53337 -423.81745 -426.99590 -430.06794 -433.03280 -435.88973 -438.63804 -441.27702 -443.80603 -446.22443 -448.53163 -450.72704 -452.81012 -454.78035 -456.63724 -458.38033 -460.00918 -461.52339 -462.92257 -464.20638 -465.37451 -466.42665 -467.36255 -468.18197 -468.88471 -469.47060 -469.93948 -470.29125 -470.52581 -470.64310 -470.64310 -470.52581 -470.29125 -469.93948 -469.47060 -468.88471 -468.18197 -467.36255 -466.42665 -465.37451 -464.20638 -462.92257 -461.52339 -460.00918 -458.38033 -456.63724 -454.78035 -452.81012 -450.72704 -448.53163 -446.22443 -443.80603 -441.27702 -438.63804 -435.88973 -433.03280 -430.06794 -426.99590 -423.81745 -420.53337 -417.14449 -413.65164 -410.05570 -406.35757 -402.55817 -398.65844 -394.65935 -390.56191 -386.36714 -382.07607 -377.68978 -373.20936 -368.63593 -363.97063 -359.21462 -354.36909 -349.43524 -344.41430 -339.30753 -334.11619 -328.84159 -323.48503 -318.04785 -312.53141 -306.93708 -301.26626 -295.52035 -289.70079 -283.80904 -277.84655 -271.81481 -265.71534 -259.54964 -253.31926 -247.02575 -240.67067 -234.25561 -227.78217 -221.25196 -214.66661 -208.02776 -201.33707 -194.59620 -187.80683 -180.97066 -174.08938 -167.16472 -160.19840 -153.19215 -146.14772 -139.06687 -131.95137 -124.80297 -117.62348 -110.41467 -103.17834 -95.91629 -88.63035 -81.32231 -73.99401 -66.64727 -59.28391 -51.90579 -44.51472 -37.11256 -29.70116 -22.28235 -14.85798 -7.42992 0.00000 0.00000
-7.91501 -15.82804 -23.73713 -31.64030 -39.53559 -47.42102 -55.29464 -63.15447 -70.99857 -78.82497 -86.63173 -94.41689 -102.17853 -109.91470 -117.62348 -125.30294 -132.95117 -140.56628 -148.14634 -155.68949 -163.19384 -170.65751 -178.07866 -185.45542 -192.78596 -200.06846 -207.30110 -214.48207 -221.60959 -228.68188 -235.69717 -242.65373 -249.54981 -256.38370 -263.15369 -269.85810 -276.49526 -283.06350 -289.56120 -295.98674 -302.33851 -308.61493 -314.81444 -320.93549 -326.97655 -332.93613 -338.81273 -344.60489 -350.31117 -355.93015 -361.46042 -366.90060 -372.24935 -377.50532 -382.66721 -387.73374 -392.70363 -397.57565 -402.34859 -407.02125 -411.59248 -416.06112 -420.42608 -424.68626 -428.84060 -432.88806 -436.82763 -440.65834 -444.37923 -447.98937 -451.48786 -454.87384 -458.14644 -461.30487 -464.34833 -467.27607 -470.08735 -472.78147 -475.35777 -477.81560 -480.15435 -482.37343 -484.47229 -486.45042 -488.30731 -490.04250 -491.65557 -493.14610 -494.51373 -495.75812 -496.87896 -497.87596 -498.74888 -499.49750 -500.12164 -500.62114 -500.99587 -501.24574 -501.37070 -501.37070 -501.24574 -500.99587 -500.62114 -500.12164 -499.49750 -498.74888 -497.87596 -496.87896 -495.75812 -494.51373 -493.14610 -491.65557 -490.04250 -488.30731 -486.45042 -484.47229 -482.37343 -480.15435 -477.81560 -475.35777 -472.78147 -470.08735 -467.27607 -464.34833 -461.30487 -458.14644 -454.87384 -451.48786 -447.98937 -444.37923 -440.65834 -436.82763 -432.88806 -428.84060 -424.68626 -420.42608 -416.06112 -411.59248 -407.02125 -402.34859 -397.57565 -392.70363 -387.73374 -382.66721 -377.50532 -372.24935 -366.90060 -361.46042 -355.93015 -350.31117 -344.60489 -338.81273 -332.93613 -326.97655 -320.93549 -314.81444 -308.61493 -302.33851 -295.98674 -289.56120 -283.06350 -276.49526 -269.85810 -263.15369 -256.38370 -249.54981 -242.65373 -235.69717 -228.68188 -221.60959 -214.48207 -207.30110 -200.06846 -192.78596 -185.45542 -178.07866 -170.65751 -163.19384 -155.68949 -148.14634 -140.56628 -132.95117 -125.30294 -117.62348 -109.91470 -102.17853 -94.41689 -86.63173 -78.82497 -70.99857 -63.15447 -55.29464 -47.42102 -39.53559 -31.64030 -23.73713 -15.82804 -7.91501 0.00000 0.00000
-8.39812 -16.79415 -25.18599 -33.57156 -41.94876 -50.31550 -58.66971 -67.00929 -75.33218 -83.63628 -91.91955 -100.17991 -108.41530 -116.62367 -124.80297 -132.95117 -141.06624 -149.14615 -157.18889 -165.19246 -173.15486 -181.07410 -188.94821 -196.77524 -204.55323 -212.28023 -219.95433 -227.57362 -235.13618 -242.64015 -250.08365 -257.46482 -264.78182 -272.03284 -279.21606 -286.32969 -293.37196 -300.34112 -307.23543 -314.05316 -320.79263 -327.45215 -334.03007 -340.52473 -346.93453 -353.25787 -359.49317 -365.63887 -371.69345 -377.65539 -383.52322 -389.29546 -394.97069 -400.54747 -406.02444 -411.40021 -416.67345 -421.84285 -426.90712 -431.86500 -436.71524 -441.45665 -446.08803 -450.60824 -455.01615 -459.31066 -463.49070 -467.55523 -471.50323 -475.33373 -479.04576 -482.63840 -486.11077 -489.46198 -492.69120 -495.79764 -498.78052 -501.63909 -504.37264 -506.98049 -509.46198 -511.81652 -514.04349 -516.14236 -518.11259 -519.95369 -521.66522 -523.24673 -524.69784 -526.01818 -527.20743 -528.26529 -529.19149 -529.98581 -530.64804 -531.17803 -531.57563 -531.84076 -531.97334 -531.97334 -531.84076 -531.57563 -531.17803 -530.64804 -529.98581 -529.19149 -528.26529 -527.20743 -526.01818 -524.69784 -523.24673 -521.66522 -519.95369 -518.11259 -516.14236 -514.04349 -511.81652 -509.46198 -506.98049 -504.37264 -501.63909 -498.78052 -495.79764 -492.69120 -489.46198 -486.11077 -482.63840 -479.04576 -475.33373 -471.50323 -467.55523 -463.49070 -459.31066 -455.01615 -450.60824 -446.08803 -441.45665 -436.71524 -431.86500 -426.90712 -421.84285 -416.67345 -411.40021 -406.02444 -400.54747 -394.97069 -389.29546 -383.52322 -377.65539 -371.69345 -365.63887 -359.49317 -353.25787 -346.93453 -340.52473 -334.03007 -327.45215 -320.79263 -314.05316 -307.23543 -300.34112 -293.37196 -286.32969 -279.21606 -272.03284 -264.78182 -257.46482 -250.08365 -242.64015 -235.13618 -227.57362 -219.95433 -212.28023 -204.55323 -196.77524 -188.94821 -181.07410 -173.15486 -165.19246 -157.18889 -149.14615 -141.06624 -132.95117 -124.80297 -116.62367 -108.41530 -100.17991 -91.91955 -83.63628 -75.33218 -67.00929 -58.66971 -50.31550 -41.94876 -33.57156 -25.18599 -16.79415 -8.39812 0.00000 0.00000
-8.87914 -17.75608 -26.62858 -35.49445 -44.35148 -53.19745 -62.03016 -70.84741 -79.64701 -88.42676 -97.18447 -105.91795 -114.62505 -123.30357 -131.95137 -140.56628 -149.14615 -157.68886 -166.19227 -174.65426 -183.07272 -191.44556 -199.77068 -208.04602 -216.26951 -224.43910 -232.55275 -240.60845 -248.60418 -256.53795 -264.40779 -272.21174 -279.94784 -287.61418 -295.20883 -302.72992 -310.17555 -317.54389 -324.83308 -332.04132 -339.16681 -346.20777 -353.16245 -360.02911 -366.80605 -373.49157 -380.08401 -386.58172 -392.98309 -399.28652 -405.49044 -411.59330 -417.59359 -423.48980 -429.28047 -434.96416 -440.53944 -446.00493 -451.35926 -456.60111 -461.72916 -466.74214 -471.63880 -476.41792 -481.07830 -485.61879 -490.03825 -494.33559 -498.50972 -502.55962 -506.48427 -510.28269 -513.95394 -517.49710 -520.91129 -524.19565 -527.34938 -530.37168 -533.26180 -536.01902 -538.64265 -541.13205 -543.48658 -545.70566 -547.78874 -549.73530 -551.54486 -553.21696 -554.75118 -556.14715 -557.40452 -558.52297 -559.50222 -560.34203 -561.04220 -561.60254 -562.02292 -562.30323 -562.44340 -562.44340 -562.30323 -562.02292 -561.60254 -561.04220 -560.34203 -559.50222 -558.52297 -557.40452 -556.14715 -554.75118 -553.21696 -551.54486 -549.73530 -547.78874 -545.70566 -543.48658 -541.13205 -538.64265 -536.01902 -533.26180 -530.37168 -527.34938 -524.19565 -520.91129 -517.49710 -513.95394 -510.28269 -506.48427 -502.55962 -498.50972 -494.33559 -490.03825 -485.61879 -481.07830 -476.41792 -471.63880 -466.74214 -461.72916 -456.60111 -451.35926 -446.00493 -440.53944 -434.96416 -429.28047 -423.48980 -417.59359 -411.59330 -405.49044 -399.28652 -392.98309 -386.58172 -380.08401 -373.49157 -366.80605 -360.02911 -353.16245 -346.20777 -339.16681 -332.04132 -324.83308 -317.54389 -310.17555 -302.72992 -295.20883 -287.61418 -279.94784 -272.21174 -264.40779 -256.53795 -248.60418 -240.60845 -232.55275 -224.43910 -216.26951 -208.04602 -199.77068 -191.44556 -183.07272 -174.65426 -166.19227 -157.68886 -149.14615 -140.56628 -131.95137 -123.30357 -114.62505 -105.91795 -97.18447 -88.42676 -79.64701 -70.84741 -62.03016 -53.19745 -44.35148 -35.49445 -26.62858 -17.75608 -8.87914 0.00000 0.00000
-9.35795 -18.71358 -28.06453 -37.40850 -46.74314 -56.06613 -65.37515 -74.66788 -83.94199 -93.19519 -102.42516 -111.62960 -120.80623 -129.95274 -139.06687 -148.14634 -157.18889 -166.19227 -175.15423 -184.07253 -192.94496 -201.76930 -210.54336 -219.26495 -227.93189 -236.54203 -245.09321 -253.58331 -262.01022 -270.37182 -278.66605 -286.89082 -295.04409 -303.12384 -311.12804 -319.05470 -326.90184 -334.66751 -342.34978 -349.94673 -357.45646 -364.87710 -372.20682 -379.44377 -386.58615 -393.63219 -400.58013 -407.42823 -414.17480 -420.81814 -427.35661 -433.78857 -440.11242 -446.32659 -452.42952 -458.41970 -464.29563 -470.05585 -475.69892 -481.22343 -486.62802 -491.91132 -497.07203 -502.10887 -507.02056 -511.80590 -516.46368 -520.99275 -525.39198 -529.66026 -533.79655 -537.79980 -541.66902 -545.40325 -549.00155 -552.46303 -555.78682 -558.97210 -562.01807 -564.92397 -567.68908 -570.31272 -572.79422 -575.13296 -577.32838 -579.37990 -581.28704 -583.04931 -584.66627 -586.13751 -587.46268 -588.64145 -589.67351 -590.55861 -591.29653 -591.88709 -592.33013 -592.62556 -592.77329 -592.77329 -592.62556 -592.33013 -591.88709 -591.29653 -590.55861 -589.67351 -588.64145 -587.46268 -586.13751 -584.66627 -583.04931 -581.28704 -579.37990 -577.32838 -575.13296 -572.79422 -570.31272 -567.68908 -564.92397 -562.01807 -558.97210 -555.78682 -552.46303 -549.00155 -545.40325 -541.66902 -537.79980 -533.79655 -529.66026 -525.39198 -520.99275 -516.46368 -511.80590 -507.02056 -502.10887 -497.07203 -491.91132 -486.62802 -481.22343 -475.69892 -470.05585 -464.29563 -458.41970 -452.42952 -446.32659 -440.11242 -433.78857 -427.35661 -420.81814 -414.17480 -407.42823 -400.58013 -393.63219 -386.58615 -379.44377 -372.20682 -364.87710 -357.45646 -349.94673 -342.34978 -334.66751 -326.90184 -319.05470 -311.12804 -303.12384 -295.04409 -286.89082 -278.66605 -270.37182 -262.01022 -253.58331 -245.09321 -236.54203 -227.93189 -219.26495 -210.54336 -201.76930 -192.94496 -184.07253 -175.15423 -166.19227 -157.18889 -148.14634 -139.06687 -129.95274 -120.80623 -111.62960 -102.42516 -93.19519 -83.94199 -74.66788 -65.37515 -56.06613 -46.74314 -37.40850 -28.06453 -18.71358 -9.35795 0.00000 0.00000
-9.83443 -19.66641 -29.49349 -39.31322 -49.12315 -58.92084 -68.70385 -78.46973 -88.21606 -97.94040 -107.64033 -117.31343 -126.95730 -136.56953 -146.14772 -155.68949 -165.19246 -174.65426 -184.07253 -193.44493 -202.76911 -212.04276 -221.26357 -230.42923 -239.53747 -248.58600 -257.57259 -266.49498 -275.35096 -284.13831 -292.85485 -301.49840 -310.06682 -318.55795 -326.96970 -335.29996 -343.54666 -351.70773 -359.78116 -367.76492 -375.65702 -383.45550 -391.15842 -398.76385 -406.26991 -413.67471 -420.97641 -428.17320 -435.26328 -442.24488 -449.11627 -455.87572 -462.52157 -469.05214 -475.46581 -481.76099 -487.93611 -493.98962 -499.92001 -505.72582 -511.40559 -516.95791 -522.38139 -527.67468 -532.83646 -537.86545 -542.76039 -547.52007 -552.14329 -556.62890 -560.97580 -565.18288 -569.24911 -573.17347 -576.95499 -580.59271 -584.08574 -587.43320 -590.63427 -593.68813 -596.59403 -599.35125 -601.95910 -604.41693 -606.72413 -608.88011 -610.88436 -612.73635 -614.43564 -615.98180 -617.37444 -618.61322 -619.69783 -620.62800 -621.40349 -622.02412 -622.48973 -622.80020 -622.95545 -622.95545 -622.80020 -622.48973 -622.02412 -621.40349 -620.62800 -619.69783 -618.61322 -617.37444 -615.98180 -614.43564 -612.73635 -610.88436 -608.88011 -606.72413 -604.41693 -601.95910 -599.35125 -596.59403 -593.68813 -590.63427 -587.43320 -584.08574 -580.59271 -576.95499 -573.17347 -569.24911 -565.18288 -560.97580 -556.62890 -552.14329 -547.52007 -542.76039 -537.86545 -532.83646 -527.67468 -522.38139 -516.95791 -511.40559 -505.72582 -499.92001 -493.98962 -487.93611 -481.76099 -475.46581 -469.05214 -462.52157 -455.87572 -449.11627 -442.24488 -435.26328 -428.17320 -420.97641 -413.67471 -406.26991 -398.76385 -391.15842 -383.45550 -375.65702 -367.76492 -359.78116 -351.70773 -343.54666 -335.29996 -326.96970 -318.55795 -310.06682 -301.49840 -292.85485 -284.13831 -275.35096 -266.49498 -257.57259 -248.58600 -239.53747 -230.42923 -221.26357 -212.04276 -202.76911 -193.44493 -184.07253 -174.65426 -165.19246 -155.68949 -146.14772 -136.56953 -126.95730 -117.31343 -107.64033 -97.94040 -88.21606 -78.46973 -68.70385 -58.92084 -49.12315 -39.31322 -29.49349 -19.66641 -9.83443 0.00000 0.00000
-10.30846 -20.61435 -30.91510 -41.20815 -51.49092 -61.76087 -72.01542 -82.25203 -92.46813 -102.66119 -112.82867 -122.96803 -133.07674 -143.15228 -153.19215 -163.19384 -173.15486 -183.07272 -192.94496 -202.76911 -212.54273 -222.26338 -231.92864 -241.53609 -251.08335 -260.56803 -269.98777 -279.34023 -288.62307 -297.83398 -306.97066 -316.03084 -325.01226 -333.91268 -342.72988 -351.46166 -360.10586 -368.66030 -377.12287 -385.49145 -393.76396 -401.93834 -410.01254 -417.98456 -425.85241 -433.61413 -441.26778 -448.81146 -456.24329 -463.56141 -470.76400 -477.84926 -484.81544 -491.66079 -498.38361 -504.98222 -511.45498 -517.80027 -524.01652 -530.10217 -536.05571 -541.87565 -547.56055 -553.10898 -558.51956 -563.79096 -568.92184 -573.91093 -578.75700 -583.45882 -588.01524 -592.42511 -596.68733 -600.80085 -604.76464 -608.57770 -612.23910 -615.74791 -619.10327 -622.30433 -625.35030 -628.24042 -630.97397 -633.55027 -635.96867 -638.22858 -640.32942 -642.27069 -644.05188 -645.67257 -647.13234 -648.43083 -649.56772 -650.54272 -651.35559 -652.00614 -652.49418 -652.81962 -652.98235 -652.98235 -652.81962 -652.49418 -652.00614 -651.35559 -650.54272 -649.56772 -648.43083 -647.13234 -645.67257 -644.05188 -642.27069 -640.32942 -638.22858 -635.96867 -633.55027 -630.97397 -628.24042 -625.35030 -622.30433 -619.10327 -615.74791 -612.23910 -608.57770 -604.76464 -600.80085 -596.68733 -592.42511 -588.01524 -583.45882 -578.75700 -573.91093 -568.92184 -563.79096 -558.51956 -553.10898 -547.56055 -541.87565 -536.05571 -530.10217 -524.01652 -517.80027 -511.45498 -504.98222 -498.38361 -491.66079 -484.81544 -477.84926 -470.76400 -463.56141 -456.24329 -448.81146 -441.26778 -433.61413 -425.85241 -417.98456 -410.01254 -401.93834 -393.76396 -385.49145 -377.12287 -368.66030 -360.10586 -351.46166 -342.72988 -333.91268 -325.01226 -316.03084 -306.97066 -297.83398 -288.62307 -279.34023 -269.98777 -260.56803 -251.08335 -241.53609 -231.92864 -222.26338 -212.54273 -202.76911 -192.94496 -183.07272 -173.15486 -163.19384 -153.19215 -143.15228 -133.07674 -122.96803 -112.82867 -102.66119 -92.46813 -82.25203 -72.01542 -61.76087 -51.49092 -41.20815 -30.91510 -20.61435 -10.30846 0.00000 0.00000
-10.77992 -21.55715 -32.32900 -43.09280 -53.84586 -64.58550 -75.30905 -86.01383 -96.69717 -107.35641 -117.98889 -128.59197 -139.16301 -149.69936 -160.19840 -170.65751 -181.07410 -191.44556 -201.76930 -212.04276 -222.26338 -232.42860 -242.53590 -252.58275 -262.56665 -272.48512 -282.33567 -292.11587 -301.82326 -311.45543 -321.00998 -330.48452 -339.87671 -349.18419 -358.40464 -367.53577 -376.57531 -385.52099 -394.37060 -403.12192 -411.77277 -420.32100 -428.76448 -437.10110 -445.32878 -453.44548 -461.44918 -469.33787 -477.10959 -484.76240 -492.29440 -499.70372 -506.98849 -514.14691 -521.17720 -528.07760 -534.84639 -541.48189 -547.98243 -554.34641 -560.57223 -566.65835 -572.60325 -578.40544 -584.06347 -589.57595 -594.94150 -600.15877 -605.22647 -610.14333 -614.90813 -619.51969 -623.97685 -628.27850 -632.42357 -636.41102 -640.23987 -643.90916 -647.41797 -650.76544 -653.95071 -656.97301 -659.83158 -662.52571 -665.05472 -667.41798 -669.61491 -671.64496 -673.50762 -675.20242 -676.72896 -678.08683 -679.27572 -680.29531 -681.14536 -681.82566 -682.33603 -682.67634 -682.84652 -682.84652 -682.67634 -682.33603 -681.82566 -681.14536 -680.29531 -679.27572 -678.08683 -676.72896 -675.20242 -673.50762 -671.64496 -669.61491 -667.41798 -665.05472 -662.52571 -659.83158 -656.97301 -653.95071 -650.76544 -647.41797 -643.90916 -640.23987 -636.41102 -632.42357 -628.27850 -623.97685 -619.51969 -614.90813 -610.14333 -605.22647 -600.15877 -594.94150 -589.57595 -584.06347 -578.40544 -572.60325 -566.65835 -560.57223 -554.34641 -547.98243 -541.48189 -534.84639 -528.07760 -521.17720 -514.14691 -506.98849 -499.70372 -492.29440 -484.76240 -477.10959 -469.33787 -461.44918 -453.44548 -445.32878 -437.10110 -428.76448 -420.32100 -411.77277 -403.12192 -394.37060 -385.52099 -376.57531 -367.53577 -358.40464 -349.18419 -339.87671 -330.48452 -321.00998 -311.45543 -301.82326 -292.11587 -282.33567 -272.48512 -262.56665 -252.58275 -242.53590 -232.42860 -222.26338 -212.04276 -201.76930 -191.44556 -181.07410 -170.65751 -160.19840 -149.69936 -139.16301 -128.59197 -117.98889 -107.35641 -96.69717 -86.01383 -75.30905 -64.58550 -53.84586 -43.09280 -32.32900 -21.55715 -10.77992 0.00000 0.00000
-11.24869 -22.49457 -33.73485 -44.96672 -56.18738 -67.39404 -78.58391 -89.75419 -100.90210 -112.02486 -123.11971 -134.18387 -145.21459 -156.20912 -167.16472 -178.07866 -188.94821 -199.77068 -210.54336 -221.26357 -231.92864 -242.53590 -253.08272 -263.56646 -273.98452 -284.33430 -294.61321 -304.81870 -314.94822 -324.99925 -334.96929 -344.85584 -354.65645 -364.36867 -373.99008 -383.51828 -392.95091 -402.28560 -411.52004 -420.65191 -429.67895 -438.59891 -447.40956 -456.10870 -464.69417 -473.16383 -481.51557 -489.74730 -497.85698 -505.84258 -513.70212 -521.43363 -529.03519 -536.50490 -543.84090 -551.04137 -558.10450 -565.02855 -571.81178 -578.45250 -584.94905 -591.29983 -597.50324 -603.55774 -609.46182 -615.21401 -620.81288 -626.25703 -631.54510 -636.67578 -641.64778 -646.45987 -651.11085 -655.59956 -659.92488 -664.08574 -668.08109 -671.90994 -675.57133 -679.06436 -682.38815 -685.54188 -688.52475 -691.33603 -693.97502 -696.44105 -698.73351 -700.85184 -702.79550 -704.56400 -706.15692 -707.57384 -708.81443 -709.87836 -710.76538 -711.47525 -712.00782 -712.36293 -712.54051 -712.54051 -712.36293 -712.00782 -711.47525 -710.76538 -709.87836 -708.81443 -707.57384 -706.15692 -704.56400 -702.79550 -700.85184 -698.73351 -696.44105 -693.97502 -691.33603 -688.52475 -685.54188 -682.38815 -679.06436 -675.57133 -671.90994 -668.08109 -664.08574 -659.92488 -655.59956 -651.11085 -646.45987 -641.64778 -636.67578 -631.54510 -626.25703 -620.81288 -615.21401 -609.46182 -603.55774 -597.50324 -591.29983 -584.94905 -578.45250 -571.81178 -565.02855 -558.10450 -551.04137 -543.84090 -536.50490 -529.03519 -521.43363 -513.70212 -505.84258 -497.85698 -489.74730 -481.51557 -473.16383 -464.69417 -456.10870 -447.40956 -438.59891 -429.67895 -420.65191 -411.52004 -402.28560 -392.95091 -383.51828 -373.99008 -364.36867 -354.65645 -344.85584 -334.96929 -324.99925 -314.94822 -304.81870 -294.61321 -284.33430 -273.98452 -263.56646 -253.08272 -242.53590 -231.92864 -221.26357 -210.54336 -199.77068 -188.94821 -178.07866 -167.16472 -156.20912 -145.21459 -134.18387 -123.11971 -112.02486 -100.90210 -89.75419 -78.58391 -67.39404 -56.18738 -44.96672 -33.73485 -22.49457 -11.24869 0.00000 0.00000
-11.71466 -23.42639 -35.13229 -46.82943 -58.51490 -70.18579 -81.83918 -93.47218 -105.08189 -116.66540 -128.21984 -139.74233 -151.22999 -162.67996 -174.08938 -185.45542 -196.77524 -208.04602 -219.26495 -230.42923 -241.53609 -252.58275 -263.56646 -274.48449 -285.33410 -296.11261 -306.81732 -317.44556 -327.99469 -338.46208 -348.84512 -359.14121 -369.34780 -379.46234 -389.48231 -399.40522 -409.22858 -418.94995 -428.56692 -438.07707 -447.47805 -456.76751 -465.94313 -475.00263 -483.94375 -492.76426 -501.46196 -510.03468 -518.48030 -526.79670 -534.98181 -543.03359 -550.95004 -558.72918 -566.36907 -573.86781 -581.22353 -588.43439 -595.49861 -602.41442 -609.18009 -615.79394 -622.25432 -628.55963 -634.70828 -640.69875 -646.52955 -652.19921 -657.70634 -663.04955 -668.22751 -673.23894 -678.08259 -682.75724 -687.26173 -691.59494 -695.75580 -699.74326 -703.55632 -707.19405 -710.65552 -713.93989 -717.04633 -719.97406 -722.72237 -725.29055 -727.67798 -729.88405 -731.90823 -733.74999 -735.40889 -736.88451 -738.17649 -739.28449 -740.20825 -740.94753 -741.50216 -741.87198 -742.05692 -742.05692 -741.87198 -741.50216 -740.94753 -740.20825 -739.28449 -738.17649 -736.88451 -735.40889 -733.74999 -731.90823 -729.88405 -727.67798 -725.29055 -722.72237 -719.97406 -717.04633 -713.93989 -710.65552 -707.19405 -703.55632 -699.74326 -695.75580 -691.59494 -687.26173 -682.75724 -678.08259 -673.23894 -668.22751 -663.04955 -657.70634 -652.19921 -646.52955 -640.69875 -634.70828 -628.55963 -622.25432 -615.79394 -609.18009 -602.41442 -595.49861 -588.43439 -581.22353 -573.86781 -566.36907 -558.72918 -550.95004 -543.03359 -534.98181 -526.79670 -518.48030 -510.03468 -501.46196 -492.76426 -483.94375 -475.00263 -465.94313 -456.76751 -447.47805 -438.07707 -428.56692 -418.94995 -409.22858 -399.40522 -389.48231 -379.46234 -369.34780 -359.14121 -348.84512 -338.46208 -327.99469 -317.44556 -306.81732 -296.11261 -285.33410 -274.48449 -263.56646 -252.58275 -241.53609 -230.42923 -219.26495 -208.04602 -196.77524 -185.45542 -174.08938 -162.67996 -151.22999 -139.74233 -128.21984 -116.66540 -105.08189 -93.47218 -81.83918 -70.18579 -58.51490 -46.82943 -35.13229 -23.42639 -11.71466 0.00000 0.00000
-12.17770 -24.35237 -36.52097 -48.68047 -60.82783 -72.96004 -85.07406 -97.16688 -109.23549 -121.27687 -133.28802 -145.26596 -157.20769 -169.11025 -180.97066 -192.78596 -204.55323 -216.26951 -227.93189 -239.53747 -251.08335 -262.56665 -273.98452 -285.33410 -296.61258 -307.81713 -318.94497 -329.99332 -340.95942 -351.84056 -362.63401 -373.33708 -383.94711 -394.46145 -404.87748 -415.19261 -425.40426 -435.50990 -445.50699 -455.39306 -465.16563 -474.82228 -484.36058 -493.77818 -503.07271 -512.24187 -521.28337 -530.19495 -538.97440 -547.61953 -556.12817 -564.49822 -572.72758 -580.81421 -588.75608 -596.55123 -604.19770 -611.69359 -619.03704 -626.22621 -633.25931 -640.13458 -646.85033 -653.40486 -659.79656 -666.02381 -672.08508 -677.97886 -683.70366 -689.25808 -694.64071 -699.85023 -704.88533 -709.74476 -714.42730 -718.93179 -723.25711 -727.40218 -731.36597 -735.14748 -738.74578 -742.15997 -745.38920 -748.43266 -751.28960 -753.95930 -756.44109 -758.73437 -760.83855 -762.75312 -764.47759 -766.01153 -767.35458 -768.50638 -769.46665 -770.23516 -770.81170 -771.19615 -771.38839 -771.38839 -771.19615 -770.81170 -770.23516 -769.46665 -768.50638 -767.35458 -766.01153 -764.47759 -762.75312 -760.83855 -758.73437 -756.44109 -753.95930 -751.28960 -748.43266 -745.38920 -742.15997 -738.74578 -735.14748 -731.36597 -727.40218 -723.25711 -718.93179 -714.42730 -709.74476 -704.88533 -699.85023 -694.64071 -689.25808 -683.70366 -677.97886 -672.08508 -666.02381 -659.79656 -653.40486 -646.85033 -640.13458 -633.25931 -626.22621 -619.03704 -611.69359 -604.19770 -596.55123 -588.75608 -580.81421 -572.72758 -564.49822 -556.12817 -547.61953 -538.97440 -530.19495 -521.28337 -512.24187 -503.07271 -493.77818 -484.36058 -474.82228 -465.16563 -455.39306 -445.50699 -435.50990 -425.40426 -415.19261 -404.87748 -394.46145 -383.94711 -373.33708 -362.63401 -351.84056 -340.95942 -329.99332 -318.94497 -307.81713 -296.61258 -285.33410 -273.98452 -262.56665 -251.08335 -239.53747 -227.93189 -216.26951 -204.55323 -192.78596 -180.97066 -169.11025 -157.20769 -145.26596 -133.28802 -121.27687 -109.23549 -97.16688 -85.07406 -72.96004 -60.82783 -48.68047 -36.52097 -24.35237 -12.17770 0.00000 0.00000
-12.63772 -25.27228 -37.90055 -50.51937 -63.12561 -75.71611 -88.28774 -100.83736 -113.36186 -125.85810 -138.32298 -150.75339 -163.14622 -175.49839 -187.80683 -200.06846 -212.28023 -224.43910 -236.54203 -248.58600 -260.56803 -272.48512 -284.33430 -296.11261 -307.81713 -319.44493 -330.99313 -342.45883 -353.83918 -365.13135 -376.33252 -387.43990 -398.45072 -409.36224 -420.17174 -430.87652 -441.47392 -451.96130 -462.33604 -472.59555 -482.73728 -492.75871 -502.65732 -512.43067 -522.07631 -531.59183 -540.97487 -550.22309 -559.33418 -568.30587 -577.13593 -585.82216 -594.36239 -602.75448 -610.99636 -619.08597 -627.02129 -634.80034 -642.42118 -649.88192 -657.18070 -664.31569 -671.28512 -678.08726 -684.72040 -691.18289 -697.47312 -703.58954 -709.53060 -715.29483 -720.88079 -726.28710 -731.51240 -736.55539 -741.41482 -746.08947 -750.57818 -754.87983 -758.99335 -762.91771 -766.65194 -770.19510 -773.54631 -776.70473 -779.66959 -782.44014 -785.01568 -787.39559 -789.57926 -791.56614 -793.35576 -794.94765 -796.34142 -797.53673 -798.53328 -799.33082 -799.92914 -800.32811 -800.52762 -800.52762 -800.32811 -799.92914 -799.33082 -798.53328 -797.53673 -796.34142 -794.94765 -793.35576 -791.56614 -789.57926 -787.39559 -785.01568 -782.44014 -779.66959 -776.70473 -773.54631 -770.19510 -766.65194 -762.91771 -758.99335 -754.87983 -750.57818 -746.08947 -741.41482 -736.55539 -731.51240 -726.28710 -720.88079 -715.29483 -709.53060 -703.58954 -697.47312 -691.18289 -684.72040 -678.08726 -671.28512 -664.31569 -657.18070 -649.88192 -642.42118 -634.80034 -627.02129 -619.08597 -610.99636 -602.75448 -594.36239 -585.82216 -577.13593 -568.30587 -559.33418 -550.22309 -540.97487 -531.59183 -522.07631 -512.43067 -502.65732 -492.75871 -482.73728 -472.59555 -462.33604 -451.96130 -441.47392 -430.87652 -420.17174 -409.36224 -398.45072 -387.43990 -376.33252 -365.13135 -353.83918 -342.45883 -330.99313 -319.44493 -307.81713 -296.11261 -284.33430 -272.48512 -260.56803 -248.58600 -236.54203 -224.43910 -212.28023 -200.06846 -187.80683 -175.49839 -163.14622 -150.75339 -138.32298 -125.85810 -113.36186 -100.83736 -88.28774 -75.71611 -63.12561 -50.51937 -37.90055 -25.27228 -12.63772 0.00000 0.00000
-13.09458 -26.18590 -39.27069 -52.34569 -65.40765 -78.45331 -91.47941 -104.48272 -117.45998 -130.40798 -143.32347 -156.20324 -169.04409 -181.84280 -194.59620 -207.30110 -219.95433 -232.55275 -245.09321 -257.57259 -269.98777 -282.33567 -294.61321 -306.81732 -318.94497 -330.99313 -342.95879 -354.83899 -366.63075 -378.33114 -389.93724 -401.44616 -412.85504 -424.16102 -435.36129 -446.45306 -457.43356 -468.30006 -479.04986 -489.68026 -500.18862 -510.57233 -520.82879 -530.95545 -540.94978 -550.80930 -560.53155 -570.11410 -579.55456 -588.85059 -597.99986 -607.00010 -615.84907 -624.54454 -633.08438 -641.46643 -649.68861 -657.74888 -665.64523 -673.37568 -680.93831 -688.33124 -695.55262 -702.60066 -709.47359 -716.16971 -722.68734 -729.02486 -735.18070 -741.15331 -746.94121 -752.54296 -757.95716 -763.18246 -768.21756 -773.06121 -777.71219 -782.16934 -786.43157 -790.49780 -794.36702 -798.03827 -801.51063 -804.78324 -807.85527 -810.72598 -813.39463 -815.86057 -818.12318 -820.18190 -822.03621 -823.68565 -825.12981 -826.36833 -827.40090 -828.22727 -828.84723 -829.26062 -829.46734 -829.46734 -829.26062 -828.84723 -828.22727 -827.40090 -826.36833 -825.12981 -823.68565 -822.03621 -820.18190 -818.12318 -815.86057 -813.39463 -810.72598 -807.85527 -804.78324 -801.51063 -798.03827 -794.36702 -790.49780 -786.43157 -782.16934 -777.71219 -773.06121 -768.21756 -763.18246 -757.95716 -752.54296 -746.94121 -741.15331 -735.18070 -729.02486 -722.68734 -716.16971 -709.47359 -702.60066 -695.55262 -688.33124 -680.93831 -673.37568 -665.64523 -657.74888 -649.68861 -641.46643 -633.08438 -624.54454 -615.84907 -607.00010 -597.99986 -588.85059 -579.55456 -570.11410 -560.53155 -550.80930 -540.94978 -530.95545 -520.82879 -510.57233 -500.18862 -489.68026 -479.04986 -468.30006 -457.43356 -446.45306 -435.36129 -424.16102 -412.85504 -401.44616 -389.93724 -378.33114 -366.63075 -354.83899 -342.95879 -330.99313 -318.94497 -306.81732 -294.61321 -282.33567 -269.98777 -257.57259 -245.09321 -232.55275 -219.95433 -207.30110 -194.59620 -181.84280 -169.04409 -156.20324 -143.32347 -130.40798 -117.45998 -104.48272 -91.47941 -78.45331 -65.40765 -52.34569 -39.27069 -26.18590 -13.09458 0.00000 0.00000
-13.54818 -27.09298 -40.63104 -54.15896 -67.67339 -81.17095 -94.64828 -108.10203 -121.52883 -134.92535 -148.28824 -161.61417 -174.89983 -188.14189 -201.33707 -214.48207 -227.57362 -240.60845 -253.58331 -266.49498 -279.34023 -292.11587 -304.81870 -317.44556 -329.99332 -342.45883 -354.83899 -367.13072 -379.33095 -391.43665 -403.44479 -415.35238 -427.15646 -438.85408 -450.44233 -461.91833 -473.27920 -484.52212 -495.64429 -506.64293 -517.51531 -528.25871 -538.87046 -549.34791 -559.68845 -569.88950 -579.94853 -589.86302 -599.63051 -609.24855 -618.71476 -628.02677 -637.18226 -646.17896 -655.01461 -663.68702 -672.19402 -680.53350 -688.70338 -696.70161 -704.52622 -712.17524 -719.64677 -726.93895 -734.04997 -740.97804 -747.72145 -754.27850 -760.64758 -766.82709 -772.81548 -778.61128 -784.21303 -789.61933 -794.82885 -799.84028 -804.65237 -809.26392 -813.67379 -817.88088 -821.88413 -825.68255 -829.27520 -832.66117 -835.83962 -838.80977 -841.57087 -844.12223 -846.46321 -848.59324 -850.51179 -852.21836 -853.71255 -854.99398 -856.06232 -856.91731 -857.55874 -857.98645 -858.20033 -858.20033 -857.98645 -857.55874 -856.91731 -856.06232 -854.99398 -853.71255 -852.21836 -850.51179 -848.59324 -846.46321 -844.12223 -841.57087 -838.80977 -835.83962 -832.66117 -829.27520 -825.68255 -821.88413 -817.88088 -813.67379 -809.26392 -804.65237 -799.84028 -794.82885 -789.61933 -784.21303 -778.61128 -772.81548 -766.82709 -760.64758 -754.27850 -747.72145 -740.97804 -734.04997 -726.93895 -719.64677 -712.17524 -704.52622 -696.70161 -688.70338 -680.53350 -672.19402 -663.68702 -655.01461 -646.17896 -637.18226 -628.02677 -618.71476 -609.24855 -599.63051 -589.86302 -579.94853 -569.88950 -559.68845 -549.34791 -538.87046 -528.25871 -517.51531 -506.64293 -495.64429 -484.52212 -473.27920 -461.91833 -450.44233 -438.85408 -427.15646 -415.35238 -403.44479 -391.43665 -379.33095 -367.13072 -354.83899 -342.45883 -329.99332 -317.44556 -304.81870 -292.11587 -279.34023 -266.49498 -253.58331 -240.60845 -227.57362 -214.48207 -201.33707 -188.14189 -174.89983 -161.61417 -148.28824 -134.92535 -121.52883 -108.10203 -94.64828 -81.17095 -67.67339 -54.15896 -40.63104 -27.09298 -13.54818 0.00000 0.00000
-13.99840 -27.99332 -41.98126 -55.95873 -69.92226 -83.86837 -97.79357 -111.69440 -125.56739 -139.40909 -153.21605 -166.98482 -180.71197 -194.39409 -208.02776 -221.60959 -235.13618 -248.60418 -262.01022 -275.35096 -288.62307 -301.82326 -314.94822 -327.99469 -340.95942 -353.83918 -366.63075 -379.33095 -391.93661 -404.44460 -416.85178 -429.15508 -441.35143 -453.43778 -465.41112 -477.26847 -489.00688 -500.62342 -512.11519 -523.47933 -534.71301 -545.81343 -556.77782 -567.60345 -578.28762 -588.82767 -599.22097 -609.46494 -619.55701 -629.49467 -639.27546 -648.89692 -658.35666 -667.65232 -676.78160 -685.74220 -694.53190 -703.14852 -711.58989 -719.85392 -727.93854 -735.84175 -743.56157 -751.09608 -758.44341 -765.60171 -772.56920 -779.34416 -785.92489 -792.30975 -798.49715 -804.48554 -810.27345 -815.85941 -821.24205 -826.42001 -831.39202 -836.15682 -840.71323 -845.06013 -849.19641 -853.12106 -856.83309 -860.33158 -863.61566 -866.68451 -869.53736 -872.17351 -874.59229 -876.79310 -878.77540 -880.53869 -882.08253 -883.40654 -884.51038 -885.39379 -886.05654 -886.49846 -886.71945 -886.71945 -886.49846 -886.05654 -885.39379 -884.51038 -883.40654 -882.08253 -880.53869 -878.77540 -876.79310 -874.59229 -872.17351 -869.53736 -866.68451 -863.61566 -860.33158 -856.83309 -853.12106 -849.19641 -845.06013 -840.71323 -836.15682 -831.39202 -826.42001 -821.24205 -815.85941 -810.27345 -804.48554 -798.49715 -792.30975 -785.92489 -779.34416 -772.56920 -765.60171 -758.44341 -751.09608 -743.56157 -735.84175 -727.93854 -719.85392 -711.58989 -703.14852 -694.53190 -685.74220 -676.78160 -667.65232 -658.35666 -648.89692 -639.27546 -629.49467 -619.55701 -609.46494 -599.22097 -588.82767 -578.28762 -567.60345 -556.77782 -545.81343 -534.71301 -523.47933 -512.11519 -500.62342 -489.00688 -477.26847 -465.41112 -453.43778 -441.35143 -429.15508 -416.85178 -404.44460 -391.93661 -379.33095 -366.63075 -353.83918 -340.95942 -327.99469 -314.94822 -301.82326 -288.62307 -275.35096 -262.01022 -248.60418 -235.13618 -221.60959 -208.02776 -194.39409 -180.71197 -166.98482 -153.21605 -139.40909 -125.56739 -111.69440 -97.79357 -83.86837 -69.92226 -55.95873 -41.98126 -27.99332 -13.99840 0.00000 0.00000
-14.44514 -28.88668 -43.32102 -57.74456 -72.15371 -86.54488 -100.91448 -115.25893 -129.57466 -143.85809 -158.10568 -172.31385 -186.47909 -200.59785 -214.66661 -228.68188 -242.64015 -256.53795 -270.37182 -284.13831 -297.83398 -311.45543 -324.99925 -338.46208 -351.84056 -365.13135 -378.33114 -391.43665 -404.44460 -417.35175 -430.15489 -442.85083 -455.43640 -467.90846 -480.26392 -492.49968 -504.61270 -516.59996 -528.45847 -540.18528 -551.77746 -563.23213 -574.54643 -585.71754 -596.74268 -607.61910 -618.34408 -628.91496 -639.32911 -649.58391 -659.67683 -669.60535 -679.36698 -688.95930 -698.37992 -707.62648 -716.69670 -725.58829 -734.29906 -742.82682 -751.16945 -759.32488 -767.29106 -775.06602 -782.64782 -790.03457 -797.22442 -804.21559 -811.00633 -817.59495 -823.97981 -830.15932 -836.13193 -841.89616 -847.45058 -852.79379 -857.92446 -862.84133 -867.54315 -872.02877 -876.29706 -880.34695 -884.17745 -887.78759 -891.17647 -894.34326 -897.28715 -900.00743 -902.50340 -904.77445 -906.82001 -908.63957 -910.23268 -911.59894 -912.73801 -913.64961 -914.33351 -914.78953 -915.01758 -915.01758 -914.78953 -914.33351 -913.64961 -912.73801 -911.59894 -910.23268 -908.63957 -906.82001 -904.77445 -902.50340 -900.00743 -897.28715 -894.34326 -891.17647 -887.78759 -884.17745 -880.34695 -876.29706 -872.02877 -867.54315 -862.84133 -857.92446 -852.79379 -847.45058 -841.89616 -836.13193 -830.15932 -823.97981 -817.59495 -811.00633 -804.21559 -797.22442 -790.03457 -782.64782 -775.06602 -767.29106 -759.32488 -751.16945 -742.82682 -734.29906 -725.58829 -716.69670 -707.62648 -698.37992 -688.95930 -679.36698 -669.60535 -659.67683 -649.58391 -639.32911 -628.91496 -618.34408 -607.61910 -596.74268 -585.71754 -574.54643 -563.23213 -551.77746 -540.18528 -528.45847 -516.59996 -504.61270 -492.49968 -480.26392 -467.90846 -455.43640 -442.85083 -430.15489 -417.35175 -404.44460 -391.43665 -378.33114 -365.13135 -351.84056 -338.46208 -324.99925 -311.45543 -297.83398 -284.13831 -270.37182 -256.53795 -242.64015 -228.68188 -214.66661 -200.59785 -186.47909 -172.31385 -158.10568 -143.85809 -129.57466 -115.25893 -100.91448 -86.54488 -72.15371 -57.74456 -43.32102 -28.88668 -14.44514 0.00000 0.00000
-14.88827 -29.77284 -44.64998 -59.51600 -74.36718 -89.19983 -104.01025 -118.79474 -133.54964 -148.27124 -162.95590 -177.59994 -192.19972 -206.75161 -221.25196 -235.69717 -250.08365 -264.40779 -278.66605 -292.85485 -306.97066 -321.00998 -334.96929 -348.84512 -362.63401 -376.33252 -389.93724 -403.44479 -416.85178 -430.15489 -443.35079 -456.43621 -469.40786 -482.26254 -494.99702 -507.60814 -520.09275 -532.44774 -544.67004 -556.75659 -568.70439 -580.51046 -592.17185 -603.68566 -615.04901 -626.25909 -637.31308 -648.20825 -658.94187 -669.51126 -679.91380 -690.14690 -700.20799 -710.09457 -719.80419 -729.33441 -738.68287 -747.84724 -756.82522 -765.61459 -774.21315 -782.61876 -790.82933 -798.84280 -806.65719 -814.27054 -821.68096 -828.88659 -835.88565 -842.67639 -849.25712 -855.62620 -861.78203 -867.72309 -873.44790 -878.95503 -884.24310 -889.31080 -894.15686 -898.78008 -903.17931 -907.35344 -911.30145 -915.02234 -918.51518 -921.77911 -924.81332 -927.61704 -930.18958 -932.53030 -934.63862 -936.51400 -938.15598 -939.56415 -940.73817 -941.67773 -942.38261 -942.85262 -943.08766 -943.08766 -942.85262 -942.38261 -941.67773 -940.73817 -939.56415 -938.15598 -936.51400 -934.63862 -932.53030 -930.18958 -927.61704 -924.81332 -921.77911 -918.51518 -915.02234 -911.30145 -907.35344 -903.17931 -898.78008 -894.15686 -889.31080 -884.24310 -878.95503 -873.44790 -867.72309 -861.78203 -855.62620 -849.25712 -842.67639 -835.88565 -828.88659 -821.68096 -814.27054 -806.65719 -798.84280 -790.82933 -782.61876 -774.21315 -765.61459 -756.82522 -747.84724 -738.68287 -729.33441 -719.80419 -710.09457 -700.20799 -690.14690 -679.91380 -669.51126 -658.94187 -648.20825 -637.31308 -626.25909 -615.04901 -603.68566 -592.17185 -580.51046 -568.70439 -556.75659 -544.67004 -532.44774 -520.09275 -507.60814 -494.99702 -482.26254 -469.40786 -456.43621 -443.35079 -430.15489 -416.85178 -403.44479 -389.93724 -376.33252 -362.63401 -348.84512 -334.96929 -321.00998 -306.97066 -292.85485 -278.66605 -264.40779 -250.08365 -235.69717 -221.25196 -206.75161 -192.19972 -177.59994 -162.95590 -148.27124 -133.54964 -118.79474 -104.01025 -89.19983 -74.36718 -59.51600 -44.64998 -29.77284 -14.88827 0.00000 0.00000
-15.32770 -30.65158 -45.96782 -61.27260 -76.56211 -91.83254 -107.08009 -122.30095 -137.49133 -152.64744 -167.76551 -182.84177 -197.87246 -212.85384 -227.78217 -242.65373 -257.46482 -272.21174 -286.89082 -301.49840 -316.03084 -330.48452 -344.85584 -359.14121 -373.33708 -387.43990 -401.44616 -415.35238 -429.15508 -442.85083 -456.43621 -469.90783 -483.26235 -496.49642 -509.60676 -522.59009 -535.44319 -548.16284 -560.74587 -573.18916 -585.48959 -597.64411 -609.64968 -621.50332 -633.20207 -644.74300 -656.12326 -667.33999 -678.39041 -689.27176 -699.98133 -710.51645 -720.87449 -731.05288 -741.04907 -750.86058 -760.48495 -769.91980 -779.16277 -788.21155 -797.06390 -805.71760 -814.17050 -822.42049 -830.46552 -838.30357 -845.93271 -853.35102 -860.55665 -867.54782 -874.32278 -880.87984 -887.21736 -893.33377 -899.22754 -904.89721 -910.34136 -915.55863 -920.54772 -925.30740 -929.83647 -934.13380 -938.19833 -942.02904 -945.62498 -948.98524 -952.10900 -954.99548 -957.64395 -960.05375 -962.22429 -964.15502 -965.84547 -967.29521 -968.50387 -969.47116 -970.19685 -970.68073 -970.92271 -970.92271 -970.68073 -970.19685 -969.47116 -968.50387 -967.29521 -965.84547 -964.15502 -962.22429 -960.05375 -957.64395 -954.99548 -952.10900 -948.98524 -945.62498 -942.02904 -938.19833 -934.13380 -929.83647 -925.30740 -920.54772 -915.55863 -910.34136 -904.89721 -899.22754 -893.33377 -887.21736 -880.87984 -874.32278 -867.54782 -860.55665 -853.35102 -845.93271 -838.30357 -830.46552 -822.42049 -814.17050 -805.71760 -797.06390 -788.21155 -779.16277 -769.91980 -760.48495 -750.86058 -741.04907 -731.05288 -720.87449 -710.51645 -699.98133 -689.27176 -678.39041 -667.33999 -656.12326 -644.74300 -633.20207 -621.50332 -609.64968 -597.64411 -585.48959 -573.18916 -560.74587 -548.16284 -535.44319 -522.59009 -509.60676 -496.49642 -483.26235 -469.90783 -456.43621 -442.85083 -429.15508 -415.35238 -401.44616 -387.43990 -373.33708 -359.14121 -344.85584 -330.48452 -316.03084 -301.49840 -286.89082 -272.21174 -257.46482 -242.65373 -227.78217 -212.85384 -197.87246 -182.84177 -167.76551 -152.64744 -137.49133 -122.30095 -107.08009 -91.83254 -76.56211 -61.27260 -45.96782 -30.65158 -15.32770 0.00000 0.00000
-15.76330 -31.52268 -47.27420 -63.01393 -78.73796 -94.44237 -110.12324 -125.77667 -141.39875 -156.98559 -172.53331 -188.03803 -203.49588 -218.90302 -234.25561 -249.54981 -264.78182 -279.94784 -295.04409 -310.06682 -325.01226 -339.87671 -354.65645 -369.34780 -383.94711 -398.45072 -412.85504 -427.15646 -441.35143 -455.43640 -469.40786 -483.26235 -496.99639 -510.60657 -524.08950 -537.44181 -550.66018 -563.74131 -576.68195 -589.47887 -602.12887 -614.62882 -626.97558 -639.16609 -651.19731 -663.06623 -674.76991 -686.30541 -697.66988 -708.86047 -719.87440 -730.70892 -741.36133 -751.82898 -762.10926 -772.19961 -782.09750 -791.80049 -801.30613 -810.61208 -819.71600 -828.61564 -837.30876 -845.79322 -854.06688 -862.12769 -869.97364 -877.60277 -885.01319 -892.20304 -899.17054 -905.91394 -912.43158 -918.72181 -924.78308 -930.61388 -936.21274 -941.57829 -946.70917 -951.60411 -956.26189 -960.68136 -964.86140 -968.80097 -972.49910 -975.95487 -979.16740 -982.13591 -984.85965 -987.33794 -989.57016 -991.55576 -993.29425 -994.78519 -996.02820 -997.02299 -997.76929 -998.26693 -998.51578 -998.51578 -998.26693 -997.76929 -997.02299 -996.02820 -994.78519 -993.29425 -991.55576 -989.57016 -987.33794 -984.85965 -982.13591 -979.16740 -975.95487 -972.49910 -968.80097 -964.86140 -960.68136 -956.26189 -951.60411 -946.70917 -941.57829 -936.21274 -930.61388 -924.78308 -918.72181 -912.43158 -905.91394 -899.17054 -892.20304 -885.01319 -877.60277 -869.97364 -862.12769 -854.06688 -845.79322 -837.30876 -828.61564 -819.71600 -810.61208 -801.30613 -791.80049 -782.09750 -772.19961 -762.10926 -751.82898 -741.36133 -730.70892 -719.87440 -708.86047 -697.66988 -686.30541 -674.76991 -663.06623 -651.19731 -639.16609 -626.97558 -614.62882 -602.12887 -589.47887 -576.68195 -563.74131 -550.66018 -537.44181 -524.08950 -510.60657 -496.99639 -483.26235 -469.40786 -455.43640 -441.35143 -427.15646 -412.85504 -398.45072 -383.94711 -369.34780 -354.65645 -339.87671 -325.01226 -310.06682 -295.04409 -279.94784 -264.78182 -249.54981 -234.25561 -218.90302 -203.49588 -188.03803 -172.53331 -156.98559 -141.39875 -125.77667 -110.12324 -94.44237 -78.73796 -63.01393 -47.27420 -31.52268 -15.76330 0.00000 0.00000
-16.19498 -32.38592 -48.56879 -64.73956 -80.89419 -97.02866 -113.13896 -129.22105 -145.27094 -161.28462 -177.25811 -193.18743 -209.06859 -224.89765 -240.67067 -256.38370 -272.03284 -287.61418 -303.12384 -318.55795 -333.91268 -349.18419 -364.36867 -379.46234 -394.46145 -409.36224 -424.16102 -438.85408 -453.43778 -467.90846 -482.26254 -496.49642 -510.60657 -524.58946 -538.44162 -552.15958 -565.73993 -579.17929 -592.47431 -605.62167 -618.61809 -631.46035 -644.14523 -656.66957 -669.03026 -681.22421 -693.24839 -705.09980 -716.77548 -728.27252 -739.58807 -750.71929 -761.66342 -772.41772 -782.97952 -793.34619 -803.51514 -813.48384 -823.24980 -832.81058 -842.16382 -851.30717 -860.23835 -868.95515 -877.45538 -885.73694 -893.79775 -901.63581 -909.24916 -916.63590 -923.79420 -930.72228 -937.41839 -943.88089 -950.10814 -956.09862 -961.85081 -967.36328 -972.63467 -977.66366 -982.44900 -986.98949 -991.28400 -995.33146 -999.13086 -1002.68126 -1005.98177 -1009.03157 -1011.82990 -1014.37606 -1016.66941 -1018.70939 -1020.49548 -1022.02725 -1023.30430 -1024.32633 -1025.09307 -1025.60434 -1025.86001 -1025.86001 -1025.60434 -1025.09307 -1024.32633 -1023.30430 -1022.02725 -1020.49548 -1018.70939 -1016.66941 -1014.37606 -1011.82990 -1009.03157 -1005.98177 -1002.68126 -999.13086 -995.33146 -991.28400 -986.98949 -982.44900 -977.66366 -972.63467 -967.36328 -961.85081 -956.09862 -950.10814 -943.88089 -937.41839 -930.72228 -923.79420 -916.63590 -909.24916 -901.63581 -893.79775 -885.73694 -877.45538 -868.95515 -860.23835 -851.30717 -842.16382 -832.81058 -823.24980 -813.48384 -803.51514 -793.34619 -782.97952 -772.41772 -761.66342 -750.71929 -739.58807 -728.27252 -716.77548 -705.09980 -693.24839 -681.22421 -669.03026 -656.66957 -644.14523 -631.46035 -618.61809 -605.62167 -592.47431 -579.17929 -565.73993 -552.15958 -538.44162 -524.58946 -510.60657 -496.49642 -482.26254 -467.90846 -453.43778 -438.85408 -424.16102 -409.36224 -394.46145 -379.46234 -364.36867 -349.18419 -333.91268 -318.55795 -303.12384 -287.61418 -272.03284 -256.38370 -240.67067 -224.89765 -209.06859 -193.18743 -177.25811 -161.28462 -145.27094 -129.22105 -113.13896 -97.02866 -80.89419 -64.73956 -48.56879 -32.38592 -16.19498 0.00000 0.00000
-16.62262 -33.24109 -49.85129 -66.44905 -83.03026 -99.59078 -116.12647 -132.63322 -149.10692 -165.54346 -181.93874 -198.28868 -214.58920 -230.83624 -247.02575 -263.15369 -279.21606 -295.20883 -311.12804 -326.96970 -342.72988 -358.40464 -373.99008 -389.48231 -404.87748 -420.17174 -435.36129 -450.44233 -465.41112 -480.26392 -494.99702 -509.60676 -524.08950 -538.44162 -552.65955 -566.73974 -580.67870 -594.47293 -608.11901 -621.61354 -634.95314 -648.13450 -661.15434 -674.00940 -686.69648 -699.21242 -711.55410 -723.71845 -735.70244 -747.50307 -759.11741 -770.54256 -781.77568 -792.81396 -803.65465 -814.29506 -824.73252 -834.96445 -844.98829 -854.80154 -864.40175 -873.78653 -882.95355 -891.90052 -900.62521 -909.12545 -917.39911 -925.44414 -933.25852 -940.84032 -948.18764 -955.29865 -962.17159 -968.80473 -975.19642 -981.34507 -987.24916 -992.90719 -998.31778 -1003.47956 -1008.39126 -1013.05164 -1017.45955 -1021.61389 -1025.51362 -1029.15777 -1032.54543 -1035.67576 -1038.54798 -1041.16137 -1043.51528 -1045.60913 -1047.44238 -1049.01460 -1050.32537 -1051.37439 -1052.16138 -1052.68615 -1052.94856 -1052.94856 -1052.68615 -1052.16138 -1051.37439 -1050.32537 -1049.01460 -1047.44238 -1045.60913 -1043.51528 -1041.16137 -1038.54798 -1035.67576 -1032.54543 -1029.15777 -1025.51362 -1021.61389 -1017.45955 -1013.05164 -1008.39126 -1003.47956 -998.31778 -992.90719 -987.24916 -981.34507 -975.19642 -968.80473 -962.17159 -955.29865 -948.18764 -940.84032 -933.25852 -925.44414 -917.39911 -909.12545 -900.62521 -891.90052 -882.95355 -873.78653 -864.40175 -854.80154 -844.98829 -834.96445 -824.73252 -814.29506 -803.65465 -792.81396 -781.77568 -770.54256 -759.11741 -747.50307 -735.70244 -723.71845 -711.55410 -699.21242 -686.69648 -674.00940 -661.15434 -648.13450 -634.95314 -621.61354 -608.11901 -594.47293 -580.67870 -566.73974 -552.65955 -538.44162 -524.08950 -509.60676 -494.99702 -480.26392 -465.41112 -450.44233 -435.36129 -420.17174 -404.87748 -389.48231 -373.99008 -358.40464 -342.72988 -326.96970 -311.12804 -295.20883 -279.21606 -263.15369 -247.02575 -230.83624 -214.58920 -198.28868 -181.93874 -165.54346 -149.10692 -132.63322 -116.12647 -99.59078 -83.03026 -66.44905 -49.85129 -33.24109 -16.62262 0.00000 0.00000
-17.04612 -34.08798 -51.12136 -68.14199 -85.14564 -102.12807 -119.08504 -136.01234 -152.90574 -169.76103 -186.57402 -203.34051 -220.05632 -236.71729 -253.31926 -269.85810 -286.32969 -302.72992 -319.05470 -335.29996 -351.46166 -367.53577 -383.51828 -399.40522 -415.19261 -430.87652 -446.45306 -461.91833 -477.26847 -492.49968 -507.60814 -522.59009 -537.44181 -552.15958 -566.73974 -581.17866 -595.47274 -609.61841 -623.61216 -637.45048 -651.12994 -664.64713 -677.99867 -691.18124 -704.19155 -717.02637 -729.68248 -742.15675 -754.44605 -766.54733 -778.45757 -790.17380 -801.69310 -813.01260 -824.12949 -835.04098 -845.74437 -856.23698 -866.51619 -876.57945 -886.42425 -896.04813 -905.44870 -914.62362 -923.57059 -932.28738 -940.77183 -949.02182 -957.03530 -964.81026 -972.34477 -979.63695 -986.68499 -993.48712 -1000.04166 -1006.34696 -1012.40146 -1018.20365 -1023.75208 -1029.04537 -1034.08220 -1038.86132 -1043.38153 -1047.64171 -1051.64079 -1055.37779 -1058.85176 -1062.06184 -1065.00723 -1067.68721 -1070.10109 -1072.24828 -1074.12824 -1075.74051 -1077.08468 -1078.16042 -1078.96746 -1079.50560 -1079.77470 -1079.77470 -1079.50560 -1078.96746 -1078.16042 -1077.08468 -1075.74051 -1074.12824 -1072.24828 -1070.10109 -1067.68721 -1065.00723 -1062.06184 -1058.85176 -1055.37779 -1051.64079 -1047.64171 -1043.38153 -1038.86132 -1034.08220 -1029.04537 -1023.75208 -1018.20365 -1012.40146 -1006.34696 -1000.04166 -993.48712 -986.68499 -979.63695 -972.34477 -964.81026 -957.03530 -949.02182 -940.77183 -932.28738 -923.57059 -914.62362 -905.44870 -896.04813 -886.42425 -876.57945 -866.51619 -856.23698 -845.74437 -835.04098 -824.12949 -813.01260 -801.69310 -790.17380 -778.45757 -766.54733 -754.44605 -742.15675 -729.68248 -717.02637 -704.19155 -691.18124 -677.99867 -664.64713 -651.12994 -637.45048 -623.61216 -609.61841 -595.47274 -581.17866 -566.73974 -552.15958 -537.44181 -522.59009 -507.60814 -492.49968 -477.26847 -461.91833 -446.45306 -430.87652 -415.19261 -399.40522 -383.51828 -367.53577 -351.46166 -335.29996 -319.05470 -302.72992 -286.32969 -269.85810 -253.31926 -236.71729 -220.05632 -203.34051 -186.57402 -169.76103 -152.90574 -136.01234 -119.08504 -102.12807 -85.14564 -68.14199 -51.12136 -34.08798 -17.04612 0.00000 0.00000
-17.46536 -34.92638 -52.37868 -69.81794 -87.23979 -104.63990 -122.01394 -139.35756 -156.66645 -173.93630 -191.16281 -208.34166 -225.46860 -242.53934 -259.54964 -276.49526 -293.37196 -310.17555 -326.90184 -343.54666 -360.10586 -376.57531 -392.95091 -409.22858 -425.40426 -441.47392 -457.43356 -473.27920 -489.00688 -504.61270 -520.09275 -535.44319 -550.66018 -565.73993 -580.67870 -595.47274 -610.11838 -624.61197 -638.94989 -653.12857 -667.14447 -680.99411 -694.67403 -708.18083 -721.51113 -734.66162 -747.62901 -760.41008 -773.00163 -785.40054 -797.60371 -809.60811 -821.41073 -833.00863 -844.39894 -855.57880 -866.54543 -877.29611 -887.82814 -898.13891 -908.22584 -918.08642 -927.71820 -937.11877 -946.28579 -955.21697 -963.91010 -972.36300 -980.57356 -988.53975 -996.25957 -1003.73110 -1010.95249 -1017.92192 -1024.63766 -1031.09804 -1037.30145 -1043.24635 -1048.93124 -1054.35472 -1059.51544 -1064.41209 -1069.04348 -1073.40844 -1077.50588 -1081.33478 -1084.89419 -1088.18323 -1091.20107 -1093.94695 -1096.42020 -1098.62020 -1100.54641 -1102.19833 -1103.57556 -1104.67776 -1105.50464 -1106.05602 -1106.33174 -1106.33174 -1106.05602 -1105.50464 -1104.67776 -1103.57556 -1102.19833 -1100.54641 -1098.62020 -1096.42020 -1093.94695 -1091.20107 -1088.18323 -1084.89419 -1081.33478 -1077.50588 -1073.40844 -1069.04348 -1064.41209 -1059.51544 -1054.35472 -1048.93124 -1043.24635 -1037.30145 -1031.09804 -1024.63766 -1017.92192 -1010.95249 -1003.73110 -996.25957 -988.53975 -980.57356 -972.36300 -963.91010 -955.21697 -946.28579 -937.11877 -927.71820 -918.08642 -908.22584 -898.13891 -887.82814 -877.29611 -866.54543 -855.57880 -844.39894 -833.00863 -821.41073 -809.60811 -797.60371 -785.40054 -773.00163 -760.41008 -747.62901 -734.66162 -721.51113 -708.18083 -694.67403 -680.99411 -667.14447 -653.12857 -638.94989 -624.61197 -610.11838 -595.47274 -580.67870 -565.73993 -550.66018 -535.44319 -520.09275 -504.61270 -489.00688 -473.27920 -457.43356 -441.47392 -425.40426 -409.22858 -392.95091 -376.57531 -360.10586 -343.54666 -326.90184 -310.17555 -293.37196 -276.49526 -259.54964 -242.53934 -225.46860 -208.34166 -191.16281 -173.93630 -156.66645 -139.35756 -122.01394 -104.63990 -87.23979 -69.81794 -52.37868 -34.92638 -17.46536 0.00000 0.00000
-17.88026 -35.75607 -53.62296 -71.47649 -89.31220 -107.12566 -124.91242 -142.66805 -160.38812 -178.06822 -195.70395 -213.29090 -230.82469 -248.30096 -265.71534 -283.06350 -300.34112 -317.54389 -334.66751 -351.70773 -368.66030 -385.52099 -402.28560 -418.94995 -435.50990 -451.96130 -468.30006 -484.52212 -500.62342 -516.59996 -532.44774 -548.16284 -563.74131 -579.17929 -594.47293 -609.61841 -624.61197 -639.44985 -654.12838 -668.64387 -682.99273 -697.17138 -711.17627 -725.00393 -738.65089 -752.11377 -765.38921 -778.47390 -791.36457 -804.05802 -816.55108 -828.84064 -840.92364 -852.79706 -864.45794 -875.90339 -887.13054 -898.13660 -908.91882 -919.47453 -929.80108 -939.89590 -949.75648 -959.38037 -968.76515 -977.90850 -986.80814 -995.46184 -1003.86745 -1012.02287 -1019.92608 -1027.57510 -1034.96803 -1042.10303 -1048.97830 -1055.59216 -1061.94293 -1068.02905 -1073.84899 -1079.40131 -1084.68461 -1089.69759 -1094.43900 -1098.90765 -1103.10243 -1107.02229 -1110.66625 -1114.03342 -1117.12295 -1119.93406 -1122.46607 -1124.71833 -1126.69029 -1128.38145 -1129.79140 -1130.91978 -1131.76631 -1132.33078 -1132.61306 -1132.61306 -1132.33078 -1131.76631 -1130.91978 -1129.79140 -1128.38145 -1126.69029 -1124.71833 -1122.46607 -1119.93406 -1117.12295 -1114.03342 -1110.66625 -1107.02229 -1103.10243 -1098.90765 -1094.43900 -1089.69759 -1084.68461 -1079.40131 -1073.84899 -1068.02905 -1061.94293 -1055.59216 -1048.97830 -1042.10303 -1034.96803 -1027.57510 -1019.92608 -1012.02287 -1003.86745 -995.46184 -986.80814 -977.90850 -968.76515 -959.38037 -949.75648 -939.89590 -929.80108 -919.47453 -908.91882 -898.13660 -887.13054 -875.90339 -864.45794 -852.79706 -840.92364 -828.84064 -816.55108 -804.05802 -791.36457 -778.47390 -765.38921 -752.11377 -738.65089 -725.00393 -711.17627 -697.17138 -682.99273 -668.64387 -654.12838 -639.44985 -624.61197 -609.61841 -594.47293 -579.17929 -563.74131 -548.16284 -532.44774 -516.59996 -500.62342 -484.52212 -468.30006 -451.96130 -435.50990 -418.94995 -402.28560 -385.52099 -368.66030 -351.70773 -334.66751 -317.54389 -300.34112 -283.06350 -265.71534 -248.30096 -230.82469 -213.29090 -195.70395 -178.06822 -160.38812 -142.66805 -124.91242 -107.12566 -89.31220 -71.47649 -53.62296 -35.75607 -17.88026 0.00000 0.00000
-18.29070 -36.57684 -54.85387 -73.11723 -91.36236 -109.58472 -127.77978 -145.94299 -164.06982 -182.15577 -200.19632 -218.18697 -236.12325 -254.00068 -271.81481 -289.56120 -307.23543 -324.83308 -342.34978 -359.78116 -377.12287 -394.37060 -411.52004 -428.56692 -445.50699 -462.33604 -479.04986 -495.64429 -512.11519 -528.45847 -544.67004 -560.74587 -576.68195 -592.47431 -608.11901 -623.61216 -638.94989 -654.12838 -669.14384 -683.99254 -698.67078 -713.17489 -727.50127 -741.64633 -755.60657 -769.37849 -782.95866 -796.34371 -809.53028 -822.51511 -835.29495 -847.86662 -860.22698 -872.37295 -884.30151 -896.00968 -907.49455 -918.75325 -929.78298 -940.58099 -951.14459 -961.47114 -971.55807 -981.40287 -991.00308 -1000.35632 -1009.46024 -1018.31259 -1026.91115 -1035.25378 -1043.33841 -1051.16301 -1058.72564 -1066.02442 -1073.05752 -1079.82319 -1086.31975 -1092.54557 -1098.49911 -1104.17888 -1109.58347 -1114.71152 -1119.56176 -1124.13299 -1128.42406 -1132.43390 -1136.16151 -1139.60597 -1142.76642 -1145.64206 -1148.23219 -1150.53615 -1152.55338 -1154.28336 -1155.72568 -1156.87996 -1157.74592 -1158.32335 -1158.61210 -1158.61210 -1158.32335 -1157.74592 -1156.87996 -1155.72568 -1154.28336 -1152.55338 -1150.53615 -1148.23219 -1145.64206 -1142.76642 -1139.60597 -1136.16151 -1132.43390 -1128.42406 -1124.13299 -1119.56176 -1114.71152 -1109.58347 -1104.17888 -1098.49911 -1092.54557 -1086.31975 -1079.82319 -1073.05752 -1066.02442 -1058.72564 -1051.16301 -1043.33841 -1035.25378 -1026.91115 -1018.31259 -1009.46024 -1000.35632 -991.00308 -981.40287 -971.55807 -961.47114 -951.14459 -940.58099 -929.78298 -918.75325 -907.49455 -896.00968 -884.30151 -872.37295 -860.22698 -847.86662 -835.29495 -822.51511 -809.53028 -796.34371 -782.95866 -769.37849 -755.60657 -741.64633 -727.50127 -713.17489 -698.67078 -683.99254 -669.14384 -654.12838 -638.94989 -623.61216 -608.11901 -592.47431 -576.68195 -560.74587 -544.67004 -528.45847 -512.11519 -495.64429 -479.04986 -462.33604 -445.50699 -428.56692 -411.52004 -394.37060 -377.12287 -359.78116 -342.34978 -324.83308 -307.23543 -289.56120 -271.81481 -254.00068 -236.12325 -218.18697 -200.19632 -182.15577 -164.06982 -145.94299 -127.77978 -109.58472 -91.36236 -73.11723 -54.85387 -36.57684 -18.29070 0.00000 0.00000
-18.69658 -37.38851 -56.07111 -74.73974 -93.38974 -112.01647 -130.61529 -149.18155 -167.71063 -186.19791 -204.63879 -223.02867 -241.36297 -259.63711 -277.84655 -295.98674 -314.05316 -332.04132 -349.94673 -367.76492 -385.49145 -403.12192 -420.65191 -438.07707 -455.39306 -472.59555 -489.68026 -506.64293 -523.47933 -540.18528 -556.75659 -573.18916 -589.47887 -605.62167 -621.61354 -637.45048 -653.12857 -668.64387 -683.99254 -699.17075 -714.17470 -729.00067 -743.64496 -758.10391 -772.37393 -786.45145 -800.33298 -814.01505 -827.49425 -840.76721 -853.83064 -866.68128 -879.31593 -891.73143 -903.92469 -915.89267 -927.63240 -939.14094 -950.41542 -961.45305 -972.25105 -982.80676 -993.11752 -1003.18079 -1012.99403 -1022.55482 -1031.86077 -1040.90955 -1049.69892 -1058.22668 -1066.49071 -1074.48895 -1082.21940 -1089.68014 -1096.86931 -1103.78511 -1110.42583 -1116.78981 -1122.87546 -1128.68127 -1134.20579 -1139.44763 -1144.40551 -1149.07817 -1153.46446 -1157.56328 -1161.37362 -1164.89451 -1168.12509 -1171.06455 -1173.71215 -1176.06724 -1178.12923 -1179.89760 -1181.37192 -1182.55182 -1183.43700 -1184.02724 -1184.32240 -1184.32240 -1184.02724 -1183.43700 -1182.55182 -1181.37192 -1179.89760 -1178.12923 -1176.06724 -1173.71215 -1171.06455 -1168.12509 -1164.89451 -1161.37362 -1157.56328 -1153.46446 -1149.07817 -1144.40551 -1139.44763 -1134.20579 -1128.68127 -1122.87546 -1116.78981 -1110.42583 -1103.78511 -1096.86931 -1089.68014 -1082.21940 -1074.48895 -1066.49071 -1058.22668 -1049.69892 -1040.90955 -1031.86077 -1022.55482 -1012.99403 -1003.18079 -993.11752 -982.80676 -972.25105 -961.45305 -950.41542 -939.14094 -927.63240 -915.89267 -903.92469 -891.73143 -879.31593 -866.68128 -853.83064 -840.76721 -827.49425 -814.01505 -800.33298 -786.45145 -772.37393 -758.10391 -743.64496 -729.00067 -714.17470 -699.17075 -683.99254 -668.64387 -653.12857 -637.45048 -621.61354 -605.62167 -589.47887 -573.18916 -556.75659 -540.18528 -523.47933 -506.64293 -489.68026 -472.59555 -455.39306 -438.07707 -420.65191 -403.12192 -385.49145 -367.76492 -349.94673 -332.04132 -314.05316 -295.98674 -277.84655 -259.63711 -241.36297 -223.02867 -204.63879 -186.19791 -167.71063 -149.18155 -130.61529 -112.01647 -93.38974 -74.73974 -56.07111 -37.38851 -18.69658 0.00000 0.00000
-19.09780 -38.19085 -57.27438 -76.34363 -95.39386 -114.42031 -133.41824 -152.38293 -171.30964 -190.19365 -209.03027 -227.81479 -246.54253 -265.20883 -283.80904 -302.33851 -320.79263 -339.16681 -357.45646 -375.65702 -393.76396 -411.77277 -429.67895 -447.47805 -465.16563 -482.73728 -500.18862 -517.51531 -534.71301 -551.77746 -568.70439 -585.48959 -602.12887 -618.61809 -634.95314 -651.12994 -667.14447 -682.99273 -698.67078 -714.17470 -729.50064 -744.64476 -759.60331 -774.37255 -788.94880 -803.32842 -817.50784 -831.48352 -845.25198 -858.80978 -872.15355 -885.27996 -898.18573 -910.86767 -923.32259 -935.54740 -947.53906 -959.29457 -970.81100 -982.08549 -993.11522 -1003.89744 -1014.42947 -1024.70869 -1034.73252 -1044.49848 -1054.00413 -1063.24710 -1072.22508 -1080.93585 -1089.37722 -1097.54710 -1105.44344 -1113.06429 -1120.40773 -1127.47195 -1134.25518 -1140.75572 -1146.97197 -1152.90237 -1158.54544 -1163.89977 -1168.96404 -1173.73698 -1178.21740 -1182.40418 -1186.29628 -1189.89273 -1193.19264 -1196.19517 -1198.89959 -1201.30522 -1203.41146 -1205.21778 -1206.72374 -1207.92896 -1208.83313 -1209.43604 -1209.73753 -1209.73753 -1209.43604 -1208.83313 -1207.92896 -1206.72374 -1205.21778 -1203.41146 -1201.30522 -1198.89959 -1196.19517 -1193.19264 -1189.89273 -1186.29628 -1182.40418 -1178.21740 -1173.73698 -1168.96404 -1163.89977 -1158.54544 -1152.90237 -1146.97197 -1140.75572 -1134.25518 -1127.47195 -1120.40773 -1113.06429 -1105.44344 -1097.54710 -1089.37722 -1080.93585 -1072.22508 -1063.24710 -1054.00413 -1044.49848 -1034.73252 -1024.70869 -1014.42947 -1003.89744 -993.11522 -982.08549 -970.81100 -959.29457 -947.53906 -935.54740 -923.32259 -910.86767 -898.18573 -885.27996 -872.15355 -858.80978 -845.25198 -831.48352 -817.50784 -803.32842 -788.94880 -774.37255 -759.60331 -744.64476 -729.50064 -714.17470 -698.67078 -682.99273 -667.14447 -651.12994 -634.95314 -618.61809 -602.12887 -585.48959 -568.70439 -551.77746 -534.71301 -517.51531 -500.18862 -482.73728 -465.16563 -447.47805 -429.67895 -411.77277 -393.76396 -375.65702 -357.45646 -339.16681 -320.79263 -302.33851 -283.80904 -265.20883 -246.54253 -227.81479 -209.03027 -190.19365 -171.30964 -152.38293 -133.41824 -114.42031 -95.39386 -76.34363 -57.27438 -38.19085 -19.09780 0.00000 0.00000
-19.49427 -38.98368 -58.46337 -77.92849 -97.37419 -116.79563 -136.18795 -155.54634 -174.86596 -194.14199 -213.36965 -232.54413 -251.66065 -270.71446 -289.70079 -308.61493 -327.45215 -346.20777 -364.87710 -383.45550 -401.93834 -420.32100 -438.59891 -456.76751 -474.82228 -492.75871 -510.57233 -528.25871 -545.81343 -563.23213 -580.51046 -597.64411 -614.62882 -631.46035 -648.13450 -664.64713 -680.99411 -697.17138 -713.17489 -729.00067 -744.64476 -760.10328 -775.37236 -790.44820 -805.32704 -820.00518 -834.47896 -848.74477 -862.79905 -876.63831 -890.25909 -903.65800 -916.83169 -929.77690 -942.49038 -954.96898 -967.20957 -979.20912 -990.96463 -1002.47317 -1013.73187 -1024.73793 -1035.48860 -1045.98121 -1056.21314 -1066.18183 -1075.88482 -1085.31966 -1094.48403 -1103.37562 -1111.99224 -1120.33172 -1128.39199 -1136.17104 -1143.66693 -1150.87780 -1157.80184 -1164.43734 -1170.78263 -1176.83614 -1182.59636 -1188.06185 -1193.23125 -1198.10327 -1202.67670 -1206.95039 -1210.92329 -1214.59441 -1217.96282 -1221.02768 -1223.78825 -1226.24382 -1228.39378 -1230.23760 -1231.77482 -1233.00506 -1233.92800 -1234.54343 -1234.85118 -1234.85118 -1234.54343 -1233.92800 -1233.00506 -1231.77482 -1230.23760 -1228.39378 -1226.24382 -1223.78825 -1221.02768 -1217.96282 -1214.59441 -1210.92329 -1206.95039 -1202.67670 -1198.10327 -1193.23125 -1188.06185 -1182.59636 -1176.83614 -1170.78263 -1164.43734 -1157.80184 -1150.87780 -1143.66693 -1136.17104 -1128.39199 -1120.33172 -1111.99224 -1103.37562 -1094.48403 -1085.31966 -1075.88482 -1066.18183 -1056.21314 -1045.98121 -1035.48860 -1024.73793 -1013.73187 -1002.47317 -990.96463 -979.20912 -967.20957 -954.96898 -942.49038 -929.77690 -916.83169 -903.65800 -890.25909 -876.63831 -862.79905 -848.74477 -834.47896 -820.00518 -805.32704 -790.44820 -775.37236 -760.10328 -744.64476 -729.00067 -713.17489 -697.17138 -680.99411 -664.64713 -648.13450 -631.46035 -614.62882 -597.64411 -580.51046 -563.23213 -545.81343 -528.25871 -510.57233 -492.75871 -474.82228 -456.76751 -438.59891 -420.32100 -401.93834 -383.45550 -364.87710 -346.20777 -327.45215 -308.61493 -289.70079 -270.71446 -251.66065 -232.54413 -213.36965 -194.14199 -174.86596 -155.54634 -136.18795 -116.79563 -97.37419 -77.92849 -58.46337 -38.98368 -19.49427 0.00000 0.00000
-19.88587 -39.76679 -59.63779 -79.49393 -99.33026 -119.14184 -138.92372 -158.67098 -178.37869 -198.04195 -217.65585 -237.21551 -256.71605 -276.15261 -295.52035 -314.81444 -334.03007 -353.16245 -372.20682 -391.15842 -410.01254 -428.76448 -447.40956 -465.94313 -484.36058 -502.65732 -520.82879 -538.87046 -556.77782 -574.54643 -592.17185 -609.64968 -626.97558 -644.14523 -661.15434 -677.99867 -694.67403 -711.17627 -727.50127 -743.64496 -759.60331 -775.37236 -790.94817 -806.32685 -821.50459 -836.47758 -851.24211 -865.79450 -880.13110 -894.24837 -908.14276 -921.81083 -935.24916 -948.45441 -961.42328 -974.15255 -986.63904 -998.87964 -1010.87129 -1022.61102 -1034.09589 -1045.32304 -1056.28967 -1066.99305 -1077.43052 -1087.59947 -1097.49737 -1107.12175 -1116.47020 -1125.54042 -1134.33012 -1142.83712 -1151.05931 -1158.99463 -1166.64110 -1173.99682 -1181.05995 -1187.82874 -1194.30150 -1200.47662 -1206.35255 -1211.92783 -1217.20107 -1222.17096 -1226.83627 -1231.19581 -1235.24852 -1238.99338 -1242.42945 -1245.55589 -1248.37191 -1250.87680 -1253.06996 -1254.95082 -1256.51892 -1257.77387 -1258.71535 -1259.34314 -1259.65707 -1259.65707 -1259.34314 -1258.71535 -1257.77387 -1256.51892 -1254.95082 -1253.06996 -1250.87680 -1248.37191 -1245.55589 -1242.42945 -1238.99338 -1235.24852 -1231.19581 -1226.83627 -1222.17096 -1217.20107 -1211.92783 -1206.35255 -1200.47662 -1194.30150 -1187.82874 -1181.05995 -1173.99682 -1166.64110 -1158.99463 -1151.05931 -1142.83712 -1134.33012 -1125.54042 -1116.47020 -1107.12175 -1097.49737 -1087.59947 -1077.43052 -1066.99305 -1056.28967 -1045.32304 -1034.09589 -1022.61102 -1010.87129 -998.87964 -986.63904 -974.15255 -961.42328 -948.45441 -935.24916 -921.81083 -908.14276 -894.24837 -880.13110 -865.79450 -851.24211 -836.47758 -821.50459 -806.32685 -790.94817 -775.37236 -759.60331 -743.64496 -727.50127 -711.17627 -694.67403 -677.99867 -661.15434 -644.14523 -626.97558 -609.64968 -592.17185 -574.54643 -556.77782 -538.87046 -520.82879 -502.65732 -484.36058 -465.94313 -447.40956 -428.76448 -410.01254 -391.15842 -372.20682 -353.16245 -334.03007 -314.81444 -295.52035 -276.15261 -256.71605 -237.21551 -217.65585 -198.04195 -178.37869 -158.67098 -138.92372 -119.14184 -99.33026 -79.49393 -59.63779 -39.76679 -19.88587 0.00000 0.00000
-20.27252 -40.53999 -60.79735 -81.03956 -101.26157 -121.45835 -141.62486 -161.75607 -181.84697 -201.89255 -221.88781 -241.82778 -261.70747 -281.52195 -301.26626 -320.93549 -340.52473 -360.02911 -379.44377 -398.76385 -417.98456 -437.10110 -456.10870 -475.00263 -493.77818 -512.43067 -530.95545 -549.34791 -567.60345 -585.71754 -603.68566 -621.50332 -639.16609 -656.66957 -674.00940 -691.18124 -708.18083 -725.00393 -741.64633 -758.10391 -774.37255 -790.44820 -806.32685 -822.00455 -837.47739 -852.74152 -867.79312 -882.62845 -897.24381 -911.63555 -925.80010 -939.73392 -953.43354 -966.89555 -980.11658 -993.09335 -1005.82261 -1018.30121 -1030.52602 -1042.49401 -1054.20218 -1065.64762 -1076.82749 -1087.73898 -1098.37939 -1108.74606 -1118.83640 -1128.64791 -1138.17813 -1147.42470 -1156.38530 -1165.05771 -1173.43977 -1181.52937 -1189.32452 -1196.82326 -1204.02372 -1210.92412 -1217.52273 -1223.81791 -1229.80809 -1235.49177 -1240.86755 -1245.93407 -1250.69008 -1255.13439 -1259.26590 -1263.08357 -1266.58645 -1269.77368 -1272.64445 -1275.19805 -1277.43384 -1279.35127 -1280.94986 -1282.22921 -1283.18900 -1283.82900 -1284.14903 -1284.14903 -1283.82900 -1283.18900 -1282.22921 -1280.94986 -1279.35127 -1277.43384 -1275.19805 -1272.64445 -1269.77368 -1266.58645 -1263.08357 -1259.26590 -1255.13439 -1250.69008 -1245.93407 -1240.86755 -1235.49177 -1229.80809 -1223.81791 -1217.52273 -1210.92412 -1204.02372 -1196.82326 -1189.32452 -1181.52937 -1173.43977 -1165.05771 -1156.38530 -1147.42470 -1138.17813 -1128.64791 -1118.83640 -1108.74606 -1098.37939 -1087.73898 -1076.82749 -1065.64762 -1054.20218 -1042.49401 -1030.52602 -1018.30121 -1005.82261 -993.09335 -980.11658 -966.89555 -953.43354 -939.73392 -925.80010 -911.63555 -897.24381 -882.62845 -867.79312 -852.74152 -837.47739 -822.00455 -806.32685 -790.44820 -774.37255 -758.10391 -741.64633 -725.00393 -708.18083 -691.18124 -674.00940 -656.66957 -639.16609 -621.50332 -603.68566 -585.71754 -567.60345 -549.34791 -530.95545 -512.43067 -493.77818 -475.00263 -456.10870 -437.10110 -417.98456 -398.76385 -379.44377 -360.02911 -340.52473 -320.93549 -301.26626 -281.52195 -261.70747 -241.82778 -221.88781 -201.89255 -181.84697 -161.75607 -141.62486 -121.45835 -101.26157 -81.03956 -60.79735 -40.53999 -20.27252 0.00000 0.00000
-20.65411 -41.30308 -61.94176 -82.56499 -103.16765 -123.74460 -144.29071 -164.80086 -185.26993 -205.69284 -226.06448 -246.37978 -266.63367 -286.82112 -306.93708 -326.97655 -346.93453 -366.80605 -386.58615 -406.26991 -425.85241 -445.32878 -464.69417 -483.94375 -503.07271 -522.07631 -540.94978 -559.68845 -578.28762 -596.74268 -615.04901 -633.20207 -651.19731 -669.03026 -686.69648 -704.19155 -721.51113 -738.65089 -755.60657 -772.37393 -788.94880 -805.32704 -821.50459 -837.47739 -853.24148 -868.79293 -884.12785 -899.24243 -914.13290 -928.79555 -943.22672 -957.42282 -971.38031 -985.09571 -998.56561 -1011.78664 -1024.75552 -1037.46900 -1049.92392 -1062.11719 -1074.04575 -1085.70663 -1097.09693 -1108.21382 -1119.05451 -1129.61632 -1139.89660 -1149.89279 -1159.60240 -1169.02302 -1178.15229 -1186.98795 -1195.52778 -1203.76966 -1211.71153 -1219.35142 -1226.68743 -1233.71771 -1240.44053 -1246.85421 -1252.95714 -1258.74781 -1264.22477 -1269.38666 -1274.23220 -1278.76017 -1282.96944 -1286.85897 -1290.42779 -1293.67501 -1296.59982 -1299.20148 -1301.47936 -1303.43289 -1305.06157 -1306.36500 -1307.34286 -1307.99490 -1308.32096 -1308.32096 -1307.99490 -1307.34286 -1306.36500 -1305.06157 -1303.43289 -1301.47936 -1299.20148 -1296.59982 -1293.67501 -1290.42779 -1286.85897 -1282.96944 -1278.76017 -1274.23220 -1269.38666 -1264.22477 -1258.74781 -1252.95714 -1246.85421 -1240.44053 -1233.71771 -1226.68743 -1219.35142 -1211.71153 -1203.76966 -1195.52778 -1186.98795 -1178.15229 -1169.02302 -1159.60240 -1149.89279 -1139.89660 -1129.61632 -1119.05451 -1108.21382 -1097.09693 -1085.70663 -1074.04575 -1062.11719 -1049.92392 -1037.46900 -1024.75552 -1011.78664 -998.56561 -985.09571 -971.38031 -957.42282 -943.22672 -928.79555 -914.13290 -899.24243 -884.12785 -868.79293 -853.24148 -837.47739 -821.50459 -805.32704 -788.94880 -772.37393 -755.60657 -738.65089 -721.51113 -704.19155 -686.69648 -669.03026 -651.19731 -633.20207 -615.04901 -596.74268 -578.28762 -559.68845 -540.94978 -522.07631 -503.07271 -483.94375 -464.69417 -445.32878 -425.85241 -406.26991 -386.58615 -366.80605 -346.93453 -326.97655 -306.93708 -286.82112 -266.63367 -246.37978 -226.06448 -205.69284 -185.26993 -164.80086 -144.29071 -123.74460 -103.16765 -82.56499 -61.94176 -41.30308 -20.65411 0.00000 0.00000
-21.03056 -42.05588 -63.07073 -84.06985 -105.04802 -126.00001 -146.92060 -167.80457 -188.64672 -209.44186 -230.18480 -250.87037 -271.49342 -292.04881 -312.53141 -332.93613 -353.25787 -373.49157 -393.63219 -413.67471 -433.61413 -453.44548 -473.16383 -492.76426 -512.24187 -531.59183 -550.80930 -569.88950 -588.82767 -607.61910 -626.25909 -644.74300 -663.06623 -681.22421 -699.21242 -717.02637 -734.66162 -752.11377 -769.37849 -786.45145 -803.32842 -820.00518 -836.47758 -852.74152 -868.79293 -884.62782 -900.24224 -915.63230 -930.79417 -945.72406 -960.41826 -974.87310 -989.08499 -1003.05037 -1016.76578 -1030.22778 -1043.43303 -1056.37823 -1069.06016 -1081.47566 -1093.62164 -1105.49506 -1117.09296 -1128.41247 -1139.45075 -1150.20505 -1160.67270 -1170.85109 -1180.73768 -1190.33000 -1199.62566 -1208.62236 -1217.31784 -1225.70993 -1233.79656 -1241.57570 -1249.04541 -1256.20383 -1263.04918 -1269.57976 -1275.79392 -1281.69014 -1287.26692 -1292.52290 -1297.45675 -1302.06724 -1306.35324 -1310.31366 -1313.94753 -1317.25393 -1320.23205 -1322.88113 -1325.20053 -1327.18966 -1328.84802 -1330.17521 -1331.17089 -1331.83482 -1332.16682 -1332.16682 -1331.83482 -1331.17089 -1330.17521 -1328.84802 -1327.18966 -1325.20053 -1322.88113 -1320.23205 -1317.25393 -1313.94753 -1310.31366 -1306.35324 -1302.06724 -1297.45675 -1292.52290 -1287.26692 -1281.69014 -1275.79392 -1269.57976 -1263.04918 -1256.20383 -1249.04541 -1241.57570 -1233.79656 -1225.70993 -1217.31784 -1208.62236 -1199.62566 -1190.33000 -1180.73768 -1170.85109 -1160.67270 -1150.20505 -1139.45075 -1128.41247 -1117.09296 -1105.49506 -1093.62164 -1081.47566 -1069.06016 -1056.37823 -1043.43303 -1030.22778 -1016.76578 -1003.05037 -989.08499 -974.87310 -960.41826 -945.72406 -930.79417 -915.63230 -900.24224 -884.62782 -868.79293 -852.74152 -836.47758 -820.00518 -803.32842 -786.45145 -769.37849 -752.11377 -734.66162 -717.02637 -699.21242 -681.22421 -663.06623 -644.74300 -626.25909 -607.61910 -588.82767 -569.88950 -550.80930 -531.59183 -512.24187 -492.76426 -473.16383 -453.44548 -433.61413 -413.67471 -393.63219 -373.49157 -353.25787 -332.93613 -312.53141 -292.04881 -271.49342 -250.87037 -230.18480 -209.44186 -188.64672 -167.80457 -146.92060 -126.00001 -105.04802 -84.06985 -63.07073 -42.05588 -21.03056 0.00000 0.00000
-21.40177 -42.79821 -64.18398 -85.55375 -106.90220 -128.22401 -149.51387 -170.76646 -191.97649 -213.13868 -234.24775 -255.29844 -276.28551 -297.20372 -318.04785 -338.81273 -359.49317 -380.08401 -400.58013 -420.97641 -441.26778 -461.44918 -481.51557 -501.46196 -521.28337 -540.97487 -560.53155 -579.94853 -599.22097 -618.34408 -637.31308 -656.12326 -674.76991 -693.24839 -711.55410 -729.68248 -747.62901 -765.38921 -782.95866 -800.33298 -817.50784 -834.47896 -851.24211 -867.79312 -884.12785 -900.24224 -916.13227 -931.79398 -947.22346 -962.41688 -977.37045 -992.08043 -1006.54317 -1020.75505 -1034.71254 -1048.41216 -1061.85049 -1075.02419 -1087.92997 -1100.56461 -1112.92497 -1125.00797 -1136.81059 -1148.32989 -1159.56301 -1170.50714 -1181.15955 -1191.51759 -1201.57868 -1211.34032 -1220.80006 -1229.95555 -1238.80451 -1247.34474 -1255.57410 -1263.49055 -1271.09211 -1278.37688 -1285.34306 -1291.98890 -1298.31275 -1304.31304 -1309.98826 -1315.33701 -1320.35795 -1325.04982 -1329.41147 -1333.44180 -1337.13980 -1340.50457 -1343.53525 -1346.23109 -1348.59143 -1350.61567 -1352.30330 -1353.65392 -1354.66717 -1355.34282 -1355.68068 -1355.68068 -1355.34282 -1354.66717 -1353.65392 -1352.30330 -1350.61567 -1348.59143 -1346.23109 -1343.53525 -1340.50457 -1337.13980 -1333.44180 -1329.41147 -1325.04982 -1320.35795 -1315.33701 -1309.98826 -1304.31304 -1298.31275 -1291.98890 -1285.34306 -1278.37688 -1271.09211 -1263.49055 -1255.57410 -1247.34474 -1238.80451 -1229.95555 -1220.80006 -1211.34032 -1201.57868 -1191.51759 -1181.15955 -1170.50714 -1159.56301 -1148.32989 -1136.81059 -1125.00797 -1112.92497 -1100.56461 -1087.92997 -1075.02419 -1061.85049 -1048.41216 -1034.71254 -1020.75505 -1006.54317 -992.08043 -977.37045 -962.41688 -947.22346 -931.79398 -916.13227 -900.24224 -884.12785 -867.79312 -851.24211 -834.47896 -817.50784 -800.33298 -782.95866 -765.38921 -747.62901 -729.68248 -711.55410 -693.24839 -674.76991 -656.12326 -637.31308 -618.34408 -599.22097 -579.94853 -560.53155 -540.97487 -521.28337 -501.46196 -481.51557 -461.44918 -441.26778 -420.97641 -400.58013 -380.08401 -359.49317 -338.81273 -318.04785 -297.20372 -276.28551 -255.29844 -234.24775 -213.13868 -191.97649 -170.76646 -149.51387 -128.22401 -106.90220 -85.55375 -64.18398 -42.79821 -21.40177 0.00000 0.00000
-21.76764 -43.52986 -65.28123 -87.01633 -108.72975 -130.41606 -152.06988 -173.68579 -195.25842 -216.78239 -238.25233 -259.66289 -281.00874 -302.28455 -323.48503 -344.60489 -365.63887 -386.58172 -407.42823 -428.17320 -448.81146 -469.33787 -489.74730 -510.03468 -530.19495 -550.22309 -570.11410 -589.86302 -609.46494 -628.91496 -648.20825 -667.33999 -686.30541 -705.09980 -723.71845 -742.15675 -760.41008 -778.47390 -796.34371 -814.01505 -831.48352 -848.74477 -865.79450 -882.62845 -899.24243 -915.63230 -931.79398 -947.72343 -963.41669 -978.86985 -994.07905 -1009.04051 -1023.75049 -1038.20534 -1052.40144 -1066.33526 -1080.00333 -1093.40223 -1106.52864 -1119.37928 -1131.95095 -1144.24051 -1156.24490 -1167.96113 -1179.38628 -1190.51750 -1201.35202 -1211.88714 -1222.12023 -1232.04875 -1241.67021 -1250.98222 -1259.98246 -1268.66868 -1277.03873 -1285.09051 -1292.82202 -1300.23133 -1307.31660 -1314.07606 -1320.50802 -1326.61088 -1332.38312 -1337.82331 -1342.93008 -1347.70217 -1352.13838 -1356.23761 -1359.99883 -1363.42112 -1366.50361 -1369.24554 -1371.64623 -1373.70507 -1375.42156 -1376.79526 -1377.82584 -1378.51304 -1378.85668 -1378.85668 -1378.51304 -1377.82584 -1376.79526 -1375.42156 -1373.70507 -1371.64623 -1369.24554 -1366.50361 -1363.42112 -1359.99883 -1356.23761 -1352.13838 -1347.70217 -1342.93008 -1337.82331 -1332.38312 -1326.61088 -1320.50802 -1314.07606 -1307.31660 -1300.23133 -1292.82202 -1285.09051 -1277.03873 -1268.66868 -1259.98246 -1250.98222 -1241.67021 -1232.04875 -1222.12023 -1211.88714 -1201.35202 -1190.51750 -1179.38628 -1167.96113 -1156.24490 -1144.24051 -1131.95095 -1119.37928 -1106.52864 -1093.40223 -1080.00333 -1066.33526 -1052.40144 -1038.20534 -1023.75049 -1009.04051 -994.07905 -978.86985 -963.41669 -947.72343 -931.79398 -915.63230 -899.24243 -882.62845 -865.79450 -848.74477 -831.48352 -814.01505 -796.34371 -778.47390 -760.41008 -742.15675 -723.71845 -705.09980 -686.30541 -667.33999 -648.20825 -628.91496 -609.46494 -589.86302 -570.11410 -550.22309 -530.19495 -510.03468 -489.74730 -469.33787 -448.81146 -428.17320 -407.42823 -386.58172 -365.63887 -344.60489 -323.48503 -302.28455 -281.00874 -259.66289 -238.25233 -216.78239 -195.25842 -173.68579 -152.06988 -130.41606 -108.72975 -87.01633 -65.28123 -43.52986 -21.76764 0.00000 0.00000
-22.12809 -44.25067 -66.36222 -88.45723 -110.53019 -132.57561 -154.58799 -176.56184 -198.49169 -220.37206 -242.19752 -263.96262 -285.66193 -307.29005 -328.84159 -350.31117 -371.69345 -392.98309 -414.17480 -435.26328 -456.24329 -477.10959 -497.85698 -518.48030 -538.97440 -559.33418 -579.55456 -599.63051 -619.55701 -639.32911 -658.94187 -678.39041 -697.66988 -716.77548 -735.70244 -754.44605 -773.00163 -791.36457 -809.53028 -827.49425 -845.25198 -862.79905 -880.13110 -897.24381 -914.13290 -930.79417 -947.22346 -963.41669 -979.36982 -995.07886 -1010.53991 -1025.74911 -1040.70268 -1055.39688 -1069.82805 -1083.99260 -1097.88700 -1111.50778 -1124.85154 -1137.91497 -1150.69481 -1163.18788 -1175.39105 -1187.30129 -1198.91562 -1210.23117 -1221.24510 -1231.95467 -1242.35721 -1252.45012 -1262.23091 -1271.69711 -1280.84639 -1289.67645 -1298.18509 -1306.37020 -1314.22974 -1321.76174 -1328.96433 -1335.83572 -1342.37418 -1348.57810 -1354.44593 -1359.97620 -1365.16753 -1370.01864 -1374.52831 -1378.69542 -1382.51892 -1385.99788 -1389.13141 -1391.91875 -1394.35919 -1396.45212 -1398.19703 -1399.59349 -1400.64113 -1401.33970 -1401.68903 -1401.68903 -1401.33970 -1400.64113 -1399.59349 -1398.19703 -1396.45212 -1394.35919 -1391.91875 -1389.13141 -1385.99788 -1382.51892 -1378.69542 -1374.52831 -1370.01864 -1365.16753 -1359.97620 -1354.44593 -1348.57810 -1342.37418 -1335.83572 -1328.96433 -1321.76174 -1314.22974 -1306.37020 -1298.18509 -1289.67645 -1280.84639 -1271.69711 -1262.23091 -1252.45012 -1242.35721 -1231.95467 -1221.24510 -1210.23117 -1198.91562 -1187.30129 -1175.39105 -1163.18788 -1150.69481 -1137.91497 -1124.85154 -1111.50778 -1097.88700 -1083.99260 -1069.82805 -1055.39688 -1040.70268 -1025.74911 -1010.53991 -995.07886 -979.36982 -963.41669 -947.22346 -930.79417 -914.13290 -897.24381 -880.13110 -862.79905 -845.25198 -827.49425 -809.53028 -791.36457 -773.00163 -754.44605 -735.70244 -716.77548 -697.66988 -678.39041 -658.94187 -639.32911 -619.55701 -599.63051 -579.55456 -559.33418 -538.97440 -518.48030 -497.85698 -477.10959 -456.24329 -435.26328 -414.17480 -392.98309 -371.69345 -350.31117 -328.84159 -307.29005 -285.66193 -263.96262 -242.19752 -220.37206 -198.49169 -176.56184 -154.58799 -132.57561 -110.53019 -88.45723 -66.36222 -44.25067 -22.12809 0.00000 0.00000
-22.48303 -44.96045 -67.42666 -89.87608 -112.30309 -134.70212 -157.06757 -179.39388 -201.67548 -223.90682 -246.08236 -268.19657 -290.24394 -312.21897 -334.11619 -355.93015 -377.65539 -399.28652 -420.81814 -442.24488 -463.56141 -484.76240 -505.84258 -526.79670 -547.61953 -568.30587 -588.85059 -609.24855 -629.49467 -649.58391 -669.51126 -689.27176 -708.86047 -728.27252 -747.50307 -766.54733 -785.40054 -804.05802 -822.51511 -840.76721 -858.80978 -876.63831 -894.24837 -911.63555 -928.79555 -945.72406 -962.41688 -978.86985 -995.07886 -1011.03988 -1026.74892 -1042.20208 -1057.39550 -1072.32539 -1086.98804 -1101.37979 -1115.49705 -1129.33631 -1142.89411 -1156.16708 -1169.15190 -1181.84535 -1194.24426 -1206.34554 -1218.14617 -1229.64322 -1240.83381 -1251.71516 -1262.28456 -1272.53936 -1282.47703 -1292.09507 -1301.39110 -1310.36279 -1319.00792 -1327.32432 -1335.30992 -1342.96273 -1350.28086 -1357.26246 -1363.90580 -1370.20923 -1376.17118 -1381.79015 -1387.06475 -1391.99367 -1396.57568 -1400.80962 -1404.69446 -1408.22922 -1411.41302 -1414.24506 -1416.72464 -1418.85115 -1420.62405 -1422.04290 -1423.10734 -1423.81712 -1424.17206 -1424.17206 -1423.81712 -1423.10734 -1422.04290 -1420.62405 -1418.85115 -1416.72464 -1414.24506 -1411.41302 -1408.22922 -1404.69446 -1400.80962 -1396.57568 -1391.99367 -1387.06475 -1381.79015 -1376.17118 -1370.20923 -1363.90580 -1357.26246 -1350.28086 -1342.96273 -1335.30992 -1327.32432 -1319.00792 -1310.36279 -1301.39110 -1292.09507 -1282.47703 -1272.53936 -1262.28456 -1251.71516 -1240.83381 -1229.64322 -1218.14617 -1206.34554 -1194.24426 -1181.84535 -1169.15190 -1156.16708 -1142.89411 -1129.33631 -1115.49705 -1101.37979 -1086.98804 -1072.32539 -1057.39550 -1042.20208 -1026.74892 -1011.03988 -995.07886 -978.86985 -962.41688 -945.72406 -928.79555 -911.63555 -894.24837 -876.63831 -858.80978 -840.76721 -822.51511 -804.05802 -785.40054 -766.54733 -747.50307 -728.27252 -708.86047 -689.27176 -669.51126 -649.58391 -629.49467 -609.24855 -588.85059 -568.30587 -547.61953 -526.79670 -505.84258 -484.76240 -463.56141 -442.24488 -420.81814 -399.28652 -377.65539 -355.93015 -334.11619 -312.21897 -290.24394 -268.19657 -246.08236 -223.90682 -201.67548 -179.39388 -157.06757 -134.70212 -112.30309 -89.87608 -67.42666 -44.96045 -22.48303 0.00000 0.00000
-22.83236 -45.65902 -68.47431 -91.27253 -114.04800 -136.79505 -159.50801 -182.18122 -204.80902 -227.38578 -249.90587 -272.36368 -294.75361 -317.07008 -339.30753 -361.46042 -383.52322 -405.49044 -427.35661 -449.11627 -470.76400 -492.29440 -513.70212 -534.98181 -556.12817 -577.13593 -597.99986 -618.71476 -639.27546 -659.67683 -679.91380 -699.98133 -719.87440 -739.58807 -759.11741 -778.45757 -797.60371 -816.55108 -835.29495 -853.83064 -872.15355 -890.25909 -908.14276 -925.80010 -943.22672 -960.41826 -977.37045 -994.07905 -1010.53991 -1026.74892 -1042.70205 -1058.39531 -1073.82480 -1088.98666 -1103.87713 -1118.49249 -1132.82910 -1146.88338 -1160.65184 -1174.13104 -1187.31762 -1200.20829 -1212.79985 -1225.08915 -1237.07314 -1248.74882 -1260.11328 -1271.16370 -1281.89732 -1292.31146 -1302.40353 -1312.17102 -1321.61148 -1330.72257 -1339.50202 -1347.94764 -1356.05732 -1363.82904 -1371.26086 -1378.35094 -1385.09751 -1391.49888 -1397.55345 -1403.25973 -1408.61629 -1413.62179 -1418.27499 -1422.57472 -1426.51992 -1430.10960 -1433.34286 -1436.21891 -1438.73702 -1440.89657 -1442.69701 -1444.13791 -1445.21889 -1445.93970 -1446.30015 -1446.30015 -1445.93970 -1445.21889 -1444.13791 -1442.69701 -1440.89657 -1438.73702 -1436.21891 -1433.34286 -1430.10960 -1426.51992 -1422.57472 -1418.27499 -1413.62179 -1408.61629 -1403.25973 -1397.55345 -1391.49888 -1385.09751 -1378.35094 -1371.26086 -1363.82904 -1356.05732 -1347.94764 -1339.50202 -1330.72257 -1321.61148 -1312.17102 -1302.40353 -1292.31146 -1281.89732 -1271.16370 -1260.11328 -1248.74882 -1237.07314 -1225.08915 -1212.79985 -1200.20829 -1187.31762 -1174.13104 -1160.65184 -1146.88338 -1132.82910 -1118.49249 -1103.87713 -1088.98666 -1073.82480 -1058.39531 -1042.70205 -1026.74892 -1010.53991 -994.07905 -977.37045 -960.41826 -943.22672 -925.80010 -908.14276 -890.25909 -872.15355 -853.83064 -835.29495 -816.55108 -797.60371 -778.45757 -759.11741 -739.58807 -719.87440 -699.98133 -679.91380 -659.67683 -639.27546 -618.71476 -597.99986 -577.13593 -556.12817 -534.98181 -513.70212 -492.29440 -470.76400 -449.11627 -427.35661 -405.49044 -383.52322 -361.46042 -339.30753 -317.07008 -294.75361 -272.36368 -249.90587 -227.38578 -204.80902 -182.18122 -159.50801 -136.79505 -114.04800 -91.27253 -68.47431 -45.65902 -22.83236 0.00000 0.00000
-23.17600 -46.34621 -69.50488 -92.64623 -115.76449 -138.85390 -161.90870 -184.92315 -207.89151 -230.80806 -253.66709 -276.46291 -299.18982 -321.84216 -344.41430 -366.90060 -389.29546 -411.59330 -433.78857 -455.87572 -477.84926 -499.70372 -521.43363 -543.03359 -564.49822 -585.82216 -607.00010 -628.02677 -648.89692 -669.60535 -690.14690 -710.51645 -730.70892 -750.71929 -770.54256 -790.17380 -809.60811 -828.84064 -847.86662 -866.68128 -885.27996 -903.65800 -921.81083 -939.73392 -957.42282 -974.87310 -992.08043 -1009.04051 -1025.74911 -1042.20208 -1058.39531 -1074.32476 -1089.98647 -1105.37654 -1120.49111 -1135.32644 -1149.87883 -1164.14463 -1178.12031 -1191.80238 -1205.18742 -1218.27211 -1231.05318 -1243.52744 -1255.69179 -1267.54320 -1279.07871 -1290.29544 -1301.19061 -1311.76149 -1322.00545 -1331.91994 -1341.50249 -1350.75071 -1359.66229 -1368.23502 -1376.46675 -1384.35544 -1391.89912 -1399.09591 -1405.94401 -1412.44173 -1418.58743 -1424.37959 -1429.81677 -1434.89761 -1439.62084 -1443.98528 -1447.98986 -1451.63356 -1454.91549 -1457.83482 -1460.39083 -1462.58288 -1464.41043 -1465.87301 -1466.97026 -1467.70192 -1468.06779 -1468.06779 -1467.70192 -1466.97026 -1465.87301 -1464.41043 -1462.58288 -1460.39083 -1457.83482 -1454.91549 -1451.63356 -1447.98986 -1443.98528 -1439.62084 -1434.89761 -1429.81677 -1424.37959 -1418.58743 -1412.44173 -1405.94401 -1399.09591 -1391.89912 -1384.35544 -1376.46675 -1368.23502 -1359.66229 -1350.75071 -1341.50249 -1331.91994 -1322.00545 -1311.76149 -1301.19061 -1290.29544 -1279.07871 -1267.54320 -1255.69179 -1243.52744 -1231.05318 -1218.27211 -1205.18742 -1191.80238 -1178.12031 -1164.14463 -1149.87883 -1135.32644 -1120.49111 -1105.37654 -1089.98647 -1074.32476 -1058.39531 -1042.20208 -1025.74911 -1009.04051 -992.08043 -974.87310 -957.42282 -939.73392 -921.81083 -903.65800 -885.27996 -866.68128 -847.86662 -828.84064 -809.60811 -790.17380 -770.54256 -750.71929 -730.70892 -710.51645 -690.14690 -669.60535 -648.89692 -628.02677 -607.00010 -585.82216 -564.49822 -543.03359 -521.43363 -499.70372 -477.84926 -455.87572 -433.78857 -411.59330 -389.29546 -366.90060 -344.41430 -321.84216 -299.18982 -276.46291 -253.66709 -230.80806 -207.89151 -184.92315 -161.90870 -138.85390 -115.76449 -92.64623 -69.50488 -46.34621 -23.17600 0.00000 0.00000
-23.51386 -47.02186 -70.51814 -93.99685 -117.45213 -140.87813 -164.26903 -187.61899 -210.92219 -234.17283 -257.36510 -280.49323 -303.55146 -326.53404 -349.43524 -372.24935 -394.97069 -417.59359 -440.11242 -462.52157 -484.81544 -506.98849 -529.03519 -550.95004 -572.72758 -594.36239 -615.84907 -637.18226 -658.35666 -679.36698 -700.20799 -720.87449 -741.36133 -761.66342 -781.77568 -801.69310 -821.41073 -840.92364 -860.22698 -879.31593 -898.18573 -916.83169 -935.24916 -953.43354 -971.38031 -989.08499 -1006.54317 -1023.75049 -1040.70268 -1057.39550 -1073.82480 -1089.98647 -1105.87650 -1121.49092 -1136.82585 -1151.87745 -1166.64198 -1181.11576 -1195.29517 -1209.17670 -1222.75688 -1236.03231 -1248.99971 -1261.65582 -1273.99751 -1286.02168 -1297.72536 -1309.10561 -1320.15961 -1330.88459 -1341.27789 -1351.33692 -1361.05917 -1370.44221 -1379.48371 -1388.18141 -1396.53314 -1404.53684 -1412.19049 -1419.49219 -1426.44013 -1433.03257 -1439.26787 -1445.14447 -1450.66091 -1455.81582 -1460.60790 -1465.03597 -1469.09893 -1472.79575 -1476.12553 -1479.08742 -1481.68069 -1483.90469 -1485.75888 -1487.24278 -1488.35603 -1489.09835 -1489.46956 -1489.46956 -1489.09835 -1488.35603 -1487.24278 -1485.75888 -1483.90469 -1481.68069 -1479.08742 -1476.12553 -1472.79575 -1469.09893 -1465.03597 -1460.60790 -1455.81582 -1450.66091 -1445.14447 -1439.26787 -1433.03257 -1426.44013 -1419.49219 -1412.19049 -1404.53684 -1396.53314 -1388.18141 -1379.48371 -1370.44221 -1361.05917 -1351.33692 -1341.27789 -1330.88459 -1320.15961 -1309.10561 -1297.72536 -1286.02168 -1273.99751 -1261.65582 -1248.99971 -1236.03231 -1222.75688 -1209.17670 -1195.29517 -1181.11576 -1166.64198 -1151.87745 -1136.82585 -1121.49092 -1105.87650 -1089.98647 -1073.82480 -1057.39550 -1040.70268 -1023.75049 -1006.54317 -989.08499 -971.38031 -953.43354 -935.24916 -916.83169 -898.18573 -879.31593 -860.22698 -840.92364 -821.41073 -801.69310 -781.77568 -761.66342 -741.36133 -720.87449 -700.20799 -679.36698 -658.35666 -637.18226 -615.84907 -594.36239 -572.72758 -550.95004 -529.03519 -506.98849 -484.81544 -462.52157 -440.11242 -417.59359 -394.97069 -372.24935 -349.43524 -326.53404 -303.55146 -280.49323 -257.36510 -234.17283 -210.92219 -187.61899 -164.26903 -140.87813 -117.45213 -93.99685 -70.51814 -47.02186 -23.51386 0.00000 0.00000
-23.84586 -47.68578 -71.51382 -95.32403 -119.11049 -142.86726 -166.58843 -190.26808 -213.90031 -237.47923 -260.99897 -284.45366 -307.83746 -331.14454 -354.36909 -377.50532 -400.54747 -423.48980 -446.32659 -469.05214 -491.66079 -514.14691 -536.50490 -558.72918 -580.81421 -602.75448 -624.54454 -646.17896 -667.65232 -688.95930 -710.09457 -731.05288 -751.82898 -772.41772 -792.81396 -813.01260 -833.00863 -852.79706 -872.37295 -891.73143 -910.86767 -929.77690 -948.45441 -966.89555 -985.09571 -1003.05037 -1020.75505 -1038.20534 -1055.39688 -1072.32539 -1088.98666 -1105.37654 -1121.49092 -1137.32581 -1152.87726 -1168.14138 -1183.11438 -1197.79252 -1212.17214 -1226.24967 -1240.02159 -1253.48447 -1266.63495 -1279.46977 -1291.98571 -1304.17966 -1316.04859 -1327.58953 -1338.79960 -1349.67602 -1360.21607 -1370.41712 -1380.27664 -1389.79216 -1398.96132 -1407.78183 -1416.25149 -1424.36819 -1432.12991 -1439.53471 -1446.58075 -1453.26627 -1459.58961 -1465.54918 -1471.14351 -1476.37121 -1481.23095 -1485.72155 -1489.84187 -1493.59089 -1496.96768 -1499.97139 -1502.60128 -1504.85668 -1506.73705 -1508.24190 -1509.37087 -1510.12368 -1510.50012 -1510.50012 -1510.12368 -1509.37087 -1508.24190 -1506.73705 -1504.85668 -1502.60128 -1499.97139 -1496.96768 -1493.59089 -1489.84187 -1485.72155 -1481.23095 -1476.37121 -1471.14351 -1465.54918 -1459.58961 -1453.26627 -1446.58075 -1439.53471 -1432.12991 -1424.36819 -1416.25149 -1407.78183 -1398.96132 -1389.79216 -1380.27664 -1370.41712 -1360.21607 -1349.67602 -1338.79960 -1327.58953 -1316.04859 -1304.17966 -1291.98571 -1279.46977 -1266.63495 -1253.48447 -1240.02159 -1226.24967 -1212.17214 -1197.79252 -1183.11438 -1168.14138 -1152.87726 -1137.32581 -1121.49092 -1105.37654 -1088.98666 -1072.32539 -1055.39688 -1038.20534 -1020.75505 -1003.05037 -985.09571 -966.89555 -948.45441 -929.77690 -910.86767 -891.73143 -872.37295 -852.79706 -833.00863 -813.01260 -792.81396 -772.41772 -751.82898 -731.05288 -710.09457 -688.95930 -667.65232 -646.17896 -624.54454 -602.75448 -580.81421 -558.72918 -536.50490 -514.14691 -491.66079 -469.05214 -446.32659 -423.48980 -400.54747 -377.50532 -354.36909 -331.14454 -307.83746 -284.45366 -260.99897 -237.47923 -213.90031 -190.26808 -166.58843 -142.86726 -119.11049 -95.32403 -71.51382 -47.68578 -23.84586 0.00000 0.00000
-24.17192 -48.33782 -72.49168 -96.62747 -120.73917 -144.82079 -168.86631 -192.86974 -216.82512 -240.72645 -264.56779 -288.34319 -312.04673 -335.67250 -359.21462 -382.66721 -406.02444 -429.28047 -452.42952 -475.46581 -498.38361 -521.17720 -543.84090 -566.36907 -588.75608 -610.99636 -633.08438 -655.01461 -676.78160 -698.37992 -719.80419 -741.04907 -762.10926 -782.97952 -803.65465 -824.12949 -844.39894 -864.45794 -884.30151 -903.92469 -923.32259 -942.49038 -961.42328 -980.11658 -998.56561 -1016.76578 -1034.71254 -1052.40144 -1069.82805 -1086.98804 -1103.87713 -1120.49111 -1136.82585 -1152.87726 -1168.64135 -1184.11419 -1199.29192 -1214.17076 -1228.74701 -1243.01703 -1256.97726 -1270.62423 -1283.95453 -1296.96484 -1309.65193 -1322.01262 -1334.04383 -1345.74258 -1357.10593 -1368.13107 -1378.81524 -1389.15578 -1399.15012 -1408.79576 -1418.09029 -1427.03141 -1435.61688 -1443.84457 -1451.71242 -1459.21847 -1466.36085 -1473.13779 -1479.54759 -1485.58865 -1491.25948 -1496.55865 -1501.48485 -1506.03685 -1510.21351 -1514.01379 -1517.43675 -1520.48154 -1523.14738 -1525.43363 -1527.33971 -1528.86514 -1530.00955 -1530.77264 -1531.15424 -1531.15424 -1530.77264 -1530.00955 -1528.86514 -1527.33971 -1525.43363 -1523.14738 -1520.48154 -1517.43675 -1514.01379 -1510.21351 -1506.03685 -1501.48485 -1496.55865 -1491.25948 -1485.58865 -1479.54759 -1473.13779 -1466.36085 -1459.21847 -1451.71242 -1443.84457 -1435.61688 -1427.03141 -1418.09029 -1408.79576 -1399.15012 -1389.15578 -1378.81524 -1368.13107 -1357.10593 -1345.74258 -1334.04383 -1322.01262 -1309.65193 -1296.96484 -1283.95453 -1270.62423 -1256.97726 -1243.01703 -1228.74701 -1214.17076 -1199.29192 -1184.11419 -1168.64135 -1152.87726 -1136.82585 -1120.49111 -1103.87713 -1086.98804 -1069.82805 -1052.40144 -1034.71254 -1016.76578 -998.56561 -980.11658 -961.42328 -942.49038 -923.32259 -903.92469 -884.30151 -864.45794 -844.39894 -824.12949 -803.65465 -782.97952 -762.10926 -741.04907 -719.80419 -698.37992 -676.78160 -655.01461 -633.08438 -610.99636 -588.75608 -566.36907 -543.84090 -521.17720 -498.38361 -475.46581 -452.42952 -429.28047 -406.02444 -382.66721 -359.21462 -335.67250 -312.04673 -288.34319 -264.56779 -240.72645 -216.82512 -192.86974 -168.86631 -144.82079 -120.73917 -96.62747 -72.49168 -48.33782 -24.17192 0.00000 0.00000
-24.49196 -48.97782 -73.45147 -97.90682 -122.33776 -146.73822 -171.10210 -195.42334 -219.69588 -243.91367 -268.07067 -292.16086 -316.17824 -340.11682 -363.97063 -387.73374 -411.40021 -434.96416 -458.41970 -481.76099 -504.98222 -528.07760 -551.04137 -573.86781 -596.55123 -619.08597 -641.46643 -663.68702 -685.74220 -707.62648 -729.33441 -750.86058 -772.19961 -793.34619 -814.29506 -835.04098 -855.57880 -875.90339 -896.00968 -915.89267 -935.54740 -954.96898 -974.15255 -993.09335 -1011.78664 -1030.22778 -1048.41216 -1066.33526 -1083.99260 -1101.37979 -1118.49249 -1135.32644 -1151.87745 -1168.14138 -1184.11419 -1199.79189 -1215.17057 -1230.24641 -1245.01565 -1259.47461 -1273.61967 -1287.44733 -1300.95412 -1314.13669 -1326.99175 -1339.51610 -1351.70660 -1363.56024 -1375.07405 -1386.24516 -1397.07079 -1407.54824 -1417.67490 -1427.44825 -1436.86584 -1445.92534 -1454.62448 -1462.96110 -1470.93312 -1478.53856 -1485.77550 -1492.64217 -1499.13683 -1505.25788 -1511.00379 -1516.37312 -1521.36455 -1525.97681 -1530.20877 -1534.05937 -1537.52765 -1540.61275 -1543.31389 -1545.63041 -1547.56172 -1549.10735 -1550.26691 -1551.04011 -1551.42676 -1551.42676 -1551.04011 -1550.26691 -1549.10735 -1547.56172 -1545.63041 -1543.31389 -1540.61275 -1537.52765 -1534.05937 -1530.20877 -1525.97681 -1521.36455 -1516.37312 -1511.00379 -1505.25788 -1499.13683 -1492.64217 -1485.77550 -1478.53856 -1470.93312 -1462.96110 -1454.62448 -1445.92534 -1436.86584 -1427.44825 -1417.67490 -1407.54824 -1397.07079 -1386.24516 -1375.07405 -1363.56024 -1351.70660 -1339.51610 -1326.99175 -1314.13669 -1300.95412 -1287.44733 -1273.61967 -1259.47461 -1245.01565 -1230.24641 -1215.17057 -1199.79189 -1184.11419 -1168.14138 -1151.87745 -1135.32644 -1118.49249 -1101.37979 -1083.99260 -1066.33526 -1048.41216 -1030.22778 -1011.78664 -993.09335 -974.15255 -954.96898 -935.54740 -915.89267 -896.00968 -875.90339 -855.57880 -835.04098 -814.29506 -793.34619 -772.19961 -750.86058 -729.33441 -707.62648 -685.74220 -663.68702 -641.46643 -619.08597 -596.55123 -573.86781 -551.04137 -528.07760 -504.98222 -481.76099 -458.41970 -434.96416 -411.40021 -387.73374 -363.97063 -340.11682 -316.17824 -292.16086 -268.07067 -243.91367 -219.69588 -195.42334 -171.10210 -146.73822 -122.33776 -97.90682 -73.45147 -48.97782 -24.49196 0.00000 0.00000
-24.80589 -49.60561 -74.39296 -99.16176 -123.90586 -148.61908 -173.29525 -197.92824 -222.51190 -247.04011 -271.50675 -295.90572 -320.23095 -344.47636 -368.63593 -392.70363 -416.67345 -440.53944 -464.29563 -487.93611 -511.45498 -534.84639 -558.10450 -581.22353 -604.19770 -627.02129 -649.68861 -672.19402 -694.53190 -716.69670 -738.68287 -760.48495 -782.09750 -803.51514 -824.73252 -845.74437 -866.54543 -887.13054 -907.49455 -927.63240 -947.53906 -967.20957 -986.63904 -1005.82261 -1024.75552 -1043.43303 -1061.85049 -1080.00333 -1097.88700 -1115.49705 -1132.82910 -1149.87883 -1166.64198 -1183.11438 -1199.29192 -1215.17057 -1230.74638 -1246.01546 -1260.97401 -1275.61829 -1289.94467 -1303.94956 -1317.62948 -1330.98103 -1344.00086 -1356.68574 -1369.03250 -1381.03808 -1392.69947 -1404.01377 -1414.97816 -1425.58991 -1435.84637 -1445.74498 -1455.28329 -1464.45891 -1473.26956 -1481.71304 -1489.78724 -1497.49016 -1504.81987 -1511.77455 -1518.35246 -1524.55197 -1530.37153 -1535.80968 -1540.86509 -1545.53647 -1549.82268 -1553.72263 -1557.23537 -1560.36001 -1563.09577 -1565.44198 -1567.39805 -1568.96349 -1570.13791 -1570.92103 -1571.31263 -1571.31263 -1570.92103 -1570.13791 -1568.96349 -1567.39805 -1565.44198 -1563.09577 -1560.36001 -1557.23537 -1553.72263 -1549.82268 -1545.53647 -1540.86509 -1535.80968 -1530.37153 -1524.55197 -1518.35246 -1511.77455 -1504.81987 -1497.49016 -1489.78724 -1481.71304 -1473.26956 -1464.45891 -1455.28329 -1445.74498 -1435.84637 -1425.58991 -1414.97816 -1404.01377 -1392.69947 -1381.03808 -1369.03250 -1356.68574 -1344.00086 -1330.98103 -1317.62948 -1303.94956 -1289.94467 -1275.61829 -1260.97401 -1246.01546 -1230.74638 -1215.17057 -1199.29192 -1183.11438 -1166.64198 -1149.87883 -1132.82910 -1115.49705 -1097.88700 -1080.00333 -1061.85049 -1043.43303 -1024.75552 -1005.82261 -986.63904 -967.20957 -947.53906 -927.63240 -907.49455 -887.13054 -866.54543 -845.74437 -824.73252 -803.51514 -782.09750 -760.48495 -738.68287 -716.69670 -694.53190 -672.19402 -649.68861 -627.02129 -604.19770 -581.22353 -558.10450 -534.84639 -511.45498 -487.93611 -464.29563 -440.53944 -416.67345 -392.70363 -368.63593 -344.47636 -320.23095 -295.90572 -271.50675 -247.04011 -222.51190 -197.92824 -173.29525 -148.61908 -123.90586 -99.16176 -74.39296 -49.60561 -24.80589 0.00000 0.00000
-25.11365 -50.22103 -75.31590 -100.39200 -125.44308 -150.46290 -175.44522 -200.38381 -225.27246 -250.10498 -274.87516 -299.57683 -324.20384 -348.75006 -373.20936 -397.57565 -421.84285 -446.00493 -470.05585 -493.98962 -517.80027 -541.48189 -565.02855 -588.43439 -611.69359 -634.80034 -657.74888 -680.53350 -703.14852 -725.58829 -747.84724 -769.91980 -791.80049 -813.48384 -834.96445 -856.23698 -877.29611 -898.13660 -918.75325 -939.14094 -959.29457 -979.20912 -998.87964 -1018.30121 -1037.46900 -1056.37823 -1075.02419 -1093.40223 -1111.50778 -1129.33631 -1146.88338 -1164.14463 -1181.11576 -1197.79252 -1214.17076 -1230.24641 -1246.01546 -1261.47398 -1276.61810 -1291.44407 -1305.94818 -1320.12683 -1333.97647 -1347.49365 -1360.67501 -1373.51727 -1386.01721 -1398.17173 -1409.97780 -1421.43246 -1432.53288 -1443.27628 -1453.65999 -1463.68141 -1473.33806 -1482.62752 -1491.54747 -1500.09570 -1508.27008 -1516.06856 -1523.48921 -1530.53017 -1537.18969 -1543.46611 -1549.35787 -1554.86349 -1559.98161 -1564.71095 -1569.05033 -1572.99867 -1576.55499 -1579.71839 -1582.48810 -1584.86342 -1586.84375 -1588.42862 -1589.61761 -1590.41043 -1590.80690 -1590.80690 -1590.41043 -1589.61761 -1588.42862 -1586.84375 -1584.86342 -1582.48810 -1579.71839 -1576.55499 -1572.99867 -1569.05033 -1564.71095 -1559.98161 -1554.86349 -1549.35787 -1543.46611 -1537.18969 -1530.53017 -1523.48921 -1516.06856 -1508.27008 -1500.09570 -1491.54747 -1482.62752 -1473.33806 -1463.68141 -1453.65999 -1443.27628 -1432.53288 -1421.43246 -1409.97780 -1398.17173 -1386.01721 -1373.51727 -1360.67501 -1347.49365 -1333.97647 -1320.12683 -1305.94818 -1291.44407 -1276.61810 -1261.47398 -1246.01546 -1230.24641 -1214.17076 -1197.79252 -1181.11576 -1164.14463 -1146.88338 -1129.33631 -1111.50778 -1093.40223 -1075.02419 -1056.37823 -1037.46900 -1018.30121 -998.87964 -979.20912 -959.29457 -939.14094 -918.75325 -898.13660 -877.29611 -856.23698 -834.96445 -813.48384 -791.80049 -769.91980 -747.84724 -725.58829 -703.14852 -680.53350 -657.74888 -634.80034 -611.69359 -588.43439 -565.02855 -541.48189 -517.80027 -493.98962 -470.05585 -446.00493 -421.84285 -397.57565 -373.20936 -348.75006 -324.20384 -299.57683 -274.87516 -250.10498 -225.27246 -200.38381 -175.44522 -150.46290 -125.44308 -100.39200 -75.31590 -50.22103 -25.11365 0.00000 0.00000
-25.41514 -50.82394 -76.22008 -101.59722 -126.94904 -152.26922 -177.55145 -202.78944 -227.97688 -253.10751 -278.17506 -303.17328 -328.09595 -352.93684 -377.68978 -402.34859 -426.90712 -451.35926 -475.69892 -499.92001 -524.01652 -547.98243 -571.81178 -595.49861 -619.03704 -642.42118 -665.64523 -688.70338 -711.58989 -734.29906 -756.82522 -779.16277 -801.30613 -823.24980 -844.98829 -866.51619 -887.82814 -908.91882 -929.78298 -950.41542 -970.81100 -990.96463 -1010.87129 -1030.52602 -1049.92392 -1069.06016 -1087.92997 -1106.52864 -1124.85154 -1142.89411 -1160.65184 -1178.12031 -1195.29517 -1212.17214 -1228.74701 -1245.01565 -1260.97401 -1276.61810 -1291.94404 -1306.94799 -1321.62623 -1335.97509 -1349.99100 -1363.67046 -1377.01006 -1390.00649 -1402.65649 -1414.95693 -1426.90473 -1438.49691 -1449.73059 -1460.60297 -1471.11133 -1481.25306 -1491.02564 -1500.42662 -1509.45366 -1518.10451 -1526.37702 -1534.26912 -1541.77885 -1548.90434 -1555.64381 -1561.99558 -1567.95807 -1573.52979 -1578.70935 -1583.49547 -1587.88694 -1591.88269 -1595.48170 -1598.68308 -1601.48604 -1603.88987 -1605.89398 -1607.49787 -1608.70113 -1609.50348 -1609.90470 -1609.90470 -1609.50348 -1608.70113 -1607.49787 -1605.89398 -1603.88987 -1601.48604 -1598.68308 -1595.48170 -1591.88269 -1587.88694 -1583.49547 -1578.70935 -1573.52979 -1567.95807 -1561.99558 -1555.64381 -1548.90434 -1541.77885 -1534.26912 -1526.37702 -1518.10451 -1509.45366 -1500.42662 -1491.02564 -1481.25306 -1471.11133 -1460.60297 -1449.73059 -1438.49691 -1426.90473 -1414.95693 -1402.65649 -1390.00649 -1377.01006 -1363.67046 -1349.99100 -1335.97509 -1321.62623 -1306.94799 -1291.94404 -1276.61810 -1260.97401 -1245.01565 -1228.74701 -1212.17214 -1195.29517 -1178.12031 -1160.65184 -1142.89411 -1124.85154 -1106.52864 -1087.92997 -1069.06016 -1049.92392 -1030.52602 -1010.87129 -990.96463 -970.81100 -950.41542 -929.78298 -908.91882 -887.82814 -866.51619 -844.98829 -823.24980 -801.30613 -779.16277 -756.82522 -734.29906 -711.58989 -688.70338 -665.64523 -642.42118 -619.03704 -595.49861 -571.81178 -547.98243 -524.01652 -499.92001 -475.69892 -451.35926 -426.90712 -402.34859 -377.68978 -352.93684 -328.09595 -303.17328 -278.17506 -253.10751 -227.97688 -202.78944 -177.55145 -152.26922 -126.94904 -101.59722 -76.22008 -50.82394 -25.41514 0.00000 0.00000
-25.71029 -51.41418 -77.10526 -102.77711 -128.42336 -154.03760 -179.61344 -205.14453 -230.62449 -256.04697 -281.40564 -306.69418 -331.90628 -357.03566 -382.07607 -407.02125 -431.86500 -456.60111 -481.22343 -505.72582 -530.10217 -554.34641 -578.45250 -602.41442 -626.22621 -649.88192 -673.37568 -696.70161 -719.85392 -742.82682 -765.61459 -788.21155 -810.61208 -832.81058 -854.80154 -876.57945 -898.13891 -919.47453 -940.58099 -961.45305 -982.08549 -1002.47317 -1022.61102 -1042.49401 -1062.11719 -1081.47566 -1100.56461 -1119.37928 -1137.91497 -1156.16708 -1174.13104 -1191.80238 -1209.17670 -1226.24967 -1243.01703 -1259.47461 -1275.61829 -1291.44407 -1306.94799 -1322.12620 -1336.97490 -1351.49040 -1365.66908 -1379.50740 -1393.00193 -1406.14929 -1418.94620 -1431.38949 -1443.47604 -1455.20285 -1466.56700 -1477.56564 -1488.19604 -1498.45555 -1508.34162 -1517.85178 -1526.98365 -1535.73497 -1544.10355 -1552.08731 -1559.68426 -1566.89250 -1573.71024 -1580.13577 -1586.16751 -1591.80393 -1597.04365 -1601.88535 -1606.32782 -1610.36997 -1614.01078 -1617.24934 -1620.08485 -1622.51660 -1624.54398 -1626.16650 -1627.38374 -1628.19540 -1628.60128 -1628.60128 -1628.19540 -1627.38374 -1626.16650 -1624.54398 -1622.51660 -1620.08485 -1617.24934 -1614.01078 -1610.36997 -1606.32782 -1601.88535 -1597.04365 -1591.80393 -1586.16751 -1580.13577 -1573.71024 -1566.89250 -1559.68426 -1552.08731 -1544.10355 -1535.73497 -1526.98365 -1517.85178 -1508.34162 -1498.45555 -1488.19604 -1477.56564 -1466.56700 -1455.20285 -1443.47604 -1431.38949 -1418.94620 -1406.14929 -1393.00193 -1379.50740 -1365.66908 -1351.49040 -1336.97490 -1322.12620 -1306.94799 -1291.44407 -1275.61829 -1259.47461 -1243.01703 -1226.24967 -1209.17670 -1191.80238 -1174.13104 -1156.16708 -1137.91497 -1119.37928 -1100.56461 -1081.47566 -1062.11719 -1042.49401 -1022.61102 -1002.47317 -982.08549 -961.45305 -940.58099 -919.47453 -898.13891 -876.57945 -854.80154 -832.81058 -810.61208 -788.21155 -765.61459 -742.82682 -719.85392 -696.70161 -673.37568 -649.88192 -626.22621 -602.41442 -578.45250 -554.34641 -530.10217 -505.72582 -481.22343 -456.60111 -431.86500 -407.02125 -382.07607 -357.03566 -331.90628 -306.69418 -281.40564 -256.04697 -230.62449 -205.14453 -179.61344 -154.03760 -128.42336 -102.77711 -77.10526 -51.41418 -25.71029 0.00000 0.00000
-25.99905 -51.99161 -77.97122 -103.93140 -129.86567 -155.76758 -181.63067 -207.44849 -233.21461 -258.92261 -284.56608 -310.13864 -335.63389 -361.04551 -386.36714 -411.59248 -436.71524 -461.72916 -486.62802 -511.40559 -536.05571 -560.57223 -584.94905 -609.18009 -633.25931 -657.18070 -680.93831 -704.52622 -727.93854 -751.16945 -774.21315 -797.06390 -819.71600 -842.16382 -864.40175 -886.42425 -908.22584 -929.80108 -951.14459 -972.25105 -993.11522 -1013.73187 -1034.09589 -1054.20218 -1074.04575 -1093.62164 -1112.92497 -1131.95095 -1150.69481 -1169.15190 -1187.31762 -1205.18742 -1222.75688 -1240.02159 -1256.97726 -1273.61967 -1289.94467 -1305.94818 -1321.62623 -1336.97490 -1351.99036 -1366.66889 -1381.00681 -1395.00055 -1408.64663 -1421.94165 -1434.88228 -1447.46532 -1459.68762 -1471.54613 -1483.03790 -1494.16007 -1504.90986 -1515.28460 -1525.28169 -1534.89866 -1544.13309 -1552.98270 -1561.44527 -1569.51869 -1577.20096 -1584.49015 -1591.38446 -1597.88216 -1603.98164 -1609.68137 -1614.97993 -1619.87600 -1624.36837 -1628.45592 -1632.13761 -1635.41255 -1638.27990 -1640.73896 -1642.78912 -1644.42986 -1645.66077 -1646.48154 -1646.89198 -1646.89198 -1646.48154 -1645.66077 -1644.42986 -1642.78912 -1640.73896 -1638.27990 -1635.41255 -1632.13761 -1628.45592 -1624.36837 -1619.87600 -1614.97993 -1609.68137 -1603.98164 -1597.88216 -1591.38446 -1584.49015 -1577.20096 -1569.51869 -1561.44527 -1552.98270 -1544.13309 -1534.89866 -1525.28169 -1515.28460 -1504.90986 -1494.16007 -1483.03790 -1471.54613 -1459.68762 -1447.46532 -1434.88228 -1421.94165 -1408.64663 -1395.00055 -1381.00681 -1366.66889 -1351.99036 -1336.97490 -1321.62623 -1305.94818 -1289.94467 -1273.61967 -1256.97726 -1240.02159 -1222.75688 -1205.18742 -1187.31762 -1169.15190 -1150.69481 -1131.95095 -1112.92497 -1093.62164 -1074.04575 -1054.20218 -1034.09589 -1013.73187 -993.11522 -972.25105 -951.14459 -929.80108 -908.22584 -886.42425 -864.40175 -842.16382 -819.71600 -797.06390 -774.21315 -751.16945 -727.93854 -704.52622 -680.93831 -657.18070 -633.25931 -609.18009 -584.94905 -560.57223 -536.05571 -511.40559 -486.62802 -461.72916 -436.71524 -411.59248 -386.36714 -361.04551 -335.63389 -310.13864 -284.56608 -258.92261 -233.21461 -207.44849 -181.63067 -155.76758 -129.86567 -103.93140 -77.97122 -51.99161 -25.99905 0.00000 0.00000
-26.28132 -52.55608 -78.81775 -105.05978 -131.27562 -157.45874 -183.60263 -209.70075 -235.74662 -261.73373 -287.65561 -313.50580 -339.27786 -364.96537 -390.56191 -416.06112 -441.45665 -466.74214 -491.91132 -516.95791 -541.87565 -566.65835 -591.29983 -615.79394 -640.13458 -664.31569 -688.33124 -712.17524 -735.84175 -759.32488 -782.61876 -805.71760 -828.61564 -851.30717 -873.78653 -896.04813 -918.08642 -939.89590 -961.47114 -982.80676 -1003.89744 -1024.73793 -1045.32304 -1065.64762 -1085.70663 -1105.49506 -1125.00797 -1144.24051 -1163.18788 -1181.84535 -1200.20829 -1218.27211 -1236.03231 -1253.48447 -1270.62423 -1287.44733 -1303.94956 -1320.12683 -1335.97509 -1351.49040 -1366.66889 -1381.50677 -1396.00036 -1410.14603 -1423.94027 -1437.37963 -1450.46076 -1463.18041 -1475.53541 -1487.52267 -1499.13920 -1510.38212 -1521.24863 -1531.73600 -1541.84164 -1551.56301 -1560.89770 -1569.84339 -1578.39783 -1586.55891 -1594.32458 -1601.69292 -1608.66208 -1615.23032 -1621.39602 -1627.15763 -1632.51372 -1637.46295 -1642.00410 -1646.13602 -1649.85769 -1653.16818 -1656.06666 -1658.55242 -1660.62483 -1662.28339 -1663.52766 -1664.35735 -1664.77224 -1664.77224 -1664.35735 -1663.52766 -1662.28339 -1660.62483 -1658.55242 -1656.06666 -1653.16818 -1649.85769 -1646.13602 -1642.00410 -1637.46295 -1632.51372 -1627.15763 -1621.39602 -1615.23032 -1608.66208 -1601.69292 -1594.32458 -1586.55891 -1578.39783 -1569.84339 -1560.89770 -1551.56301 -1541.84164 -1531.73600 -1521.24863 -1510.38212 -1499.13920 -1487.52267 -1475.53541 -1463.18041 -1450.46076 -1437.37963 -1423.94027 -1410.14603 -1396.00036 -1381.50677 -1366.66889 -1351.49040 -1335.97509 -1320.12683 -1303.94956 -1287.44733 -1270.62423 -1253.48447 -1236.03231 -1218.27211 -1200.20829 -1181.84535 -1163.18788 -1144.24051 -1125.00797 -1105.49506 -1085.70663 -1065.64762 -1045.32304 -1024.73793 -1003.89744 -982.80676 -961.47114 -939.89590 -918.08642 -896.04813 -873.78653 -851.30717 -828.61564 -805.71760 -782.61876 -759.32488 -735.84175 -712.17524 -688.33124 -664.31569 -640.13458 -615.79394 -591.29983 -566.65835 -541.87565 -516.95791 -491.91132 -466.74214 -441.45665 -416.06112 -390.56191 -364.96537 -339.27786 -313.50580 -287.65561 -261.73373 -235.74662 -209.70075 -183.60263 -157.45874 -131.27562 -105.05978 -78.81775 -52.55608 -26.28132 0.00000 0.00000
-26.55704 -53.10746 -79.64464 -106.16197 -132.65285 -159.11067 -185.52883 -211.90075 -238.21987 -264.47962 -290.67345 -316.79484 -342.83727 -368.79427 -394.65935 -420.42608 -446.08803 -471.63880 -497.07203 -522.38139 -547.56055 -572.60325 -597.50324 -622.25432 -646.85033 -671.28512 -695.55262 -719.64677 -743.56157 -767.29106 -790.82933 -814.17050 -837.30876 -860.23835 -882.95355 -905.44870 -927.71820 -949.75648 -971.55807 -993.11752 -1014.42947 -1035.48860 -1056.28967 -1076.82749 -1097.09693 -1117.09296 -1136.81059 -1156.24490 -1175.39105 -1194.24426 -1212.79985 -1231.05318 -1248.99971 -1266.63495 -1283.95453 -1300.95412 -1317.62948 -1333.97647 -1349.99100 -1365.66908 -1381.00681 -1396.00036 -1410.64600 -1424.94008 -1438.87903 -1452.45938 -1465.67775 -1478.53085 -1491.01546 -1503.12848 -1514.86689 -1526.22776 -1537.20826 -1547.80566 -1558.01732 -1567.84068 -1577.27331 -1586.31284 -1594.95703 -1603.20373 -1611.05087 -1618.49651 -1625.53878 -1632.17594 -1638.40632 -1644.22838 -1649.64066 -1654.64181 -1659.23060 -1663.40587 -1667.16658 -1670.51180 -1673.44069 -1675.95253 -1678.04669 -1679.72264 -1680.97997 -1681.81836 -1682.23761 -1682.23761 -1681.81836 -1680.97997 -1679.72264 -1678.04669 -1675.95253 -1673.44069 -1670.51180 -1667.16658 -1663.40587 -1659.23060 -1654.64181 -1649.64066 -1644.22838 -1638.40632 -1632.17594 -1625.53878 -1618.49651 -1611.05087 -1603.20373 -1594.95703 -1586.31284 -1577.27331 -1567.84068 -1558.01732 -1547.80566 -1537.20826 -1526.22776 -1514.86689 -1503.12848 -1491.01546 -1478.53085 -1465.67775 -1452.45938 -1438.87903 -1424.94008 -1410.64600 -1396.00036 -1381.00681 -1365.66908 -1349.99100 -1333.97647 -1317.62948 -1300.95412 -1283.95453 -1266.63495 -1248.99971 -1231.05318 -1212.79985 -1194.24426 -1175.39105 -1156.24490 -1136.81059 -1117.09296 -1097.09693 -1076.82749 -1056.28967 -1035.48860 -1014.42947 -993.11752 -971.55807 -949.75648 -927.71820 -905.44870 -882.95355 -860.23835 -837.30876 -814.17050 -790.82933 -767.29106 -743.56157 -719.64677 -695.55262 -671.28512 -646.85033 -622.25432 -597.50324 -572.60325 -547.56055 -522.38139 -497.07203 -471.63880 -446.08803 -420.42608 -394.65935 -368.79427 -342.83727 -316.79484 -290.67345 -264.47962 -238.21987 -211.90075 -185.52883 -159.11067 -132.65285 -106.16197 -79.64464 -53.10746 -26.55704 0.00000 0.00000
-26.82614 -53.64559 -80.45168 -107.23771 -133.99702 -160.72294 -187.40879 -214.04795 -240.63375 -267.15959 -293.61884 -320.00492 -346.31125 -372.53126 -398.65844 -424.68626 -450.60824 -476.41792 -502.10887 -527.67468 -553.10898 -578.40544 -603.55774 -628.55963 -653.40486 -678.08726 -702.60066 -726.93895 -751.09608 -775.06602 -798.84280 -822.42049 -845.79322 -868.95515 -891.90052 -914.62362 -937.11877 -959.38037 -981.40287 -1003.18079 -1024.70869 -1045.98121 -1066.99305 -1087.73898 -1108.21382 -1128.41247 -1148.32989 -1167.96113 -1187.30129 -1206.34554 -1225.08915 -1243.52744 -1261.65582 -1279.46977 -1296.96484 -1314.13669 -1330.98103 -1347.49365 -1363.67046 -1379.50740 -1395.00055 -1410.14603 -1424.94008 -1439.37900 -1453.45919 -1467.17716 -1480.52947 -1493.51280 -1506.12392 -1518.35968 -1530.21704 -1541.69303 -1552.78480 -1563.48958 -1573.80471 -1583.72761 -1593.25582 -1602.38695 -1611.11873 -1619.44899 -1627.37565 -1634.89674 -1642.01037 -1648.71478 -1655.00829 -1660.88934 -1666.35647 -1671.40830 -1676.04358 -1680.26116 -1684.05998 -1687.43910 -1690.39767 -1692.93496 -1695.05034 -1696.74327 -1698.01334 -1698.86023 -1699.28373 -1699.28373 -1698.86023 -1698.01334 -1696.74327 -1695.05034 -1692.93496 -1690.39767 -1687.43910 -1684.05998 -1680.26116 -1676.04358 -1671.40830 -1666.35647 -1660.88934 -1655.00829 -1648.71478 -1642.01037 -1634.89674 -1627.37565 -1619.44899 -1611.11873 -1602.38695 -1593.25582 -1583.72761 -1573.80471 -1563.48958 -1552.78480 -1541.69303 -1530.21704 -1518.35968 -1506.12392 -1493.51280 -1480.52947 -1467.17716 -1453.45919 -1439.37900 -1424.94008 -1410.14603 -1395.00055 -1379.50740 -1363.67046 -1347.49365 -1330.98103 -1314.13669 -1296.96484 -1279.46977 -1261.65582 -1243.52744 -1225.08915 -1206.34554 -1187.30129 -1167.96113 -1148.32989 -1128.41247 -1108.21382 -1087.73898 -1066.99305 -1045.98121 -1024.70869 -1003.18079 -981.40287 -959.38037 -937.11877 -914.62362 -891.90052 -868.95515 -845.79322 -822.42049 -798.84280 -775.06602 -751.09608 -726.93895 -702.60066 -678.08726 -653.40486 -628.55963 -603.55774 -578.40544 -553.10898 -527.67468 -502.10887 -476.41792 -450.60824 -424.68626 -398.65844 -372.53126 -346.31125 -320.00492 -293.61884 -267.15959 -240.63375 -214.04795 -187.40879 -160.72294 -133.99702 -107.23771 -80.45168 -53.64559 -26.82614 0.00000 0.00000
-27.08856 -54.17036 -81.23867 -108.28673 -135.30780 -162.29515 -189.24205 -216.14179 -242.98766 -269.77298 -296.49106 -323.13525 -349.69891 -376.17541 -402.55817 -428.84060 -455.01615 -481.07830 -507.02056 -532.83646 -558.51956 -584.06347 -609.46182 -634.70828 -659.79656 -684.72040 -709.47359 -734.04997 -758.44341 -782.64782 -806.65719 -830.46552 -854.06688 -877.45538 -900.62521 -923.57059 -946.28579 -968.76515 -991.00308 -1012.99403 -1034.73252 -1056.21314 -1077.43052 -1098.37939 -1119.05451 -1139.45075 -1159.56301 -1179.38628 -1198.91562 -1218.14617 -1237.07314 -1255.69179 -1273.99751 -1291.98571 -1309.65193 -1326.99175 -1344.00086 -1360.67501 -1377.01006 -1393.00193 -1408.64663 -1423.94027 -1438.87903 -1453.45919 -1467.67712 -1481.52928 -1495.01220 -1508.12254 -1520.85702 -1533.21248 -1545.18582 -1556.77407 -1567.97434 -1578.78384 -1589.19988 -1599.21985 -1608.84126 -1618.06171 -1626.87891 -1635.29066 -1643.29486 -1650.88951 -1658.07273 -1664.84272 -1671.19780 -1677.13638 -1682.65699 -1687.75824 -1692.43886 -1696.69770 -1700.53368 -1703.94585 -1706.93337 -1709.49548 -1711.63154 -1713.34104 -1714.62353 -1715.47870 -1715.90634 -1715.90634 -1715.47870 -1714.62353 -1713.34104 -1711.63154 -1709.49548 -1706.93337 -1703.94585 -1700.53368 -1696.69770 -1692.43886 -1687.75824 -1682.65699 -1677.13638 -1671.19780 -1664.84272 -1658.07273 -1650.88951 -1643.29486 -1635.29066 -1626.87891 -1618.06171 -1608.84126 -1599.21985 -1589.19988 -1578.78384 -1567.97434 -1556.77407 -1545.18582 -1533.21248 -1520.85702 -1508.12254 -1495.01220 -1481.52928 -1467.67712 -1453.45919 -1438.87903 -1423.94027 -1408.64663 -1393.00193 -1377.01006 -1360.67501 -1344.00086 -1326.99175 -1309.65193 -1291.98571 -1273.99751 -1255.69179 -1237.07314 -1218.14617 -1198.91562 -1179.38628 -1159.56301 -1139.45075 -1119.05451 -1098.37939 -1077.43052 -1056.21314 -1034.73252 -1012.99403 -991.00308 -968.76515 -946.28579 -923.57059 -900.62521 -877.45538 -854.06688 -830.46552 -806.65719 -782.64782 -758.44341 -734.04997 -709.47359 -684.72040 -659.79656 -634.70828 -609.46182 -584.06347 -558.51956 -532.83646 -507.02056 -481.07830 -455.01615 -428.84060 -402.55817 -376.17541 -349.69891 -323.13525 -296.49106 -269.77298 -242.98766 -216.14179 -189.24205 -162.29515 -135.30780 -108.28673 -81.23867 -54.17036 -27.08856 0.00000 0.00000
-27.34422 -54.68163 -82.00541 -109.30875 -136.58485 -163.82691 -191.02815 -218.18177 -245.28102 -272.31914 -299.28939 -326.18505 -352.99942 -379.72581 -406.35757 -432.88806 -459.31066 -485.61879 -511.80590 -537.86545 -563.79096 -589.57595 -615.21401 -640.69875 -666.02381 -691.18289 -716.16971 -740.97804 -765.60171 -790.03457 -814.27054 -838.30357 -862.12769 -885.73694 -909.12545 -932.28738 -955.21697 -977.90850 -1000.35632 -1022.55482 -1044.49848 -1066.18183 -1087.59947 -1108.74606 -1129.61632 -1150.20505 -1170.50714 -1190.51750 -1210.23117 -1229.64322 -1248.74882 -1267.54320 -1286.02168 -1304.17966 -1322.01262 -1339.51610 -1356.68574 -1373.51727 -1390.00649 -1406.14929 -1421.94165 -1437.37963 -1452.45938 -1467.17716 -1481.52928 -1495.51217 -1509.12235 -1522.35643 -1535.21110 -1547.68316 -1559.76952 -1571.46714 -1582.77312 -1593.68464 -1604.19898 -1614.31352 -1624.02574 -1633.33322 -1642.23364 -1650.72478 -1658.80452 -1666.47085 -1673.72187 -1680.55576 -1686.97082 -1692.96545 -1698.53815 -1703.68755 -1708.41235 -1712.71138 -1716.58357 -1720.02795 -1723.04366 -1725.62995 -1727.78618 -1729.51181 -1730.80640 -1731.66965 -1732.10132 -1732.10132 -1731.66965 -1730.80640 -1729.51181 -1727.78618 -1725.62995 -1723.04366 -1720.02795 -1716.58357 -1712.71138 -1708.41235 -1703.68755 -1698.53815 -1692.96545 -1686.97082 -1680.55576 -1673.72187 -1666.47085 -1658.80452 -1650.72478 -1642.23364 -1633.33322 -1624.02574 -1614.31352 -1604.19898 -1593.68464 -1582.77312 -1571.46714 -1559.76952 -1547.68316 -1535.21110 -1522.35643 -1509.12235 -1495.51217 -1481.52928 -1467.17716 -1452.45938 -1437.37963 -1421.94165 -1406.14929 -1390.00649 -1373.51727 -1356.68574 -1339.51610 -1322.01262 -1304.17966 -1286.02168 -1267.54320 -1248.74882 -1229.64322 -1210.23117 -1190.51750 -1170.50714 -1150.20505 -1129.61632 -1108.74606 -1087.59947 -1066.18183 -1044.49848 -1022.55482 -1000.35632 -977.90850 -955.21697 -932.28738 -909.12545 -885.73694 -862.12769 -838.30357 -814.27054 -790.03457 -765.60171 -740.97804 -716.16971 -691.18289 -666.02381 -640.69875 -615.21401 -589.57595 -563.79096 -537.86545 -511.80590 -485.61879 -459.31066 -432.88806 -406.35757 -379.72581 -352.99942 -326.18505 -299.28939 -272.31914 -245.28102 -218.18177 -191.02815 -163.82691 -136.58485 -109.30875 -82.00541 -54.68163 -27.34422 0.00000 0.00000
-27.59307 -55.17927 -82.75172 -110.30354 -137.82787 -165.31785 -192.76663 -220.16737 -247.51324 -274.79743 -302.01312 -329.15355 -356.21195 -383.18158 -410.05570 -436.82763 -463.49070 -490.03825 -516.46368 -542.76039 -568.92184 -594.94150 -620.81288 -646.52955 -672.08508 -697.47312 -722.68734 -747.72145 -772.56920 -797.22442 -821.68096 -845.93271 -869.97364 -893.79775 -917.39911 -940.77183 -963.91010 -986.80814 -1009.46024 -1031.86077 -1054.00413 -1075.88482 -1097.49737 -1118.83640 -1139.89660 -1160.67270 -1181.15955 -1201.35202 -1221.24510 -1240.83381 -1260.11328 -1279.07871 -1297.72536 -1316.04859 -1334.04383 -1351.70660 -1369.03250 -1386.01721 -1402.65649 -1418.94620 -1434.88228 -1450.46076 -1465.67775 -1480.52947 -1495.01220 -1509.12235 -1522.85639 -1536.21091 -1549.18257 -1561.76814 -1573.96448 -1585.76856 -1597.17743 -1608.18826 -1618.79828 -1629.00487 -1638.80548 -1648.19766 -1657.17908 -1665.74750 -1673.90077 -1681.63687 -1688.95388 -1695.84996 -1702.32340 -1708.37259 -1713.99601 -1719.19227 -1723.96007 -1728.29822 -1732.20565 -1735.68137 -1738.72453 -1741.33436 -1743.51021 -1745.25154 -1746.55792 -1747.42902 -1747.86463 -1747.86463 -1747.42902 -1746.55792 -1745.25154 -1743.51021 -1741.33436 -1738.72453 -1735.68137 -1732.20565 -1728.29822 -1723.96007 -1719.19227 -1713.99601 -1708.37259 -1702.32340 -1695.84996 -1688.95388 -1681.63687 -1673.90077 -1665.74750 -1657.17908 -1648.19766 -1638.80548 -1629.00487 -1618.79828 -1608.18826 -1597.17743 -1585.76856 -1573.96448 -1561.76814 -1549.18257 -1536.21091 -1522.85639 -1509.12235 -1495.01220 -1480.52947 -1465.67775 -1450.46076 -1434.88228 -1418.94620 -1402.65649 -1386.01721 -1369.03250 -1351.70660 -1334.04383 -1316.04859 -1297.72536 -1279.07871 -1260.11328 -1240.83381 -1221.24510 -1201.35202 -1181.15955 -1160.67270 -1139.89660 -1118.83640 -1097.49737 -1075.88482 -1054.00413 -1031.86077 -1009.46024 -986.80814 -963.91010 -940.77183 -917.39911 -893.79775 -869.97364 -845.93271 -821.68096 -797.22442 -772.56920 -747.72145 -722.68734 -697.47312 -672.08508 -646.52955 -620.81288 -594.94150 -568.92184 -542.76039 -516.46368 -490.03825 -463.49070 -436.82763 -410.05570 -383.18158 -356.21195 -329.15355 -302.01312 -274.79743 -247.51324 -220.16737 -192.76663 -165.31785 -137.82787 -110.30354 -82.75172 -55.17927 -27.59307 0.00000 0.00000
-27.83505 -55.66316 -83.47740 -111.27083 -139.03653 -166.76759 -194.45708 -222.09810 -249.68378 -277.20723 -304.66159 -332.04003 -359.33571 -386.54184 -413.65164 -440.65834 -467.55523 -494.33559 -520.99275 -547.52007 -573.91093 -600.15877 -626.25703 -652.19921 -677.97886 -703.58954 -729.02486 -754.27850 -779.34416 -804.21559 -828.88659 -853.35102 -877.60277 -901.63581 -925.44414 -949.02182 -972.36300 -995.46184 -1018.31259 -1040.90955 -1063.24710 -1085.31966 -1107.12175 -1128.64791 -1149.89279 -1170.85109 -1191.51759 -1211.88714 -1231.95467 -1251.71516 -1271.16370 -1290.29544 -1309.10561 -1327.58953 -1345.74258 -1363.56024 -1381.03808 -1398.17173 -1414.95693 -1431.38949 -1447.46532 -1463.18041 -1478.53085 -1493.51280 -1508.12254 -1522.35643 -1536.21091 -1549.68253 -1562.76795 -1575.46388 -1587.76718 -1599.67478 -1611.18370 -1622.29108 -1632.99415 -1643.29025 -1653.17680 -1662.65134 -1671.71152 -1680.35508 -1688.57985 -1696.38380 -1703.76497 -1710.72152 -1717.25173 -1723.35396 -1729.02670 -1734.26853 -1739.07814 -1743.45434 -1747.39603 -1750.90223 -1753.97207 -1756.60479 -1758.79972 -1760.55632 -1761.87416 -1762.75290 -1763.19232 -1763.19232 -1762.75290 -1761.87416 -1760.55632 -1758.79972 -1756.60479 -1753.97207 -1750.90223 -1747.39603 -1743.45434 -1739.07814 -1734.26853 -1729.02670 -1723.35396 -1717.25173 -1710.72152 -1703.76497 -1696.38380 -1688.57985 -1680.35508 -1671.71152 -1662.65134 -1653.17680 -1643.29025 -1632.99415 -1622.29108 -1611.18370 -1599.67478 -1587.76718 -1575.46388 -1562.76795 -1549.68253 -1536.21091 -1522.35643 -1508.12254 -1493.51280 -1478.53085 -1463.18041 -1447.46532 -1431.38949 -1414.95693 -1398.17173 -1381.03808 -1363.56024 -1345.74258 -1327.58953 -1309.10561 -1290.29544 -1271.16370 -1251.71516 -1231.95467 -1211.88714 -1191.51759 -1170.85109 -1149.89279 -1128.64791 -1107.12175 -1085.31966 -1063.24710 -1040.90955 -1018.31259 -995.46184 -972.36300 -949.02182 -925.44414 -901.63581 -877.60277 -853.35102 -828.88659 -804.21559 -779.34416 -754.27850 -729.02486 -703.58954 -677.97886 -652.19921 -626.25703 -600.15877 -573.91093 -547.52007 -520.99275 -494.33559 -467.55523 -440.65834 -413.65164 -386.54184 -359.33571 -332.04003 -304.66159 -277.20723 -249.68378 -222.09810 -194.45708 -166.76759 -139.03653 -111.27083 -83.47740 -55.66316 -27.83505 0.00000 0.00000
-28.07009 -56.13317 -84.18227 -112.21039 -140.21055 -168.17576 -196.09906 -223.97349 -251.79209 -279.54795 -307.23413 -334.84375 -362.36992 -389.80578 -417.14449 -444.37923 -471.50323 -498.50972 -525.39198 -552.14329 -578.75700 -605.22647 -631.54510 -657.70634 -683.70366 -709.53060 -735.18070 -760.64758 -785.92489 -811.00633 -835.88565 -860.55665 -885.01319 -909.24916 -933.25852 -957.03530 -980.57356 -1003.86745 -1026.91115 -1049.69892 -1072.22508 -1094.48403 -1116.47020 -1138.17813 -1159.60240 -1180.73768 -1201.57868 -1222.12023 -1242.35721 -1262.28456 -1281.89732 -1301.19061 -1320.15961 -1338.79960 -1357.10593 -1375.07405 -1392.69947 -1409.97780 -1426.90473 -1443.47604 -1459.68762 -1475.53541 -1491.01546 -1506.12392 -1520.85702 -1535.21110 -1549.18257 -1562.76795 -1575.96385 -1588.76699 -1601.17418 -1613.18232 -1624.78842 -1635.98959 -1646.78304 -1657.16607 -1667.13611 -1676.69066 -1685.82734 -1694.54388 -1702.83810 -1710.70794 -1718.15144 -1725.16674 -1731.75208 -1737.90584 -1743.62648 -1748.91257 -1753.76279 -1758.17594 -1762.15092 -1765.68673 -1768.78249 -1771.43744 -1773.65090 -1775.42234 -1776.75130 -1777.63746 -1778.08060 -1778.08060 -1777.63746 -1776.75130 -1775.42234 -1773.65090 -1771.43744 -1768.78249 -1765.68673 -1762.15092 -1758.17594 -1753.76279 -1748.91257 -1743.62648 -1737.90584 -1731.75208 -1725.16674 -1718.15144 -1710.70794 -1702.83810 -1694.54388 -1685.82734 -1676.69066 -1667.13611 -1657.16607 -1646.78304 -1635.98959 -1624.78842 -1613.18232 -1601.17418 -1588.76699 -1575.96385 -1562.76795 -1549.18257 -1535.21110 -1520.85702 -1506.12392 -1491.01546 -1475.53541 -1459.68762 -1443.47604 -1426.90473 -1409.97780 -1392.69947 -1375.07405 -1357.10593 -1338.79960 -1320.15961 -1301.19061 -1281.89732 -1262.28456 -1242.35721 -1222.12023 -1201.57868 -1180.73768 -1159.60240 -1138.17813 -1116.47020 -1094.48403 -1072.22508 -1049.69892 -1026.91115 -1003.86745 -980.57356 -957.03530 -933.25852 -909.24916 -885.01319 -860.55665 -835.88565 -811.00633 -785.92489 -760.64758 -735.18070 -709.53060 -683.70366 -657.70634 -631.54510 -605.22647 -578.75700 -552.14329 -525.39198 -498.50972 -471.50323 -444.37923 -417.14449 -389.80578 -362.36992 -334.84375 -307.23413 -279.54795 -251.79209 -223.97349 -196.09906 -168.17576 -140.21055 -112.21039 -84.18227 -56.13317 -28.07009 0.00000 0.00000
-28.29813 -56.58920 -84.86617 -113.12199 -141.34962 -169.54202 -197.69217 -225.79305 -253.83765 -281.81900 -309.73011 -337.56402 -365.31381 -392.97256 -420.53337 -447.98937 -475.33373 -502.55962 -529.66026 -556.62890 -583.45882 -610.14333 -636.67578 -663.04955 -689.25808 -715.29483 -741.15331 -766.82709 -792.30975 -817.59495 -842.67639 -867.54782 -892.20304 -916.63590 -940.84032 -964.81026 -988.53975 -1012.02287 -1035.25378 -1058.22668 -1080.93585 -1103.37562 -1125.54042 -1147.42470 -1169.02302 -1190.33000 -1211.34032 -1232.04875 -1252.45012 -1272.53936 -1292.31146 -1311.76149 -1330.88459 -1349.67602 -1368.13107 -1386.24516 -1404.01377 -1421.43246 -1438.49691 -1455.20285 -1471.54613 -1487.52267 -1503.12848 -1518.35968 -1533.21248 -1547.68316 -1561.76814 -1575.46388 -1588.76699 -1601.67414 -1614.18213 -1626.28782 -1637.98821 -1649.28038 -1660.16152 -1670.62890 -1680.67993 -1690.31210 -1699.52301 -1708.31037 -1716.67197 -1724.60575 -1732.10971 -1739.18200 -1745.82085 -1752.02460 -1757.79172 -1763.12075 -1768.01038 -1772.45938 -1776.46664 -1780.03118 -1783.15209 -1785.82861 -1788.06006 -1789.84588 -1791.18564 -1792.07900 -1792.52574 -1792.52574 -1792.07900 -1791.18564 -1789.84588 -1788.06006 -1785.82861 -1783.15209 -1780.03118 -1776.46664 -1772.45938 -1768.01038 -1763.12075 -1757.79172 -1752.02460 -1745.82085 -1739.18200 -1732.10971 -1724.60575 -1716.67197 -1708.31037 -1699.52301 -1690.31210 -1680.67993 -1670.62890 -1660.16152 -1649.28038 -1637.98821 -1626.28782 -1614.18213 -1601.67414 -1588.76699 -1575.46388 -1561.76814 -1547.68316 -1533.21248 -1518.35968 -1503.12848 -1487.52267 -1471.54613 -1455.20285 -1438.49691 -1421.43246 -1404.01377 -1386.24516 -1368.13107 -1349.67602 -1330.88459 -1311.76149 -1292.31146 -1272.53936 -1252.45012 -1232.04875 -1211.34032 -1190.33000 -1169.02302 -1147.42470 -1125.54042 -1103.37562 -1080.93585 -1058.22668 -1035.25378 -1012.02287 -988.53975 -964.81026 -940.84032 -916.63590 -892.20304 -867.54782 -842.67639 -817.59495 -792.30975 -766.82709 -741.15331 -715.29483 -689.25808 -663.04955 -636.67578 -610.14333 -583.45882 -556.62890 -529.66026 -502.55962 -475.33373 -447.98937 -420.53337 -392.97256 -365.31381 -337.56402 -309.73011 -281.81900 -253.83765 -225.79305 -197.69217 -169.54202 -141.34962 -113.12199 -84.86617 -56.58920 -28.29813 0.00000 0.00000
-28.51912 -57.03112 -85.52892 -114.00540 -142.45346 -170.86603 -199.23601 -227.55634 -255.81995 -284.01981 -312.14889 -340.20017 -368.16667 -396.04141 -423.81745 -451.48786 -479.04576 -506.48427 -533.79655 -560.97580 -588.01524 -614.90813 -641.64778 -668.22751 -694.64071 -720.88079 -746.94121 -772.81548 -798.49715 -823.97981 -849.25712 -874.32278 -899.17054 -923.79420 -948.18764 -972.34477 -996.25957 -1019.92608 -1043.33841 -1066.49071 -1089.37722 -1111.99224 -1134.33012 -1156.38530 -1178.15229 -1199.62566 -1220.80006 -1241.67021 -1262.23091 -1282.47703 -1302.40353 -1322.00545 -1341.27789 -1360.21607 -1378.81524 -1397.07079 -1414.97816 -1432.53288 -1449.73059 -1466.56700 -1483.03790 -1499.13920 -1514.86689 -1530.21704 -1545.18582 -1559.76952 -1573.96448 -1587.76718 -1601.17418 -1614.18213 -1626.78779 -1638.98802 -1650.77978 -1662.16014 -1673.12625 -1683.67538 -1693.80490 -1703.51229 -1712.79513 -1721.65110 -1730.07801 -1738.07374 -1745.63631 -1752.76383 -1759.45452 -1765.70672 -1771.51887 -1776.88952 -1781.81733 -1786.30108 -1790.33964 -1793.93201 -1797.07730 -1799.77471 -1802.02359 -1803.82336 -1805.17358 -1806.07392 -1806.52414 -1806.52414 -1806.07392 -1805.17358 -1803.82336 -1802.02359 -1799.77471 -1797.07730 -1793.93201 -1790.33964 -1786.30108 -1781.81733 -1776.88952 -1771.51887 -1765.70672 -1759.45452 -1752.76383 -1745.63631 -1738.07374 -1730.07801 -1721.65110 -1712.79513 -1703.51229 -1693.80490 -1683.67538 -1673.12625 -1662.16014 -1650.77978 -1638.98802 -1626.78779 -1614.18213 -1601.17418 -1587.76718 -1573.96448 -1559.76952 -1545.18582 -1530.21704 -1514.86689 -1499.13920 -1483.03790 -1466.56700 -1449.73059 -1432.53288 -1414.97816 -1397.07079 -1378.81524 -1360.21607 -1341.27789 -1322.00545 -1302.40353 -1282.47703 -1262.23091 -1241.67021 -1220.80006 -1199.62566 -1178.15229 -1156.38530 -1134.33012 -1111.99224 -1089.37722 -1066.49071 -1043.33841 -1019.92608 -996.25957 -972.34477 -948.18764 -923.79420 -899.17054 -874.32278 -849.25712 -823.97981 -798.49715 -772.81548 -746.94121 -720.88079 -694.64071 -668.22751 -641.64778 -614.90813 -588.01524 -560.97580 -533.79655 -506.48427 -479.04576 -451.48786 -423.81745 -396.04141 -368.16667 -340.20017 -312.14889 -284.01981 -255.81995 -227.55634 -199.23601 -170.86603 -142.45346 -114.00540 -85.52892 -57.03112 -28.51912 0.00000 0.00000
-28.73300 -57.45883 -86.17035 -114.86039 -143.52181 -172.14745 -200.73020 -229.26292 -257.73850 -286.14984 -314.48987 -342.75153 -370.92776 -399.01155 -426.99590 -454.87384 -482.63840 -510.28269 -537.79980 -565.18288 -592.42511 -619.51969 -646.45987 -673.23894 -699.85023 -726.28710 -752.54296 -778.61128 -804.48554 -830.15932 -855.62620 -880.87984 -905.91394 -930.72228 -955.29865 -979.63695 -1003.73110 -1027.57510 -1051.16301 -1074.48895 -1097.54710 -1120.33172 -1142.83712 -1165.05771 -1186.98795 -1208.62236 -1229.95555 -1250.98222 -1271.69711 -1292.09507 -1312.17102 -1331.91994 -1351.33692 -1370.41712 -1389.15578 -1407.54824 -1425.58991 -1443.27628 -1460.60297 -1477.56564 -1494.16007 -1510.38212 -1526.22776 -1541.69303 -1556.77407 -1571.46714 -1585.76856 -1599.67478 -1613.18232 -1626.28782 -1638.98802 -1651.27975 -1663.15995 -1674.62565 -1685.67400 -1696.30224 -1706.50773 -1716.28792 -1725.64038 -1734.56277 -1743.05287 -1751.10857 -1758.72786 -1765.90883 -1772.64970 -1778.94879 -1784.80453 -1790.21545 -1795.18022 -1799.69759 -1803.76644 -1807.38575 -1810.55463 -1813.27227 -1815.53801 -1817.35129 -1818.71163 -1819.61872 -1820.07232 -1820.07232 -1819.61872 -1818.71163 -1817.35129 -1815.53801 -1813.27227 -1810.55463 -1807.38575 -1803.76644 -1799.69759 -1795.18022 -1790.21545 -1784.80453 -1778.94879 -1772.64970 -1765.90883 -1758.72786 -1751.10857 -1743.05287 -1734.56277 -1725.64038 -1716.28792 -1706.50773 -1696.30224 -1685.67400 -1674.62565 -1663.15995 -1651.27975 -1638.98802 -1626.28782 -1613.18232 -1599.67478 -1585.76856 -1571.46714 -1556.77407 -1541.69303 -1526.22776 -1510.38212 -1494.16007 -1477.56564 -1460.60297 -1443.27628 -1425.58991 -1407.54824 -1389.15578 -1370.41712 -1351.33692 -1331.91994 -1312.17102 -1292.09507 -1271.69711 -1250.98222 -1229.95555 -1208.62236 -1186.98795 -1165.05771 -1142.83712 -1120.33172 -1097.54710 -1074.48895 -1051.16301 -1027.57510 -1003.73110 -979.63695 -955.29865 -930.72228 -905.91394 -880.87984 -855.62620 -830.15932 -804.48554 -778.61128 -752.54296 -726.28710 -699.85023 -673.23894 -646.45987 -619.51969 -592.42511 -565.18288 -537.79980 -510.28269 -482.63840 -454.87384 -426.99590 -399.01155 -370.92776 -342.75153 -314.48987 -286.14984 -257.73850 -229.26292 -200.73020 -172.14745 -143.52181 -114.86039 -86.17035 -57.45883 -28.73300 0.00000 0.00000
-28.93972 -57.87222 -86.79031 -115.68676 -144.55438 -173.38597 -202.17436 -230.91236 -259.59281 -288.20856 -316.75248 -345.21747 -373.59642 -401.88226 -430.06794 -458.14644 -486.11077 -513.95394 -541.66902 -569.24911 -596.68733 -623.97685 -651.11085 -678.08259 -704.88533 -731.51240 -757.95716 -784.21303 -810.27345 -836.13193 -861.78203 -887.21736 -912.43158 -937.41839 -962.17159 -986.68499 -1010.95249 -1034.96803 -1058.72564 -1082.21940 -1105.44344 -1128.39199 -1151.05931 -1173.43977 -1195.52778 -1217.31784 -1238.80451 -1259.98246 -1280.84639 -1301.39110 -1321.61148 -1341.50249 -1361.05917 -1380.27664 -1399.15012 -1417.67490 -1435.84637 -1453.65999 -1471.11133 -1488.19604 -1504.90986 -1521.24863 -1537.20826 -1552.78480 -1567.97434 -1582.77312 -1597.17743 -1611.18370 -1624.78842 -1637.98821 -1650.77978 -1663.15995 -1675.12561 -1686.67381 -1697.80164 -1708.50635 -1718.78527 -1728.63582 -1738.05557 -1747.04215 -1755.59334 -1763.70699 -1771.38109 -1778.61373 -1785.40310 -1791.74750 -1797.64537 -1803.09523 -1808.09571 -1812.64559 -1816.74371 -1820.38906 -1823.58073 -1826.31793 -1828.59997 -1830.42629 -1831.79642 -1832.71004 -1833.16690 -1833.16690 -1832.71004 -1831.79642 -1830.42629 -1828.59997 -1826.31793 -1823.58073 -1820.38906 -1816.74371 -1812.64559 -1808.09571 -1803.09523 -1797.64537 -1791.74750 -1785.40310 -1778.61373 -1771.38109 -1763.70699 -1755.59334 -1747.04215 -1738.05557 -1728.63582 -1718.78527 -1708.50635 -1697.80164 -1686.67381 -1675.12561 -1663.15995 -1650.77978 -1637.98821 -1624.78842 -1611.18370 -1597.17743 -1582.77312 -1567.97434 -1552.78480 -1537.20826 -1521.24863 -1504.90986 -1488.19604 -1471.11133 -1453.65999 -1435.84637 -1417.67490 -1399.15012 -1380.27664 -1361.05917 -1341.50249 -1321.61148 -1301.39110 -1280.84639 -1259.98246 -1238.80451 -1217.31784 -1195.52778 -1173.43977 -1151.05931 -1128.39199 -1105.44344 -1082.21940 -1058.72564 -1034.96803 -1010.95249 -986.68499 -962.17159 -937.41839 -912.43158 -887.21736 -861.78203 -836.13193 -810.27345 -784.21303 -757.95716 -731.51240 -704.88533 -678.08259 -651.11085 -623.97685 -596.68733 -569.24911 -541.66902 -513.95394 -486.11077 -458.14644 -430.06794 -401.88226 -373.59642 -345.21747 -316.75248 -288.20856 -259.59281 -230.91236 -202.17436 -173.38597 -144.55438 -115.68676 -86.79031 -57.87222 -28.93972 0.00000 0.00000
-29.13923 -58.27119 -87.38863 -116.48429 -145.55093 -174.58128 -203.56813 -232.50425 -261.38242 -290.19545 -318.93615 -347.59737 -376.17196 -404.65281 -433.03280 -461.30487 -489.46198 -517.49710 -545.40325 -573.17347 -600.80085 -628.27850 -655.59956 -682.75724 -709.74476 -736.55539 -763.18246 -789.61933 -815.85941 -841.89616 -867.72309 -893.33377 -918.72181 -943.88089 -968.80473 -993.48712 -1017.92192 -1042.10303 -1066.02442 -1089.68014 -1113.06429 -1136.17104 -1158.99463 -1181.52937 -1203.76966 -1225.70993 -1247.34474 -1268.66868 -1289.67645 -1310.36279 -1330.72257 -1350.75071 -1370.44221 -1389.79216 -1408.79576 -1427.44825 -1445.74498 -1463.68141 -1481.25306 -1498.45555 -1515.28460 -1531.73600 -1547.80566 -1563.48958 -1578.78384 -1593.68464 -1608.18826 -1622.29108 -1635.98959 -1649.28038 -1662.16014 -1674.62565 -1686.67381 -1698.30161 -1709.50616 -1720.28467 -1730.63444 -1740.55291 -1750.03759 -1759.08613 -1767.69627 -1775.86585 -1783.59286 -1790.87536 -1797.71153 -1804.09968 -1810.03820 -1815.52563 -1820.56059 -1825.14183 -1829.26820 -1832.93869 -1836.15236 -1838.90843 -1841.20620 -1843.04511 -1844.42469 -1845.34460 -1845.80462 -1845.80462 -1845.34460 -1844.42469 -1843.04511 -1841.20620 -1838.90843 -1836.15236 -1832.93869 -1829.26820 -1825.14183 -1820.56059 -1815.52563 -1810.03820 -1804.09968 -1797.71153 -1790.87536 -1783.59286 -1775.86585 -1767.69627 -1759.08613 -1750.03759 -1740.55291 -1730.63444 -1720.28467 -1709.50616 -1698.30161 -1686.67381 -1674.62565 -1662.16014 -1649.28038 -1635.98959 -1622.29108 -1608.18826 -1593.68464 -1578.78384 -1563.48958 -1547.80566 -1531.73600 -1515.28460 -1498.45555 -1481.25306 -1463.68141 -1445.74498 -1427.44825 -1408.79576 -1389.79216 -1370.44221 -1350.75071 -1330.72257 -1310.36279 -1289.67645 -1268.66868 -1247.34474 -1225.70993 -1203.76966 -1181.52937 -1158.99463 -1136.17104 -1113.06429 -1089.68014 -1066.02442 -1042.10303 -1017.92192 -993.48712 -968.80473 -943.88089 -918.72181 -893.33377 -867.72309 -841.89616 -815.85941 -789.61933 -763.18246 -736.55539 -709.74476 -682.75724 -655.59956 -628.27850 -600.80085 -573.17347 -545.40325 -517.49710 -489.46198 -461.30487 -433.03280 -404.65281 -376.17196 -347.59737 -318.93615 -290.19545 -261.38242 -232.50425 -203.56813 -174.58128 -145.55093 -116.48429 -87.38863 -58.27119 -29.13923 0.00000 0.00000
-29.33147 -58.65563 -87.96518 -117.25280 -146.51120 -175.73309 -204.91117 -234.03820 -263.10689 -292.11001 -321.04033 -349.89065 -378.65376 -407.32250 -435.88973 -464.34833 -492.69120 -520.91129 -549.00155 -576.95499 -604.76464 -632.42357 -659.92488 -687.26173 -714.42730 -741.41482 -768.21756 -794.82885 -821.24205 -847.45058 -873.44790 -899.22754 -924.78308 -950.10814 -975.19642 -1000.04166 -1024.63766 -1048.97830 -1073.05752 -1096.86931 -1120.40773 -1143.66693 -1166.64110 -1189.32452 -1211.71153 -1233.79656 -1255.57410 -1277.03873 -1298.18509 -1319.00792 -1339.50202 -1359.66229 -1379.48371 -1398.96132 -1418.09029 -1436.86584 -1455.28329 -1473.33806 -1491.02564 -1508.34162 -1525.28169 -1541.84164 -1558.01732 -1573.80471 -1589.19988 -1604.19898 -1618.79828 -1632.99415 -1646.78304 -1660.16152 -1673.12625 -1685.67400 -1697.80164 -1709.50616 -1720.78464 -1731.63425 -1742.05231 -1752.03621 -1761.58347 -1770.69171 -1779.35865 -1787.58214 -1795.36012 -1802.69066 -1809.57194 -1816.00223 -1821.97994 -1827.50357 -1832.57175 -1837.18321 -1841.33681 -1845.03151 -1848.26639 -1851.04064 -1853.35357 -1855.20461 -1856.59329 -1857.51927 -1857.98232 -1857.98232 -1857.51927 -1856.59329 -1855.20461 -1853.35357 -1851.04064 -1848.26639 -1845.03151 -1841.33681 -1837.18321 -1832.57175 -1827.50357 -1821.97994 -1816.00223 -1809.57194 -1802.69066 -1795.36012 -1787.58214 -1779.35865 -1770.69171 -1761.58347 -1752.03621 -1742.05231 -1731.63425 -1720.78464 -1709.50616 -1697.80164 -1685.67400 -1673.12625 -1660.16152 -1646.78304 -1632.99415 -1618.79828 -1604.19898 -1589.19988 -1573.80471 -1558.01732 -1541.84164 -1525.28169 -1508.34162 -1491.02564 -1473.33806 -1455.28329 -1436.86584 -1418.09029 -1398.96132 -1379.48371 -1359.66229 -1339.50202 -1319.00792 -1298.18509 -1277.03873 -1255.57410 -1233.79656 -1211.71153 -1189.32452 -1166.64110 -1143.66693 -1120.40773 -1096.86931 -1073.05752 -1048.97830 -1024.63766 -1000.04166 -975.19642 -950.10814 -924.78308 -899.22754 -873.44790 -847.45058 -821.24205 -794.82885 -768.21756 -741.41482 -714.42730 -687.26173 -659.92488 -632.42357 -604.76464 -576.95499 -549.00155 -520.91129 -492.69120 -464.34833 -435.88973 -407.32250 -378.65376 -349.89065 -321.04033 -292.11001 -263.10689 -234.03820 -204.91117 -175.73309 -146.51120 -117.25280 -87.96518 -58.65563 -29.33147 0.00000 0.00000
-29.51641 -59.02546 -88.51980 -117.99208 -147.43496 -176.84109 -206.20315 -235.51382 -264.76579 -293.95178 -323.06451 -352.09672 -381.04119 -409.89069 -438.63804 -467.27607 -495.79764 -524.19565 -552.46303 -580.59271 -608.57770 -636.41102 -664.08574 -691.59494 -718.93179 -746.08947 -773.06121 -799.84028 -826.42001 -852.79379 -878.95503 -904.89721 -930.61388 -956.09862 -981.34507 -1006.34696 -1031.09804 -1055.59216 -1079.82319 -1103.78511 -1127.47195 -1150.87780 -1173.99682 -1196.82326 -1219.35142 -1241.57570 -1263.49055 -1285.09051 -1306.37020 -1327.32432 -1347.94764 -1368.23502 -1388.18141 -1407.78183 -1427.03141 -1445.92534 -1464.45891 -1482.62752 -1500.42662 -1517.85178 -1534.89866 -1551.56301 -1567.84068 -1583.72761 -1599.21985 -1614.31352 -1629.00487 -1643.29025 -1657.16607 -1670.62890 -1683.67538 -1696.30224 -1708.50635 -1720.28467 -1731.63425 -1742.55228 -1753.03602 -1763.08287 -1772.69033 -1781.85599 -1790.57758 -1798.85292 -1806.67994 -1814.05670 -1820.98137 -1827.45220 -1833.46760 -1839.02605 -1844.12619 -1848.76673 -1852.94651 -1856.66451 -1859.91978 -1862.71152 -1865.03904 -1866.90175 -1868.29919 -1869.23101 -1869.69698 -1869.69698 -1869.23101 -1868.29919 -1866.90175 -1865.03904 -1862.71152 -1859.91978 -1856.66451 -1852.94651 -1848.76673 -1844.12619 -1839.02605 -1833.46760 -1827.45220 -1820.98137 -1814.05670 -1806.67994 -1798.85292 -1790.57758 -1781.85599 -1772.69033 -1763.08287 -1753.03602 -1742.55228 -1731.63425 -1720.28467 -1708.50635 -1696.30224 -1683.67538 -1670.62890 -1657.16607 -1643.29025 -1629.00487 -1614.31352 -1599.21985 -1583.72761 -1567.84068 -1551.56301 -1534.89866 -1517.85178 -1500.42662 -1482.62752 -1464.45891 -1445.92534 -1427.03141 -1407.78183 -1388.18141 -1368.23502 -1347.94764 -1327.32432 -1306.37020 -1285.09051 -1263.49055 -1241.57570 -1219.35142 -1196.82326 -1173.99682 -1150.87780 -1127.47195 -1103.78511 -1079.82319 -1055.59216 -1031.09804 -1006.34696 -981.34507 -956.09862 -930.61388 -904.89721 -878.95503 -852.79379 -826.42001 -799.84028 -773.06121 -746.08947 -718.93179 -691.59494 -664.08574 -636.41102 -608.57770 -580.59271 -552.46303 -524.19565 -495.79764 -467.27607 -438.63804 -409.89069 -381.04119 -352.09672 -323.06451 -293.95178 -264.76579 -235.51382 -206.20315 -176.84109 -147.43496 -117.99208 -88.51980 -59.02546 -29.51641 0.00000 0.00000
-29.69399 -59.38058 -89.05237 -118.70196 -148.32197 -177.90502 -207.44373 -236.93074 -266.35870 -295.72028 -325.00817 -354.21505 -383.33365 -412.35672 -441.27702 -470.08735 -498.78052 -527.34938 -555.78682 -584.08574 -612.23910 -640.23987 -668.08109 -695.75580 -723.25711 -750.57818 -777.71219 -804.65237 -831.39202 -857.92446 -884.24310 -910.34136 -936.21274 -961.85081 -987.24916 -1012.40146 -1037.30145 -1061.94293 -1086.31975 -1110.42583 -1134.25518 -1157.80184 -1181.05995 -1204.02372 -1226.68743 -1249.04541 -1271.09211 -1292.82202 -1314.22974 -1335.30992 -1356.05732 -1376.46675 -1396.53314 -1416.25149 -1435.61688 -1454.62448 -1473.26956 -1491.54747 -1509.45366 -1526.98365 -1544.13309 -1560.89770 -1577.27331 -1593.25582 -1608.84126 -1624.02574 -1638.80548 -1653.17680 -1667.13611 -1680.67993 -1693.80490 -1706.50773 -1718.78527 -1730.63444 -1742.05231 -1753.03602 -1763.58284 -1773.69014 -1783.35539 -1792.57620 -1801.35026 -1809.67538 -1817.54950 -1824.97064 -1831.93696 -1838.44673 -1844.49832 -1850.09022 -1855.22103 -1859.88949 -1864.09442 -1867.83479 -1871.10965 -1873.91819 -1876.25970 -1878.13362 -1879.53947 -1880.47689 -1880.94566 -1880.94566 -1880.47689 -1879.53947 -1878.13362 -1876.25970 -1873.91819 -1871.10965 -1867.83479 -1864.09442 -1859.88949 -1855.22103 -1850.09022 -1844.49832 -1838.44673 -1831.93696 -1824.97064 -1817.54950 -1809.67538 -1801.35026 -1792.57620 -1783.35539 -1773.69014 -1763.58284 -1753.03602 -1742.05231 -1730.63444 -1718.78527 -1706.50773 -1693.80490 -1680.67993 -1667.13611 -1653.17680 -1638.80548 -1624.02574 -1608.84126 -1593.25582 -1577.27331 -1560.89770 -1544.13309 -1526.98365 -1509.45366 -1491.54747 -1473.26956 -1454.62448 -1435.61688 -1416.25149 -1396.53314 -1376.46675 -1356.05732 -1335.30992 -1314.22974 -1292.82202 -1271.09211 -1249.04541 -1226.68743 -1204.02372 -1181.05995 -1157.80184 -1134.25518 -1110.42583 -1086.31975 -1061.94293 -1037.30145 -1012.40146 -987.24916 -961.85081 -936.21274 -910.34136 -884.24310 -857.92446 -831.39202 -804.65237 -777.71219 -750.57818 -723.25711 -695.75580 -668.08109 -640.23987 -612.23910 -584.08574 -555.78682 -527.34938 -498.78052 -470.08735 -441.27702 -412.35672 -383.33365 -354.21505 -325.00817 -295.72028 -266.35870 -236.93074 -207.44373 -177.90502 -148.32197 -118.70196 -89.05237 -59.38058 -29.69399 0.00000 0.00000
-29.86417 -59.72089 -89.56274 -119.38226 -149.17202 -178.92462 -208.63262 -238.28862 -267.88524 -297.41509 -326.87082 -356.24509 -385.53058 -414.71998 -443.80603 -472.78147 -501.63909 -530.37168 -558.97210 -587.43320 -615.74791 -643.90916 -671.90994 -699.74326 -727.40218 -754.87983 -782.16934 -809.26392 -836.15682 -862.84133 -889.31080 -915.55863 -941.57829 -967.36328 -992.90719 -1018.20365 -1043.24635 -1068.02905 -1092.54557 -1116.78981 -1140.75572 -1164.43734 -1187.82874 -1210.92412 -1233.71771 -1256.20383 -1278.37688 -1300.23133 -1321.76174 -1342.96273 -1363.82904 -1384.35544 -1404.53684 -1424.36819 -1443.84457 -1462.96110 -1481.71304 -1500.09570 -1518.10451 -1535.73497 -1552.98270 -1569.84339 -1586.31284 -1602.38695 -1618.06171 -1633.33322 -1648.19766 -1662.65134 -1676.69066 -1690.31210 -1703.51229 -1716.28792 -1728.63582 -1740.55291 -1752.03621 -1763.08287 -1773.69014 -1783.85536 -1793.57601 -1802.84966 -1811.67400 -1820.04684 -1827.96608 -1835.42976 -1842.43601 -1848.98308 -1855.06935 -1860.69330 -1865.85352 -1870.54873 -1874.77776 -1878.53956 -1881.83319 -1884.65783 -1887.01277 -1888.89742 -1890.31132 -1891.25412 -1891.72558 -1891.72558 -1891.25412 -1890.31132 -1888.89742 -1887.01277 -1884.65783 -1881.83319 -1878.53956 -1874.77776 -1870.54873 -1865.85352 -1860.69330 -1855.06935 -1848.98308 -1842.43601 -1835.42976 -1827.96608 -1820.04684 -1811.67400 -1802.84966 -1793.57601 -1783.85536 -1773.69014 -1763.08287 -1752.03621 -1740.55291 -1728.63582 -1716.28792 -1703.51229 -1690.31210 -1676.69066 -1662.65134 -1648.19766 -1633.33322 -1618.06171 -1602.38695 -1586.31284 -1569.84339 -1552.98270 -1535.73497 -1518.10451 -1500.09570 -1481.71304 -1462.96110 -1443.84457 -1424.36819 -1404.53684 -1384.35544 -1363.82904 -1342.96273 -1321.76174 -1300.23133 -1278.37688 -1256.20383 -1233.71771 -1210.92412 -1187.82874 -1164.43734 -1140.75572 -1116.78981 -1092.54557 -1068.02905 -1043.24635 -1018.20365 -992.90719 -967.36328 -941.57829 -915.55863 -889.31080 -862.84133 -836.15682 -809.26392 -782.16934 -754.87983 -727.40218 -699.74326 -671.90994 -643.90916 -615.74791 -587.43320 -558.97210 -530.37168 -501.63909 -472.78147 -443.80603 -414.71998 -385.53058 -356.24509 -326.87082 -297.41509 -267.88524 -238.28862 -208.63262 -178.92462 -149.17202 -119.38226 -89.56274 -59.72089 -29.86417 0.00000 0.00000
-30.02691 -60.04633 -90.05078 -120.03280 -149.98490 -179.89962 -209.76950 -239.58711 -269.34501 -299.03578 -328.65202 -358.18636 -387.63143 -416.97989 -446.22443 -475.35777 -504.37264 -533.26180 -562.01807 -590.63427 -619.10327 -647.41797 -675.57133 -703.55632 -731.36597 -758.99335 -786.43157 -813.67379 -840.71323 -867.54315 -894.15686 -920.54772 -946.70917 -972.63467 -998.31778 -1023.75208 -1048.93124 -1073.84899 -1098.49911 -1122.87546 -1146.97197 -1170.78263 -1194.30150 -1217.52273 -1240.44053 -1263.04918 -1285.34306 -1307.31660 -1328.96433 -1350.28086 -1371.26086 -1391.89912 -1412.19049 -1432.12991 -1451.71242 -1470.93312 -1489.78724 -1508.27008 -1526.37702 -1544.10355 -1561.44527 -1578.39783 -1594.95703 -1611.11873 -1626.87891 -1642.23364 -1657.17908 -1671.71152 -1685.82734 -1699.52301 -1712.79513 -1725.64038 -1738.05557 -1750.03759 -1761.58347 -1772.69033 -1783.35539 -1793.57601 -1803.34963 -1812.67381 -1821.54624 -1829.96471 -1837.92710 -1845.43145 -1852.47587 -1859.05863 -1865.17806 -1870.83265 -1876.02099 -1880.74179 -1884.99387 -1888.77617 -1892.08774 -1894.92777 -1897.29554 -1899.19047 -1900.61208 -1901.56001 -1902.03404 -1902.03404 -1901.56001 -1900.61208 -1899.19047 -1897.29554 -1894.92777 -1892.08774 -1888.77617 -1884.99387 -1880.74179 -1876.02099 -1870.83265 -1865.17806 -1859.05863 -1852.47587 -1845.43145 -1837.92710 -1829.96471 -1821.54624 -1812.67381 -1803.34963 -1793.57601 -1783.35539 -1772.69033 -1761.58347 -1750.03759 -1738.05557 -1725.64038 -1712.79513 -1699.52301 -1685.82734 -1671.71152 -1657.17908 -1642.23364 -1626.87891 -1611.11873 -1594.95703 -1578.39783 -1561.44527 -1544.10355 -1526.37702 -1508.27008 -1489.78724 -1470.93312 -1451.71242 -1432.12991 -1412.19049 -1391.89912 -1371.26086 -1350.28086 -1328.96433 -1307.31660 -1285.34306 -1263.04918 -1240.44053 -1217.52273 -1194.30150 -1170.78263 -1146.97197 -1122.87546 -1098.49911 -1073.84899 -1048.93124 -1023.75208 -998.31778 -972.63467 -946.70917 -920.54772 -894.15686 -867.54315 -840.71323 -813.67379 -786.43157 -758.99335 -731.36597 -703.55632 -675.57133 -647.41797 -619.10327 -590.63427 -562.01807 -533.26180 -504.37264 -475.35777 -446.22443 -416.97989 -387.63143 -358.18636 -328.65202 -299.03578 -269.34501 -239.58711 -209.76950 -179.89962 -149.98490 -120.03280 -90.05078 -60.04633 -30.02691 0.00000 0.00000
-30.18216 -60.35680 -90.51639 -120.65343 -150.76039 -180.82979 -210.85411 -240.82589 -270.73765 -300.58194 -330.35131 -360.03835 -389.63567 -419.13588 -448.53163 -477.81560 -506.98049 -536.01902 -564.92397 -593.68813 -622.30433 -650.76544 -679.06436 -707.19405 -735.14748 -762.91771 -790.49780 -817.88088 -845.06013 -872.02877 -898.78008 -925.30740 -951.60411 -977.66366 -1003.47956 -1029.04537 -1054.35472 -1079.40131 -1104.17888 -1128.68127 -1152.90237 -1176.83614 -1200.47662 -1223.81791 -1246.85421 -1269.57976 -1291.98890 -1314.07606 -1335.83572 -1357.26246 -1378.35094 -1399.09591 -1419.49219 -1439.53471 -1459.21847 -1478.53856 -1497.49016 -1516.06856 -1534.26912 -1552.08731 -1569.51869 -1586.55891 -1603.20373 -1619.44899 -1635.29066 -1650.72478 -1665.74750 -1680.35508 -1694.54388 -1708.31037 -1721.65110 -1734.56277 -1747.04215 -1759.08613 -1770.69171 -1781.85599 -1792.57620 -1802.84966 -1812.67381 -1822.04621 -1830.96451 -1839.42650 -1847.43007 -1854.97322 -1862.05407 -1868.67085 -1874.82193 -1880.50576 -1885.72093 -1890.46613 -1894.74020 -1898.54205 -1901.87075 -1904.72546 -1907.10547 -1909.01020 -1910.43916 -1911.39199 -1911.86847 -1911.86847 -1911.39199 -1910.43916 -1909.01020 -1907.10547 -1904.72546 -1901.87075 -1898.54205 -1894.74020 -1890.46613 -1885.72093 -1880.50576 -1874.82193 -1868.67085 -1862.05407 -1854.97322 -1847.43007 -1839.42650 -1830.96451 -1822.04621 -1812.67381 -1802.84966 -1792.57620 -1781.85599 -1770.69171 -1759.08613 -1747.04215 -1734.56277 -1721.65110 -1708.31037 -1694.54388 -1680.35508 -1665.74750 -1650.72478 -1635.29066 -1619.44899 -1603.20373 -1586.55891 -1569.51869 -1552.08731 -1534.26912 -1516.06856 -1497.49016 -1478.53856 -1459.21847 -1439.53471 -1419.49219 -1399.09591 -1378.35094 -1357.26246 -1335.83572 -1314.07606 -1291.98890 -1269.57976 -1246.85421 -1223.81791 -1200.47662 -1176.83614 -1152.90237 -1128.68127 -1104.17888 -1079.40131 -1054.35472 -1029.04537 -1003.47956 -977.66366 -951.60411 -925.30740 -898.78008 -872.02877 -845.06013 -817.88088 -790.49780 -762.91771 -735.14748 -707.19405 -679.06436 -650.76544 -622.30433 -593.68813 -564.92397 -536.01902 -506.98049 -477.81560 -448.53163 -419.13588 -389.63567 -360.03835 -330.35131 -300.58194 -270.73765 -240.82589 -210.85411 -180.82979 -150.76039 -120.65343 -90.51639 -60.35680 -30.18216 0.00000 0.00000
-30.32989 -60.65222 -90.95944 -121.24398 -151.49831 -181.71489 -211.88617 -242.00465 -272.06282 -302.05318 -331.96827 -361.80062 -391.54280 -421.18741 -450.72704 -480.15435 -509.46198 -538.64265 -567.68908 -596.59403 -625.35030 -653.95071 -682.38815 -710.65552 -738.74578 -766.65194 -794.36702 -821.88413 -849.19641 -876.29706 -903.17931 -929.83647 -956.26189 -982.44900 -1008.39126 -1034.08220 -1059.51544 -1084.68461 -1109.58347 -1134.20579 -1158.54544 -1182.59636 -1206.35255 -1229.80809 -1252.95714 -1275.79392 -1298.31275 -1320.50802 -1342.37418 -1363.90580 -1385.09751 -1405.94401 -1426.44013 -1446.58075 -1466.36085 -1485.77550 -1504.81987 -1523.48921 -1541.77885 -1559.68426 -1577.20096 -1594.32458 -1611.05087 -1627.37565 -1643.29486 -1658.80452 -1673.90077 -1688.57985 -1702.83810 -1716.67197 -1730.07801 -1743.05287 -1755.59334 -1767.69627 -1779.35865 -1790.57758 -1801.35026 -1811.67400 -1821.54624 -1830.96451 -1839.92647 -1848.42988 -1856.47262 -1864.05269 -1871.16820 -1877.81737 -1883.99855 -1889.71020 -1894.95090 -1899.71933 -1904.01431 -1907.83478 -1911.17977 -1914.04845 -1916.44011 -1918.35416 -1919.79011 -1920.74761 -1921.22642 -1921.22642 -1920.74761 -1919.79011 -1918.35416 -1916.44011 -1914.04845 -1911.17977 -1907.83478 -1904.01431 -1899.71933 -1894.95090 -1889.71020 -1883.99855 -1877.81737 -1871.16820 -1864.05269 -1856.47262 -1848.42988 -1839.92647 -1830.96451 -1821.54624 -1811.67400 -1801.35026 -1790.57758 -1779.35865 -1767.69627 -1755.59334 -1743.05287 -1730.07801 -1716.67197 -1702.83810 -1688.57985 -1673.90077 -1658.80452 -1643.29486 -1627.37565 -1611.05087 -1594.32458 -1577.20096 -1559.68426 -1541.77885 -1523.48921 -1504.81987 -1485.77550 -1466.36085 -1446.58075 -1426.44013 -1405.94401 -1385.09751 -1363.90580 -1342.37418 -1320.50802 -1298.31275 -1275.79392 -1252.95714 -1229.80809 -1206.35255 -1182.59636 -1158.54544 -1134.20579 -1109.58347 -1084.68461 -1059.51544 -1034.08220 -1008.39126 -982.44900 -956.26189 -929.83647 -903.17931 -876.29706 -849.19641 -821.88413 -794.36702 -766.65194 -738.74578 -710.65552 -682.38815 -653.95071 -625.35030 -596.59403 -567.68908 -538.64265 -509.46198 -480.15435 -450.72704 -421.18741 -391.54280 -361.80062 -331.96827 -302.05318 -272.06282 -242.00465 -211.88617 -181.71489 -151.49831 -121.24398 -90.95944 -60.65222 -30.32989 0.00000 0.00000
-30.47006 -60.93253 -91.37982 -121.80432 -152.19848 -182.55470 -212.86543 -243.12310 -273.32019 -303.44915 -333.50249 -363.47272 -393.35236 -423.13397 -452.81012 -482.37343 -511.81652 -541.13205 -570.31272 -599.35125 -628.24042 -656.97301 -685.54188 -713.93989 -742.15997 -770.19510 -798.03827 -825.68255 -853.12106 -880.34695 -907.35344 -934.13380 -960.68136 -986.98949 -1013.05164 -1038.86132 -1064.41209 -1089.69759 -1114.71152 -1139.44763 -1163.89977 -1188.06185 -1211.92783 -1235.49177 -1258.74781 -1281.69014 -1304.31304 -1326.61088 -1348.57810 -1370.20923 -1391.49888 -1412.44173 -1433.03257 -1453.26627 -1473.13779 -1492.64217 -1511.77455 -1530.53017 -1548.90434 -1566.89250 -1584.49015 -1601.69292 -1618.49651 -1634.89674 -1650.88951 -1666.47085 -1681.63687 -1696.38380 -1710.70794 -1724.60575 -1738.07374 -1751.10857 -1763.70699 -1775.86585 -1787.58214 -1798.85292 -1809.67538 -1820.04684 -1829.96471 -1839.42650 -1848.42988 -1856.97259 -1865.05250 -1872.66760 -1879.81599 -1886.49589 -1892.70564 -1898.44369 -1903.70861 -1908.49908 -1912.81391 -1916.65203 -1920.01248 -1922.89442 -1925.29714 -1927.22003 -1928.66262 -1929.62455 -1930.10557 -1930.10557 -1929.62455 -1928.66262 -1927.22003 -1925.29714 -1922.89442 -1920.01248 -1916.65203 -1912.81391 -1908.49908 -1903.70861 -1898.44369 -1892.70564 -1886.49589 -1879.81599 -1872.66760 -1865.05250 -1856.97259 -1848.42988 -1839.42650 -1829.96471 -1820.04684 -1809.67538 -1798.85292 -1787.58214 -1775.86585 -1763.70699 -1751.10857 -1738.07374 -1724.60575 -1710.70794 -1696.38380 -1681.63687 -1666.47085 -1650.88951 -1634.89674 -1618.49651 -1601.69292 -1584.49015 -1566.89250 -1548.90434 -1530.53017 -1511.77455 -1492.64217 -1473.13779 -1453.26627 -1433.03257 -1412.44173 -1391.49888 -1370.20923 -1348.57810 -1326.61088 -1304.31304 -1281.69014 -1258.74781 -1235.49177 -1211.92783 -1188.06185 -1163.89977 -1139.44763 -1114.71152 -1089.69759 -1064.41209 -1038.86132 -1013.05164 -986.98949 -960.68136 -934.13380 -907.35344 -880.34695 -853.12106 -825.68255 -798.03827 -770.19510 -742.15997 -713.93989 -685.54188 -656.97301 -628.24042 -599.35125 -570.31272 -541.13205 -511.81652 -482.37343 -452.81012 -423.13397 -393.35236 -363.47272 -333.50249 -303.44915 -273.32019 -243.12310 -212.86543 -182.55470 -152.19848 -121.80432 -91.37982 -60.93253 -30.47006 0.00000 0.00000
-30.60264 -61.19766 -91.77742 -122.33431 -152.86071 -183.34902 -213.79163 -244.18096 -274.50944 -304.76950 -334.95360 -365.05423 -395.06388 -424.97507 -454.78035 -484.47229 -514.04349 -543.48658 -572.79422 -601.95910 -630.97397 -659.83158 -688.52475 -717.04633 -745.38920 -773.54631 -801.51063 -829.27520 -856.83309 -884.17745 -911.30145 -938.19833 -964.86140 -991.28400 -1017.45955 -1043.38153 -1069.04348 -1094.43900 -1119.56176 -1144.40551 -1168.96404 -1193.23125 -1217.20107 -1240.86755 -1264.22477 -1287.26692 -1309.98826 -1332.38312 -1354.44593 -1376.17118 -1397.55345 -1418.58743 -1439.26787 -1459.58961 -1479.54759 -1499.13683 -1518.35246 -1537.18969 -1555.64381 -1573.71024 -1591.38446 -1608.66208 -1625.53878 -1642.01037 -1658.07273 -1673.72187 -1688.95388 -1703.76497 -1718.15144 -1732.10971 -1745.63631 -1758.72786 -1771.38109 -1783.59286 -1795.36012 -1806.67994 -1817.54950 -1827.96608 -1837.92710 -1847.43007 -1856.47262 -1865.05250 -1873.16757 -1880.81580 -1887.99530 -1894.70427 -1900.94103 -1906.70405 -1911.99187 -1916.80319 -1921.13679 -1924.99161 -1928.36668 -1931.26117 -1933.67434 -1935.60560 -1937.05446 -1938.02057 -1938.50369 -1938.50369 -1938.02057 -1937.05446 -1935.60560 -1933.67434 -1931.26117 -1928.36668 -1924.99161 -1921.13679 -1916.80319 -1911.99187 -1906.70405 -1900.94103 -1894.70427 -1887.99530 -1880.81580 -1873.16757 -1865.05250 -1856.47262 -1847.43007 -1837.92710 -1827.96608 -1817.54950 -1806.67994 -1795.36012 -1783.59286 -1771.38109 -1758.72786 -1745.63631 -1732.10971 -1718.15144 -1703.76497 -1688.95388 -1673.72187 -1658.07273 -1642.01037 -1625.53878 -1608.66208 -1591.38446 -1573.71024 -1555.64381 -1537.18969 -1518.35246 -1499.13683 -1479.54759 -1459.58961 -1439.26787 -1418.58743 -1397.55345 -1376.17118 -1354.44593 -1332.38312 -1309.98826 -1287.26692 -1264.22477 -1240.86755 -1217.20107 -1193.23125 -1168.96404 -1144.40551 -1119.56176 -1094.43900 -1069.04348 -1043.38153 -1017.45955 -991.28400 -964.86140 -938.19833 -911.30145 -884.17745 -856.83309 -829.27520 -801.51063 -773.54631 -745.38920 -717.04633 -688.52475 -659.83158 -630.97397 -601.95910 -572.79422 -543.48658 -514.04349 -484.47229 -454.78035 -424.97507 -395.06388 -365.05423 -334.95360 -304.76950 -274.50944 -244.18096 -213.79163 -183.34902 -152.86071 -122.33431 -91.77742 -61.19766 -30.60264 0.00000 0.00000
-30.72759 -61.44753 -92.15215 -122.83381 -153.48485 -184.09764 -214.66455 -245.17796 -275.63027 -306.01389 -336.32124 -366.54477 -396.67695 -426.71027 -456.63724 -486.45042 -516.14236 -545.70566 -575.13296 -604.41693 -633.55027 -662.52571 -691.33603 -719.97406 -748.43266 -776.70473 -804.78324 -832.66117 -860.33158 -887.78759 -915.02234 -942.02904 -968.80097 -995.33146 -1021.61389 -1047.64171 -1073.40844 -1098.90765 -1124.13299 -1149.07817 -1173.73698 -1198.10327 -1222.17096 -1245.93407 -1269.38666 -1292.52290 -1315.33701 -1337.82331 -1359.97620 -1381.79015 -1403.25973 -1424.37959 -1445.14447 -1465.54918 -1485.58865 -1505.25788 -1524.55197 -1543.46611 -1561.99558 -1580.13577 -1597.88216 -1615.23032 -1632.17594 -1648.71478 -1664.84272 -1680.55576 -1695.84996 -1710.72152 -1725.16674 -1739.18200 -1752.76383 -1765.90883 -1778.61373 -1790.87536 -1802.69066 -1814.05670 -1824.97064 -1835.42976 -1845.43145 -1854.97322 -1864.05269 -1872.66760 -1880.81580 -1888.49526 -1895.70407 -1902.44044 -1908.70267 -1914.48921 -1919.79863 -1924.62959 -1928.98089 -1932.85145 -1936.24030 -1939.14660 -1941.56963 -1943.50877 -1944.96355 -1945.93361 -1946.41870 -1946.41870 -1945.93361 -1944.96355 -1943.50877 -1941.56963 -1939.14660 -1936.24030 -1932.85145 -1928.98089 -1924.62959 -1919.79863 -1914.48921 -1908.70267 -1902.44044 -1895.70407 -1888.49526 -1880.81580 -1872.66760 -1864.05269 -1854.97322 -1845.43145 -1835.42976 -1824.97064 -1814.05670 -1802.69066 -1790.87536 -1778.61373 -1765.90883 -1752.76383 -1739.18200 -1725.16674 -1710.72152 -1695.84996 -1680.55576 -1664.84272 -1648.71478 -1632.17594 -1615.23032 -1597.88216 -1580.13577 -1561.99558 -1543.46611 -1524.55197 -1505.25788 -1485.58865 -1465.54918 -1445.14447 -1424.37959 -1403.25973 -1381.79015 -1359.97620 -1337.82331 -1315.33701 -1292.52290 -1269.38666 -1245.93407 -1222.17096 -1198.10327 -1173.73698 -1149.07817 -1124.13299 -1098.90765 -1073.40844 -1047.64171 -1021.61389 -995.33146 -968.80097 -942.02904 -915.02234 -887.78759 -860.33158 -832.66117 -804.78324 -776.70473 -748.43266 -719.97406 -691.33603 -662.52571 -633.55027 -604.41693 -575.13296 -545.70566 -516.14236 -486.45042 -456.63724 -426.71027 -396.67695 -366.54477 -336.32124 -306.01389 -275.63027 -245.17796 -214.66455 -184.09764 -153.48485 -122.83381 -92.15215 -61.44753 -30.72759 0.00000 0.00000
-30.84489 -61.68209 -92.50392 -123.30269 -154.07074 -184.80038 -215.48397 -246.11386 -276.68241 -307.18201 -337.60505 -367.94395 -398.19115 -428.33912 -458.38033 -488.30731 -518.11259 -547.78874 -577.32838 -606.72413 -635.96867 -665.05472 -693.97502 -722.72237 -751.28960 -779.66959 -807.85527 -835.83962 -863.61566 -891.17647 -918.51518 -945.62498 -972.49910 -999.13086 -1025.51362 -1051.64079 -1077.50588 -1103.10243 -1128.42406 -1153.46446 -1178.21740 -1202.67670 -1226.83627 -1250.69008 -1274.23220 -1297.45675 -1320.35795 -1342.93008 -1365.16753 -1387.06475 -1408.61629 -1429.81677 -1450.66091 -1471.14351 -1491.25948 -1511.00379 -1530.37153 -1549.35787 -1567.95807 -1586.16751 -1603.98164 -1621.39602 -1638.40632 -1655.00829 -1671.19780 -1686.97082 -1702.32340 -1717.25173 -1731.75208 -1745.82085 -1759.45452 -1772.64970 -1785.40310 -1797.71153 -1809.57194 -1820.98137 -1831.93696 -1842.43601 -1852.47587 -1862.05407 -1871.16820 -1879.81599 -1887.99530 -1895.70407 -1902.94040 -1909.70248 -1915.98862 -1921.79725 -1927.12693 -1931.97633 -1936.34424 -1940.22958 -1943.63136 -1946.54876 -1948.98103 -1950.92758 -1952.38791 -1953.36167 -1953.84861 -1953.84861 -1953.36167 -1952.38791 -1950.92758 -1948.98103 -1946.54876 -1943.63136 -1940.22958 -1936.34424 -1931.97633 -1927.12693 -1921.79725 -1915.98862 -1909.70248 -1902.94040 -1895.70407 -1887.99530 -1879.81599 -1871.16820 -1862.05407 -1852.47587 -1842.43601 -1831.93696 -1820.98137 -1809.57194 -1797.71153 -1785.40310 -1772.64970 -1759.45452 -1745.82085 -1731.75208 -1717.25173 -1702.32340 -1686.97082 -1671.19780 -1655.00829 -1638.40632 -1621.39602 -1603.98164 -1586.16751 -1567.95807 -1549.35787 -1530.37153 -1511.00379 -1491.25948 -1471.14351 -1450.66091 -1429.81677 -1408.61629 -1387.06475 -1365.16753 -1342.93008 -1320.35795 -1297.45675 -1274.23220 -1250.69008 -1226.83627 -1202.67670 -1178.21740 -1153.46446 -1128.42406 -1103.10243 -1077.50588 -1051.64079 -1025.51362 -999.13086 -972.49910 -945.62498 -918.51518 -891.17647 -863.61566 -835.83962 -807.85527 -779.66959 -751.28960 -722.72237 -693.97502 -665.05472 -635.96867 -606.72413 -577.32838 -547.78874 -518.11259 -488.30731 -458.38033 -428.33912 -398.19115 -367.94395 -337.60505 -307.18201 -276.68241 -246.11386 -215.48397 -184.80038 -154.07074 -123.30269 -92.50392 -61.68209 -30.84489 0.00000 0.00000
-30.95449 -61.90128 -92.83263 -123.74085 -154.61822 -185.45707 -216.24969 -246.98842 -277.66560 -308.27358 -338.80472 -369.25144 -399.60612 -429.86122 -460.00918 -490.04250 -519.95369 -549.73530 -579.37990 -608.88011 -638.22858 -667.41798 -696.44105 -725.29055 -753.95930 -782.44014 -810.72598 -838.80977 -866.68451 -894.34326 -921.77911 -948.98524 -975.95487 -1002.68126 -1029.15777 -1055.37779 -1081.33478 -1107.02229 -1132.43390 -1157.56328 -1182.40418 -1206.95039 -1231.19581 -1255.13439 -1278.76017 -1302.06724 -1325.04982 -1347.70217 -1370.01864 -1391.99367 -1413.62179 -1434.89761 -1455.81582 -1476.37121 -1496.55865 -1516.37312 -1535.80968 -1554.86349 -1573.52979 -1591.80393 -1609.68137 -1627.15763 -1644.22838 -1660.88934 -1677.13638 -1692.96545 -1708.37259 -1723.35396 -1737.90584 -1752.02460 -1765.70672 -1778.94879 -1791.74750 -1804.09968 -1816.00223 -1827.45220 -1838.44673 -1848.98308 -1859.05863 -1868.67085 -1877.81737 -1886.49589 -1894.70427 -1902.44044 -1909.70248 -1916.48858 -1922.79706 -1928.62633 -1933.97495 -1938.84159 -1943.22502 -1947.12416 -1950.53804 -1953.46580 -1955.90671 -1957.86018 -1959.32570 -1960.30292 -1960.79159 -1960.79159 -1960.30292 -1959.32570 -1957.86018 -1955.90671 -1953.46580 -1950.53804 -1947.12416 -1943.22502 -1938.84159 -1933.97495 -1928.62633 -1922.79706 -1916.48858 -1909.70248 -1902.44044 -1894.70427 -1886.49589 -1877.81737 -1868.67085 -1859.05863 -1848.98308 -1838.44673 -1827.45220 -1816.00223 -1804.09968 -1791.74750 -1778.94879 -1765.70672 -1752.02460 -1737.90584 -1723.35396 -1708.37259 -1692.96545 -1677.13638 -1660.88934 -1644.22838 -1627.15763 -1609.68137 -1591.80393 -1573.52979 -1554.86349 -1535.80968 -1516.37312 -1496.55865 -1476.37121 -1455.81582 -1434.89761 -1413.62179 -1391.99367 -1370.01864 -1347.70217 -1325.04982 -1302.06724 -1278.76017 -1255.13439 -1231.19581 -1206.95039 -1182.40418 -1157.56328 -1132.43390 -1107.02229 -1081.33478 -1055.37779 -1029.15777 -1002.68126 -975.95487 -948.98524 -921.77911 -894.34326 -866.68451 -838.80977 -810.72598 -782.44014 -753.95930 -725.29055 -696.44105 -667.41798 -638.22858 -608.88011 -579.37990 -549.73530 -519.95369 -490.04250 -460.00918 -429.86122 -399.60612 -369.25144 -338.80472 -308.27358 -277.66560 -246.98842 -216.24969 -185.45707 -154.61822 -123.74085 -92.83263 -61.90128 -30.95449 0.00000 0.00000
-31.05639 -62.10503 -93.13820 -124.14816 -155.12718 -186.06754 -216.96152 -247.80143 -278.57959 -309.28832 -339.91996 -370.46689 -400.92150 -431.27618 -461.52339 -491.65557 -521.66522 -551.54486 -581.28704 -610.88436 -640.32942 -669.61491 -698.73351 -727.67798 -756.44109 -785.01568 -813.39463 -841.57087 -869.53736 -897.28715 -924.81332 -952.10900 -979.16740 -1005.98177 -1032.54543 -1058.85176 -1084.89419 -1110.66625 -1136.16151 -1161.37362 -1186.29628 -1210.92329 -1235.24852 -1259.26590 -1282.96944 -1306.35324 -1329.41147 -1352.13838 -1374.52831 -1396.57568 -1418.27499 -1439.62084 -1460.60790 -1481.23095 -1501.48485 -1521.36455 -1540.86509 -1559.98161 -1578.70935 -1597.04365 -1614.97993 -1632.51372 -1649.64066 -1666.35647 -1682.65699 -1698.53815 -1713.99601 -1729.02670 -1743.62648 -1757.79172 -1771.51887 -1784.80453 -1797.64537 -1810.03820 -1821.97994 -1833.46760 -1844.49832 -1855.06935 -1865.17806 -1874.82193 -1883.99855 -1892.70564 -1900.94103 -1908.70267 -1915.98862 -1922.79706 -1929.12630 -1934.97476 -1940.34099 -1945.22364 -1949.62150 -1953.53348 -1956.95859 -1959.89599 -1962.34494 -1964.30483 -1965.77518 -1966.75562 -1967.24590 -1967.24590 -1966.75562 -1965.77518 -1964.30483 -1962.34494 -1959.89599 -1956.95859 -1953.53348 -1949.62150 -1945.22364 -1940.34099 -1934.97476 -1929.12630 -1922.79706 -1915.98862 -1908.70267 -1900.94103 -1892.70564 -1883.99855 -1874.82193 -1865.17806 -1855.06935 -1844.49832 -1833.46760 -1821.97994 -1810.03820 -1797.64537 -1784.80453 -1771.51887 -1757.79172 -1743.62648 -1729.02670 -1713.99601 -1698.53815 -1682.65699 -1666.35647 -1649.64066 -1632.51372 -1614.97993 -1597.04365 -1578.70935 -1559.98161 -1540.86509 -1521.36455 -1501.48485 -1481.23095 -1460.60790 -1439.62084 -1418.27499 -1396.57568 -1374.52831 -1352.13838 -1329.41147 -1306.35324 -1282.96944 -1259.26590 -1235.24852 -1210.92329 -1186.29628 -1161.37362 -1136.16151 -1110.66625 -1084.89419 -1058.85176 -1032.54543 -1005.98177 -979.16740 -952.10900 -924.81332 -897.28715 -869.53736 -841.57087 -813.39463 -785.01568 -756.44109 -727.67798 -698.73351 -669.61491 -640.32942 -610.88436 -581.28704 -551.54486 -521.66522 -491.65557 -461.52339 -431.27618 -400.92150 -370.46689 -339.91996 -309.28832 -278.57959 -247.80143 -216.96152 -186.06754 -155.12718 -124.14816 -93.13820 -62.10503 -31.05639 0.00000 0.00000
-31.15054 -62.29332 -93.42057 -124.52454 -155.59747 -186.63163 -217.61927 -248.55268 -279.42415 -310.22597 -340.95049 -371.59003 -402.13696 -432.58367 -462.92257 -493.14610 -523.24673 -553.21696 -583.04931 -612.73635 -642.27069 -671.64496 -700.85184 -729.88405 -758.73437 -787.39559 -815.86057 -844.12223 -872.17351 -900.00743 -927.61704 -954.99548 -982.13591 -1009.03157 -1035.67576 -1062.06184 -1088.18323 -1114.03342 -1139.60597 -1164.89451 -1189.89273 -1214.59441 -1238.99338 -1263.08357 -1286.85897 -1310.31366 -1333.44180 -1356.23761 -1378.69542 -1400.80962 -1422.57472 -1443.98528 -1465.03597 -1485.72155 -1506.03685 -1525.97681 -1545.53647 -1564.71095 -1583.49547 -1601.88535 -1619.87600 -1637.46295 -1654.64181 -1671.40830 -1687.75824 -1703.68755 -1719.19227 -1734.26853 -1748.91257 -1763.12075 -1776.88952 -1790.21545 -1803.09523 -1815.52563 -1827.50357 -1839.02605 -1850.09022 -1860.69330 -1870.83265 -1880.50576 -1889.71020 -1898.44369 -1906.70405 -1914.48921 -1921.79725 -1928.62633 -1934.97476 -1940.84095 -1946.22345 -1951.12090 -1955.53210 -1959.45593 -1962.89143 -1965.83773 -1968.29411 -1970.25995 -1971.73475 -1972.71816 -1973.20993 -1973.20993 -1972.71816 -1971.73475 -1970.25995 -1968.29411 -1965.83773 -1962.89143 -1959.45593 -1955.53210 -1951.12090 -1946.22345 -1940.84095 -1934.97476 -1928.62633 -1921.79725 -1914.48921 -1906.70405 -1898.44369 -1889.71020 -1880.50576 -1870.83265 -1860.69330 -1850.09022 -1839.02605 -1827.50357 -1815.52563 -1803.09523 -1790.21545 -1776.88952 -1763.12075 -1748.91257 -1734.26853 -1719.19227 -1703.68755 -1687.75824 -1671.40830 -1654.64181 -1637.46295 -1619.87600 -1601.88535 -1583.49547 -1564.71095 -1545.53647 -1525.97681 -1506.03685 -1485.72155 -1465.03597 -1443.98528 -1422.57472 -1400.80962 -1378.69542 -1356.23761 -1333.44180 -1310.31366 -1286.85897 -1263.08357 -1238.99338 -1214.59441 -1189.89273 -1164.89451 -1139.60597 -1114.03342 -1088.18323 -1062.06184 -1035.67576 -1009.03157 -982.13591 -954.99548 -927.61704 -900.00743 -872.17351 -844.12223 -815.86057 -787.39559 -758.73437 -729.88405 -700.85184 -671.64496 -642.27069 -612.73635 -583.04931 -553.21696 -523.24673 -493.14610 -462.92257 -432.58367 -402.13696 -371.59003 -340.95049 -310.22597 -279.42415 -248.55268 -217.61927 -186.63163 -155.59747 -124.52454 -93.42057 -62.29332 -31.15054 0.00000 0.00000
-31.23693 -62.46607 -93.67965 -124.86988 -156.02899 -187.14921 -218.22279 -249.24199 -280.19907 -311.08632 -341.89604 -372.62055 -403.25220 -433.78334 -464.20638 -494.51373 -524.69784 -554.75118 -584.66627 -614.43564 -644.05188 -673.50762 -702.79550 -731.90823 -760.83855 -789.57926 -818.12318 -846.46321 -874.59229 -902.50340 -930.18958 -957.64395 -984.85965 -1011.82990 -1038.54798 -1065.00723 -1091.20107 -1117.12295 -1142.76642 -1168.12509 -1193.19264 -1217.96282 -1242.42945 -1266.58645 -1290.42779 -1313.94753 -1337.13980 -1359.99883 -1382.51892 -1404.69446 -1426.51992 -1447.98986 -1469.09893 -1489.84187 -1510.21351 -1530.20877 -1549.82268 -1569.05033 -1587.88694 -1606.32782 -1624.36837 -1642.00410 -1659.23060 -1676.04358 -1692.43886 -1708.41235 -1723.96007 -1739.07814 -1753.76279 -1768.01038 -1781.81733 -1795.18022 -1808.09571 -1820.56059 -1832.57175 -1844.12619 -1855.22103 -1865.85352 -1876.02099 -1885.72093 -1894.95090 -1903.70861 -1911.99187 -1919.79863 -1927.12693 -1933.97495 -1940.34099 -1946.22345 -1951.62087 -1956.53191 -1960.95534 -1964.89005 -1968.33508 -1971.28955 -1973.75274 -1975.72403 -1977.20292 -1978.18906 -1978.68219 -1978.68219 -1978.18906 -1977.20292 -1975.72403 -1973.75274 -1971.28955 -1968.33508 -1964.89005 -1960.95534 -1956.53191 -1951.62087 -1946.22345 -1940.34099 -1933.97495 -1927.12693 -1919.79863 -1911.99187 -1903.70861 -1894.95090 -1885.72093 -1876.02099 -1865.85352 -1855.22103 -1844.12619 -1832.57175 -1820.56059 -1808.09571 -1795.18022 -1781.81733 -1768.01038 -1753.76279 -1739.07814 -1723.96007 -1708.41235 -1692.43886 -1676.04358 -1659.23060 -1642.00410 -1624.36837 -1606.32782 -1587.88694 -1569.05033 -1549.82268 -1530.20877 -1510.21351 -1489.84187 -1469.09893 -1447.98986 -1426.51992 -1404.69446 -1382.51892 -1359.99883 -1337.13980 -1313.94753 -1290.42779 -1266.58645 -1242.42945 -1217.96282 -1193.19264 -1168.12509 -1142.76642 -1117.12295 -1091.20107 -1065.00723 -1038.54798 -1011.82990 -984.85965 -957.64395 -930.18958 -902.50340 -874.59229 -846.46321 -818.12318 -789.57926 -760.83855 -731.90823 -702.79550 -673.50762 -644.05188 -614.43564 -584.66627 -554.75118 -524.69784 -494.51373 -464.20638 -433.78334 -403.25220 -372.62055 -341.89604 -311.08632 -280.19907 -249.24199 -218.22279 -187.14921 -156.02899 -124.86988 -93.67965 -62.46607 -31.23693 0.00000 0.00000
-31.31553 -62.62326 -93.91538 -125.18410 -156.42162 -187.62015 -218.77193 -249.86918 -280.90416 -311.86913 -342.75638 -373.55821 -404.26693 -434.87491 -465.37451 -495.75812 -526.01818 -556.14715 -586.13751 -615.98180 -645.67257 -675.20242 -704.56400 -733.74999 -762.75312 -791.56614 -820.18190 -848.59324 -876.79310 -904.77445 -932.53030 -960.05375 -987.33794 -1014.37606 -1041.16137 -1067.68721 -1093.94695 -1119.93406 -1145.64206 -1171.06455 -1196.19517 -1221.02768 -1245.55589 -1269.77368 -1293.67501 -1317.25393 -1340.50457 -1363.42112 -1385.99788 -1408.22922 -1430.10960 -1451.63356 -1472.79575 -1493.59089 -1514.01379 -1534.05937 -1553.72263 -1572.99867 -1591.88269 -1610.36997 -1628.45592 -1646.13602 -1663.40587 -1680.26116 -1696.69770 -1712.71138 -1728.29822 -1743.45434 -1758.17594 -1772.45938 -1786.30108 -1799.69759 -1812.64559 -1825.14183 -1837.18321 -1848.76673 -1859.88949 -1870.54873 -1880.74179 -1890.46613 -1899.71933 -1908.49908 -1916.80319 -1924.62959 -1931.97633 -1938.84159 -1945.22364 -1951.12090 -1956.53191 -1961.45530 -1965.88986 -1969.83448 -1973.28817 -1976.25008 -1978.71947 -1980.69572 -1982.17834 -1983.16695 -1983.66132 -1983.66132 -1983.16695 -1982.17834 -1980.69572 -1978.71947 -1976.25008 -1973.28817 -1969.83448 -1965.88986 -1961.45530 -1956.53191 -1951.12090 -1945.22364 -1938.84159 -1931.97633 -1924.62959 -1916.80319 -1908.49908 -1899.71933 -1890.46613 -1880.74179 -1870.54873 -1859.88949 -1848.76673 -1837.18321 -1825.14183 -1812.64559 -1799.69759 -1786.30108 -1772.45938 -1758.17594 -1743.45434 -1728.29822 -1712.71138 -1696.69770 -1680.26116 -1663.40587 -1646.13602 -1628.45592 -1610.36997 -1591.88269 -1572.99867 -1553.72263 -1534.05937 -1514.01379 -1493.59089 -1472.79575 -1451.63356 -1430.10960 -1408.22922 -1385.99788 -1363.42112 -1340.50457 -1317.25393 -1293.67501 -1269.77368 -1245.55589 -1221.02768 -1196.19517 -1171.06455 -1145.64206 -1119.93406 -1093.94695 -1067.68721 -1041.16137 -1014.37606 -987.33794 -960.05375 -932.53030 -904.77445 -876.79310 -848.59324 -820.18190 -791.56614 -762.75312 -733.74999 -704.56400 -675.20242 -645.67257 -615.98180 -586.13751 -556.14715 -526.01818 -495.75812 -465.37451 -434.87491 -404.26693 -373.55821 -342.75638 -311.86913 -280.90416 -249.86918 -218.77193 -187.62015 -156.42162 -125.18410 -93.91538 -62.62326 -31.31553 0.00000 0.00000
-31.38633 -62.76484 -94.12771 -125.46712 -156.77526 -188.04433 -219.26654 -250.43410 -281.53924 -312.57422 -343.53130 -374.40277 -405.18092 -435.85810 -466.42665 -496.87896 -527.20743 -557.40452 -587.46268 -617.37444 -647.13234 -676.72896 -706.15692 -735.40889 -764.47759 -793.35576 -822.03621 -850.51179 -878.77540 -906.82001 -934.63862 -962.22429 -989.57016 -1016.66941 -1043.51528 -1070.10109 -1096.42020 -1122.46607 -1148.23219 -1173.71215 -1198.89959 -1223.78825 -1248.37191 -1272.64445 -1296.59982 -1320.23205 -1343.53525 -1366.50361 -1389.13141 -1411.41302 -1433.34286 -1454.91549 -1476.12553 -1496.96768 -1517.43675 -1537.52765 -1557.23537 -1576.55499 -1595.48170 -1614.01078 -1632.13761 -1649.85769 -1667.16658 -1684.05998 -1700.53368 -1716.58357 -1732.20565 -1747.39603 -1762.15092 -1776.46664 -1790.33964 -1803.76644 -1816.74371 -1829.26820 -1841.33681 -1852.94651 -1864.09442 -1874.77776 -1884.99387 -1894.74020 -1904.01431 -1912.81391 -1921.13679 -1928.98089 -1936.34424 -1943.22502 -1949.62150 -1955.53210 -1960.95534 -1965.88986 -1970.33445 -1974.28798 -1977.74949 -1980.71809 -1983.19306 -1985.17378 -1986.65975 -1987.65060 -1988.14609 -1988.14609 -1987.65060 -1986.65975 -1985.17378 -1983.19306 -1980.71809 -1977.74949 -1974.28798 -1970.33445 -1965.88986 -1960.95534 -1955.53210 -1949.62150 -1943.22502 -1936.34424 -1928.98089 -1921.13679 -1912.81391 -1904.01431 -1894.74020 -1884.99387 -1874.77776 -1864.09442 -1852.94651 -1841.33681 -1829.26820 -1816.74371 -1803.76644 -1790.33964 -1776.46664 -1762.15092 -1747.39603 -1732.20565 -1716.58357 -1700.53368 -1684.05998 -1667.16658 -1649.85769 -1632.13761 -1614.01078 -1595.48170 -1576.55499 -1557.23537 -1537.52765 -1517.43675 -1496.96768 -1476.12553 -1454.91549 -1433.34286 -1411.41302 -1389.13141 -1366.50361 -1343.53525 -1320.23205 -1296.59982 -1272.64445 -1248.37191 -1223.78825 -1198.89959 -1173.71215 -1148.23219 -1122.46607 -1096.42020 -1070.10109 -1043.51528 -1016.66941 -989.57016 -962.22429 -934.63862 -906.82001 -878.77540 -850.51179 -822.03621 -793.35576 -764.47759 -735.40889 -706.15692 -676.72896 -647.13234 -617.37444 -587.46268 -557.40452 -527.20743 -496.87896 -466.42665 -435.85810 -405.18092 -374.40277 -343.53130 -312.57422 -281.53924 -250.43410 -219.26654 -188.04433 -156.77526 -125.46712 -94.12771 -62.76484 -31.38633 0.00000 0.00000
-31.44931 -62.89078 -94.31658 -125.71888 -157.08984 -188.42165 -219.70650 -250.93660 -282.10416 -313.20141 -344.22061 -375.15402 -405.99393 -436.73266 -467.36255 -497.87596 -528.26529 -558.52297 -588.64145 -618.61322 -648.43083 -678.08683 -707.57384 -736.88451 -766.01153 -794.94765 -823.68565 -852.21836 -880.53869 -908.63957 -936.51400 -964.15502 -991.55576 -1018.70939 -1045.60913 -1072.24828 -1098.62020 -1124.71833 -1150.53615 -1176.06724 -1201.30522 -1226.24382 -1250.87680 -1275.19805 -1299.20148 -1322.88113 -1346.23109 -1369.24554 -1391.91875 -1414.24506 -1436.21891 -1457.83482 -1479.08742 -1499.97139 -1520.48154 -1540.61275 -1560.36001 -1579.71839 -1598.68308 -1617.24934 -1635.41255 -1653.16818 -1670.51180 -1687.43910 -1703.94585 -1720.02795 -1735.68137 -1750.90223 -1765.68673 -1780.03118 -1793.93201 -1807.38575 -1820.38906 -1832.93869 -1845.03151 -1856.66451 -1867.83479 -1878.53956 -1888.77617 -1898.54205 -1907.83478 -1916.65203 -1924.99161 -1932.85145 -1940.22958 -1947.12416 -1953.53348 -1959.45593 -1964.89005 -1969.83448 -1974.28798 -1978.24945 -1981.71790 -1984.69246 -1987.17240 -1989.15709 -1990.64604 -1991.63888 -1992.13536 -1992.13536 -1991.63888 -1990.64604 -1989.15709 -1987.17240 -1984.69246 -1981.71790 -1978.24945 -1974.28798 -1969.83448 -1964.89005 -1959.45593 -1953.53348 -1947.12416 -1940.22958 -1932.85145 -1924.99161 -1916.65203 -1907.83478 -1898.54205 -1888.77617 -1878.53956 -1867.83479 -1856.66451 -1845.03151 -1832.93869 -1820.38906 -1807.38575 -1793.93201 -1780.03118 -1765.68673 -1750.90223 -1735.68137 -1720.02795 -1703.94585 -1687.43910 -1670.51180 -1653.16818 -1635.41255 -1617.24934 -1598.68308 -1579.71839 -1560.36001 -1540.61275 -1520.48154 -1499.97139 -1479.08742 -1457.83482 -1436.21891 -1414.24506 -1391.91875 -1369.24554 -1346.23109 -1322.88113 -1299.20148 -1275.19805 -1250.87680 -1226.24382 -1201.30522 -1176.06724 -1150.53615 -1124.71833 -1098.62020 -1072.24828 -1045.60913 -1018.70939 -991.55576 -964.15502 -936.51400 -908.63957 -880.53869 -852.21836 -823.68565 -794.94765 -766.01153 -736.88451 -707.57384 -678.08683 -648.43083 -618.61322 -588.64145 -558.52297 -528.26529 -497.87596 -467.36255 -436.73266 -405.99393 -375.15402 -344.22061 -313.20141 -282.10416 -250.93660 -219.70650 -188.42165 -157.08984 -125.71888 -94.31658 -62.89078 -31.44931 0.00000 0.00000
-31.50445 -63.00105 -94.48195 -125.93930 -157.36526 -188.75201 -220.09171 -251.37657 -282.59877 -313.75054 -344.82413 -375.81177 -406.70576 -437.49838 -468.18197 -498.74888 -529.19149 -559.50222 -589.67351 -619.69783 -649.56772 -679.27572 -708.81443 -738.17649 -767.35458 -796.34142 -825.12981 -853.71255 -882.08253 -910.23268 -938.15598 -965.84547 -993.29425 -1020.49548 -1047.44238 -1074.12824 -1100.54641 -1126.69029 -1152.55338 -1178.12923 -1203.41146 -1228.39378 -1253.06996 -1277.43384 -1301.47936 -1325.20053 -1348.59143 -1371.64623 -1394.35919 -1416.72464 -1438.73702 -1460.39083 -1481.68069 -1502.60128 -1523.14738 -1543.31389 -1563.09577 -1582.48810 -1601.48604 -1620.08485 -1638.27990 -1656.06666 -1673.44069 -1690.39767 -1706.93337 -1723.04366 -1738.72453 -1753.97207 -1768.78249 -1783.15209 -1797.07730 -1810.55463 -1823.58073 -1836.15236 -1848.26639 -1859.91978 -1871.10965 -1881.83319 -1892.08774 -1901.87075 -1911.17977 -1920.01248 -1928.36668 -1936.24030 -1943.63136 -1950.53804 -1956.95859 -1962.89143 -1968.33508 -1973.28817 -1977.74949 -1981.71790 -1985.19243 -1988.17221 -1990.65649 -1992.64466 -1994.13622 -1995.13080 -1995.62816 -1995.62816 -1995.13080 -1994.13622 -1992.64466 -1990.65649 -1988.17221 -1985.19243 -1981.71790 -1977.74949 -1973.28817 -1968.33508 -1962.89143 -1956.95859 -1950.53804 -1943.63136 -1936.24030 -1928.36668 -1920.01248 -1911.17977 -1901.87075 -1892.08774 -1881.83319 -1871.10965 -1859.91978 -1848.26639 -1836.15236 -1823.58073 -1810.55463 -1797.07730 -1783.15209 -1768.78249 -1753.97207 -1738.72453 -1723.04366 -1706.93337 -1690.39767 -1673.44069 -1656.06666 -1638.27990 -1620.08485 -1601.48604 -1582.48810 -1563.09577 -1543.31389 -1523.14738 -1502.60128 -1481.68069 -1460.39083 -1438.73702 -1416.72464 -1394.35919 -1371.64623 -1348.59143 -1325.20053 -1301.47936 -1277.43384 -1253.06996 -1228.39378 -1203.41146 -1178.12923 -1152.55338 -1126.69029 -1100.54641 -1074.12824 -1047.44238 -1020.49548 -993.29425 -965.84547 -938.15598 -910.23268 -882.08253 -853.71255 -825.12981 -796.34142 -767.35458 -738.17649 -708.81443 -679.27572 -649.56772 -619.69783 -589.67351 -559.50222 -529.19149 -498.74888 -468.18197 -437.49838 -406.70576 -375.81177 -344.82413 -313.75054 -282.59877 -251.37657 -220.09171 -188.75201 -157.36526 -125.93930 -94.48195 -63.00105 -31.50445 0.00000 0.00000
-31.55174 -63.09561 -94.62376 -126.12833 -157.60147 -189.03532 -220.42207 -251.75388 -283.02295 -314.22149 -345.34171 -376.37587 -407.31622 -438.15507 -468.88471 -499.49750 -529.98581 -560.34203 -590.55861 -620.62800 -650.54272 -680.29531 -709.87836 -739.28449 -768.50638 -797.53673 -826.36833 -854.99398 -883.40654 -911.59894 -939.56415 -967.29521 -994.78519 -1022.02725 -1049.01460 -1075.74051 -1102.19833 -1128.38145 -1154.28336 -1179.89760 -1205.21778 -1230.23760 -1254.95082 -1279.35127 -1303.43289 -1327.18966 -1350.61567 -1373.70507 -1396.45212 -1418.85115 -1440.89657 -1462.58288 -1483.90469 -1504.85668 -1525.43363 -1545.63041 -1565.44198 -1584.86342 -1603.88987 -1622.51660 -1640.73896 -1658.55242 -1675.95253 -1692.93496 -1709.49548 -1725.62995 -1741.33436 -1756.60479 -1771.43744 -1785.82861 -1799.77471 -1813.27227 -1826.31793 -1838.90843 -1851.04064 -1862.71152 -1873.91819 -1884.65783 -1894.92777 -1904.72546 -1914.04845 -1922.89442 -1931.26117 -1939.14660 -1946.54876 -1953.46580 -1959.89599 -1965.83773 -1971.28955 -1976.25008 -1980.71809 -1984.69246 -1988.17221 -1991.15646 -1993.64447 -1995.63562 -1997.12942 -1998.12550 -1998.62360 -1998.62360 -1998.12550 -1997.12942 -1995.63562 -1993.64447 -1991.15646 -1988.17221 -1984.69246 -1980.71809 -1976.25008 -1971.28955 -1965.83773 -1959.89599 -1953.46580 -1946.54876 -1939.14660 -1931.26117 -1922.89442 -1914.04845 -1904.72546 -1894.92777 -1884.65783 -1873.91819 -1862.71152 -1851.04064 -1838.90843 -1826.31793 -1813.27227 -1799.77471 -1785.82861 -1771.43744 -1756.60479 -1741.33436 -1725.62995 -1709.49548 -1692.93496 -1675.95253 -1658.55242 -1640.73896 -1622.51660 -1603.88987 -1584.86342 -1565.44198 -1545.63041 -1525.43363 -1504.85668 -1483.90469 -1462.58288 -1440.89657 -1418.85115 -1396.45212 -1373.70507 -1350.61567 -1327.18966 -1303.43289 -1279.35127 -1254.95082 -1230.23760 -1205.21778 -1179.89760 -1154.28336 -1128.38145 -1102.19833 -1075.74051 -1049.01460 -1022.02725 -994.78519 -967.29521 -939.56415 -911.59894 -883.40654 -854.99398 -826.36833 -797.53673 -768.50638 -739.28449 -709.87836 -680.29531 -650.54272 -620.62800 -590.55861 -560.34203 -529.98581 -499.49750 -468.88471 -438.15507 -407.31622 -376.37587 -345.34171 -314.22149 -283.02295 -251.75388 -220.42207 -189.03532 -157.60147 -126.12833 -94.62376 -63.09561 -31.55174 0.00000 0.00000
-31.59116 -63.17445 -94.74200 -126.28593 -157.79840 -189.27153 -220.69749 -252.06846 -283.37660 -314.61411 -345.77322 -376.84616 -407.82518 -438.70255 -469.47060 -500.12164 -530.64804 -561.04220 -591.29653 -621.40349 -651.35559 -681.14536 -710.76538 -740.20825 -769.46665 -798.53328 -827.40090 -856.06232 -884.51038 -912.73801 -940.73817 -968.50387 -996.02820 -1023.30430 -1050.32537 -1077.08468 -1103.57556 -1129.79140 -1155.72568 -1181.37192 -1206.72374 -1231.77482 -1256.51892 -1280.94986 -1305.06157 -1328.84802 -1352.30330 -1375.42156 -1398.19703 -1420.62405 -1442.69701 -1464.41043 -1485.75888 -1506.73705 -1527.33971 -1547.56172 -1567.39805 -1586.84375 -1605.89398 -1624.54398 -1642.78912 -1660.62483 -1678.04669 -1695.05034 -1711.63154 -1727.78618 -1743.51021 -1758.79972 -1773.65090 -1788.06006 -1802.02359 -1815.53801 -1828.59997 -1841.20620 -1853.35357 -1865.03904 -1876.25970 -1887.01277 -1897.29554 -1907.10547 -1916.44011 -1925.29714 -1933.67434 -1941.56963 -1948.98103 -1955.90671 -1962.34494 -1968.29411 -1973.75274 -1978.71947 -1983.19306 -1987.17240 -1990.65649 -1993.64447 -1996.13559 -1998.12923 -1999.62490 -2000.62222 -2001.12094 -2001.12094 -2000.62222 -1999.62490 -1998.12923 -1996.13559 -1993.64447 -1990.65649 -1987.17240 -1983.19306 -1978.71947 -1973.75274 -1968.29411 -1962.34494 -1955.90671 -1948.98103 -1941.56963 -1933.67434 -1925.29714 -1916.44011 -1907.10547 -1897.29554 -1887.01277 -1876.25970 -1865.03904 -1853.35357 -1841.20620 -1828.59997 -1815.53801 -1802.02359 -1788.06006 -1773.65090 -1758.79972 -1743.51021 -1727.78618 -1711.63154 -1695.05034 -1678.04669 -1660.62483 -1642.78912 -1624.54398 -1605.89398 -1586.84375 -1567.39805 -1547.56172 -1527.33971 -1506.73705 -1485.75888 -1464.41043 -1442.69701 -1420.62405 -1398.19703 -1375.42156 -1352.30330 -1328.84802 -1305.06157 -1280.94986 -1256.51892 -1231.77482 -1206.72374 -1181.37192 -1155.72568 -1129.79140 -1103.57556 -1077.08468 -1050.32537 -1023.30430 -996.02820 -968.50387 -940.73817 -912.73801 -884.51038 -856.06232 -827.40090 -798.53328 -769.46665 -740.20825 -710.76538 -681.14536 -651.35559 -621.40349 -591.29653 -561.04220 -530.64804 -500.12164 -469.47060 -438.70255 -407.82518 -376.84616 -345.77322 -314.61411 -283.37660 -252.06846 -220.69749 -189.27153 -157.79840 -126.28593 -94.74200 -63.17445 -31.59116 0.00000 0.00000
-31.62272 -63.23755 -94.83662 -126.41206 -157.95600 -189.46057 -220.91792 -252.32021 -283.65962 -314.92834 -346.11857 -377.22253 -408.23249 -439.14071 -469.93948 -500.62114 -531.17803 -561.60254 -591.88709 -622.02412 -652.00614 -681.82566 -711.47525 -740.94753 -770.23516 -799.33082 -828.22727 -856.91731 -885.39379 -913.64961 -941.67773 -969.47116 -997.02299 -1024.32633 -1051.37439 -1078.16042 -1104.67776 -1130.91978 -1156.87996 -1182.55182 -1207.92896 -1233.00506 -1257.77387 -1282.22921 -1306.36500 -1330.17521 -1353.65392 -1376.79526 -1399.59349 -1422.04290 -1444.13791 -1465.87301 -1487.24278 -1508.24190 -1528.86514 -1549.10735 -1568.96349 -1588.42862 -1607.49787 -1626.16650 -1644.42986 -1662.28339 -1679.72264 -1696.74327 -1713.34104 -1729.51181 -1745.25154 -1760.55632 -1775.42234 -1789.84588 -1803.82336 -1817.35129 -1830.42629 -1843.04511 -1855.20461 -1866.90175 -1878.13362 -1888.89742 -1899.19047 -1909.01020 -1918.35416 -1927.22003 -1935.60560 -1943.50877 -1950.92758 -1957.86018 -1964.30483 -1970.25995 -1975.72403 -1980.69572 -1985.17378 -1989.15709 -1992.64466 -1995.63562 -1998.12923 -2000.12487 -2001.62203 -2002.62034 -2003.11956 -2003.11956 -2002.62034 -2001.62203 -2000.12487 -1998.12923 -1995.63562 -1992.64466 -1989.15709 -1985.17378 -1980.69572 -1975.72403 -1970.25995 -1964.30483 -1957.86018 -1950.92758 -1943.50877 -1935.60560 -1927.22003 -1918.35416 -1909.01020 -1899.19047 -1888.89742 -1878.13362 -1866.90175 -1855.20461 -1843.04511 -1830.42629 -1817.35129 -1803.82336 -1789.84588 -1775.42234 -1760.55632 -1745.25154 -1729.51181 -1713.34104 -1696.74327 -1679.72264 -1662.28339 -1644.42986 -1626.16650 -1607.49787 -1588.42862 -1568.96349 -1549.10735 -1528.86514 -1508.24190 -1487.24278 -1465.87301 -1444.13791 -1422.04290 -1399.59349 -1376.79526 -1353.65392 -1330.17521 -1306.36500 -1282.22921 -1257.77387 -1233.00506 -1207.92896 -1182.55182 -1156.87996 -1130.91978 -1104.67776 -1078.16042 -1051.37439 -1024.32633 -997.02299 -969.47116 -941.67773 -913.64961 -885.39379 -856.91731 -828.22727 -799.33082 -770.23516 -740.94753 -711.47525 -681.82566 -652.00614 -622.02412 -591.88709 -561.60254 -531.17803 -500.62114 -469.93948 -439.14071 -408.23249 -377.22253 -346.11857 -314.92834 -283.65962 -252.32021 -220.91792 -189.46057 -157.95600 -126.41206 -94.83662 -63.23755 -31.62272 0.00000 0.00000
-31.64639 -63.28489 -94.90761 -126.50669 -158.07423 -189.60238 -221.08328 -252.50908 -283.87195 -315.16407 -346.37765 -377.50490 -408.53807 -439.46942 -470.29125 -500.99587 -531.57563 -562.02292 -592.33013 -622.48973 -652.49418 -682.33603 -712.00782 -741.50216 -770.81170 -799.92914 -828.84723 -857.55874 -886.05654 -914.33351 -942.38261 -970.19685 -997.76929 -1025.09307 -1052.16138 -1078.96746 -1105.50464 -1131.76631 -1157.74592 -1183.43700 -1208.83313 -1233.92800 -1258.71535 -1283.18900 -1307.34286 -1331.17089 -1354.66717 -1377.82584 -1400.64113 -1423.10734 -1445.21889 -1466.97026 -1488.35603 -1509.37087 -1530.00955 -1550.26691 -1570.13791 -1589.61761 -1608.70113 -1627.38374 -1645.66077 -1663.52766 -1680.97997 -1698.01334 -1714.62353 -1730.80640 -1746.55792 -1761.87416 -1776.75130 -1791.18564 -1805.17358 -1818.71163 -1831.79642 -1844.42469 -1856.59329 -1868.29919 -1879.53947 -1890.31132 -1900.61208 -1910.43916 -1919.79011 -1928.66262 -1937.05446 -1944.96355 -1952.38791 -1959.32570 -1965.77518 -1971.73475 -1977.20292 -1982.17834 -1986.65975 -1990.64604 -1994.13622 -1997.12942 -1999.62490 -2001.62203 -2003.12031 -2004.11937 -2004.61896 -2004.61896 -2004.11937 -2003.12031 -2001.62203 -1999.62490 -1997.12942 -1994.13622 -1990.64604 -1986.65975 -1982.17834 -1977.20292 -1971.73475 -1965.77518 -1959.32570 -1952.38791 -1944.96355 -1937.05446 -1928.66262 -1919.79011 -1910.43916 -1900.61208 -1890.31132 -1879.53947 -1868.29919 -1856.59329 -1844.42469 -1831.79642 -1818.71163 -1805.17358 -1791.18564 -1776.75130 -1761.87416 -1746.55792 -1730.80640 -1714.62353 -1698.01334 -1680.97997 -1663.52766 -1645.66077 -1627.38374 -1608.70113 -1589.61761 -1570.13791 -1550.26691 -1530.00955 -1509.37087 -1488.35603 -1466.97026 -1445.21889 -1423.10734 -1400.64113 -1377.82584 -1354.66717 -1331.17089 -1307.34286 -1283.18900 -1258.71535 -1233.92800 -1208.83313 -1183.43700 -1157.74592 -1131.76631 -1105.50464 -1078.96746 -1052.16138 -1025.09307 -997.76929 -970.19685 -942.38261 -914.33351 -886.05654 -857.55874 -828.84723 -799.92914 -770.81170 -741.50216 -712.00782 -682.33603 -652.49418 -622.48973 -592.33013 -562.02292 -531.57563 -500.99587 -470.29125 -439.46942 -408.53807 -377.50490 -346.37765 -315.16407 -283.87195 -252.50908 -221.08328 -189.60238 -158.07423 -126.50669 -94.90761 -63.28489 -31.64639 0.00000 0.00000
-31.66217 -63.31645 -94.95495 -126.56978 -158.15307 -189.69695 -221.19355 -252.63502 -284.01353 -315.32126 -346.55040 -377.69318 -408.74183 -439.68861 -470.52581 -501.24574 -531.84076 -562.30323 -592.62556 -622.80020 -652.81962 -682.67634 -712.36293 -741.87198 -771.19615 -800.32811 -829.26062 -857.98645 -886.49846 -914.78953 -942.85262 -970.68073 -998.26693 -1025.60434 -1052.68615 -1079.50560 -1106.05602 -1132.33078 -1158.32335 -1184.02724 -1209.43604 -1234.54343 -1259.34314 -1283.82900 -1307.99490 -1331.83482 -1355.34282 -1378.51304 -1401.33970 -1423.81712 -1445.93970 -1467.70192 -1489.09835 -1510.12368 -1530.77264 -1551.04011 -1570.92103 -1590.41043 -1609.50348 -1628.19540 -1646.48154 -1664.35735 -1681.81836 -1698.86023 -1715.47870 -1731.66965 -1747.42902 -1762.75290 -1777.63746 -1792.07900 -1806.07392 -1819.61872 -1832.71004 -1845.34460 -1857.51927 -1869.23101 -1880.47689 -1891.25412 -1901.56001 -1911.39199 -1920.74761 -1929.62455 -1938.02057 -1945.93361 -1953.36167 -1960.30292 -1966.75562 -1972.71816 -1978.18906 -1983.16695 -1987.65060 -1991.63888 -1995.13080 -1998.12550 -2000.62222 -2002.62034 -2004.11937 -2005.11893 -2005.61877 -2005.61877 -2005.11893 -2004.11937 -2002.62034 -2000.62222 -1998.12550 -1995.13080 -1991.63888 -1987.65060 -1983.16695 -1978.18906 -1972.71816 -1966.75562 -1960.30292 -1953.36167 -1945.93361 -1938.02057 -1929.62455 -1920.74761 -1911.39199 -1901.56001 -1891.25412 -1880.47689 -1869.23101 -1857.51927 -1845.34460 -1832.71004 -1819.61872 -1806.07392 -1792.07900 -1777.63746 -1762.75290 -1747.42902 -1731.66965 -1715.47870 -1698.86023 -1681.81836 -1664.35735 -1646.48154 -1628.19540 -1609.50348 -1590.41043 -1570.92103 -1551.04011 -1530.77264 -1510.12368 -1489.09835 -1467.70192 -1445.93970 -1423.81712 -1401.33970 -1378.51304 -1355.34282 -1331.83482 -1307.99490 -1283.82900 -1259.34314 -1234.54343 -1209.43604 -1184.02724 -1158.32335 -1132.33078 -1106.05602 -1079.50560 -1052.68615 -1025.60434 -998.26693 -970.68073 -942.85262 -914.78953 -886.49846 -857.98645 -829.26062 -800.32811 -771.19615 -741.87198 -712.36293 -682.67634 -652.81962 -622.80020 -592.62556 -562.30323 -531.84076 -501.24574 -470.52581 -439.68861 -408.74183 -377.69318 -346.55040 -315.32126 -284.01353 -252.63502 -221.19355 -189.69695 -158.15307 -126.56978 -94.95495 -63.31645 -31.66217 0.00000 0.00000
-31.67006 -63.33223 -94.97862 -126.60133 -158.19250 -189.74424 -221.24869 -252.69800 -284.08433 -315.39986 -346.63679 -377.78733 -408.84372 -439.79821 -470.64310 -501.37070 -531.97334 -562.44340 -592.77329 -622.95545 -652.98235 -682.84652 -712.54051 -742.05692 -771.38839 -800.52762 -829.46734 -858.20033 -886.71945 -915.01758 -943.08766 -970.92271 -998.51578 -1025.86001 -1052.94856 -1079.77470 -1106.33174 -1132.61306 -1158.61210 -1184.32240 -1209.73753 -1234.85118 -1259.65707 -1284.14903 -1308.32096 -1332.16682 -1355.68068 -1378.85668 -1401.68903 -1424.17206 -1446.30015 -1468.06779 -1489.46956 -1510.50012 -1531.15424 -1551.42676 -1571.31263 -1590.80690 -1609.90470 -1628.60128 -1646.89198 -1664.77224 -1682.23761 -1699.28373 -1715.90634 -1732.10132 -1747.86463 -1763.19232 -1778.08060 -1792.52574 -1806.52414 -1820.07232 -1833.16690 -1845.80462 -1857.98232 -1869.69698 -1880.94566 -1891.72558 -1902.03404 -1911.86847 -1921.22642 -1930.10557 -1938.50369 -1946.41870 -1953.84861 -1960.79159 -1967.24590 -1973.20993 -1978.68219 -1983.66132 -1988.14609 -1992.13536 -1995.62816 -1998.62360 -2001.12094 -2003.11956 -2004.61896 -2005.61877 -2006.11874 -2006.11874 -2005.61877 -2004.61896 -2003.11956 -2001.12094 -1998.62360 -1995.62816 -1992.13536 -1988.14609 -1983.66132 -1978.68219 -1973.20993 -1967.24590 -1960.79159 -1953.84861 -1946.41870 -1938.50369 -1930.10557 -1921.22642 -1911.86847 -1902.03404 -1891.72558 -1880.94566 -1869.69698 -1857.98232 -1845.80462 -1833.16690 -1820.07232 -1806.52414 -1792.52574 -1778.08060 -1763.19232 -1747.86463 -1732.10132 -1715.90634 -1699.28373 -1682.23761 -1664.77224 -1646.89198 -1628.60128 -1609.90470 -1590.80690 -1571.31263 -1551.42676 -1531.15424 -1510.50012 -1489.46956 -1468.06779 -1446.30015 -1424.17206 -1401.68903 -1378.85668 -1355.68068 -1332.16682 -1308.32096 -1284.14903 -1259.65707 -1234.85118 -1209.73753 -1184.32240 -1158.61210 -1132.61306 -1106.33174 -1079.77470 -1052.94856 -1025.86001 -998.51578 -970.92271 -943.08766 -915.01758 -886.71945 -858.20033 -829.46734 -800.52762 -771.38839 -742.05692 -712.54051 -682.84652 -652.98235 -622.95545 -592.77329 -562.44340 -531.97334 -501.37070 -470.64310 -439.79821 -408.84372 -377.78733 -346.63679 -315.39986 -284.08433 -252.69800 -221.24869 -189.74424 -158.19250 -126.60133 -94.97862 -63.33223 -31.67006 0.00000 0.00000
-31.67006 -63.33223 -94.97862 -126.60133 -158.19250 -189.74424 -221.24869 -252.69800 -284.08433 -315.39986 -346.63679 -377.78733 -408.84372 -439.79821 -470.64310 -501.37070 -531.97334 -562.44340 -592.77329 -622.95545 -652.98235 -682.84652 -712.54051 -742.05692 -771.38839 -800.52762 -829.46734 -858.20033 -886.71945 -915.01758 -943.08766 -970.92271 -998.51578 -1025.86001 -1052.94856 -1079.77470 -1106.33174 -1132.61306 -1158.61210 -1184.32240 -1209.73753 -1234.85118 -1259.65707 -1284.14903 -1308.32096 -1332.16682 -1355.68068 -1378.85668 -1401.68903 -1424.17206 -1446.30015 -1468.06779 -1489.46956 -1510.50012 -1531.15424 -1551.42676 -1571.31263 -1590.80690 -1609.90470 -1628.60128 -1646.89198 -1664.77224 -1682.23761 -1699.28373 -1715.90634 -1732.10132 -1747.86463 -1763.19232 -1778.08060 -1792.52574 -1806.52414 -1820.07232 -1833.16690 -1845.80462 -1857.98232 -1869.69698 -1880.94566 -1891.72558 -1902.03404 -1911.86847 -1921.22642 -1930.10557 -1938.50369 -1946.41870 -1953.84861 -1960.79159 -1967.24590 -1973.20993 -1978.68219 -1983.66132 -1988.14609 -1992.13536 -1995.62816 -1998.62360 -2001.12094 -2003.11956 -2004.61896 -2005.61877 -2006.11874 -2006.11874 -2005.61877 -2004.61896 -2003.11956 -2001.12094 -1998.62360 -1995.62816 -1992.13536 -1988.14609 -1983.66132 -1978.68219 -1973.20993 -1967.24590 -1960.79159 -1953.84861 -1946.41870 -1938.50369 -1930.10557 -1921.22642 -1911.86847 -1902.03404 -1891.72558 -1880.94566 -1869.69698 -1857.98232 -1845.80462 -1833.16690 -1820.07232 -1806.52414 -1792.52574 -1778.08060 -1763.19232 -1747.86463 -1732.10132 -1715.90634 -1699.28373 -1682.23761 -1664.77224 -1646.89198 -1628.60128 -1609.90470 -1590.80690 -1571.31263 -1551.42676 -1531.15424 -1510.50012 -1489.46956 -1468.06779 -1446.30015 -1424.17206 -1401.68903 -1378.85668 -1355.68068 -1332.16682 -1308.32096 -1284.14903 -1259.65707 -1234.85118 -1209.73753 -1184.32240 -1158.61210 -1132.61306 -1106.33174 -1079.77470 -1052.94856 -1025.86001 -998.51578 -970.92271 -943.08766 -915.01758 -886.71945 -858.20033 -829.46734 -800.52762 -771.38839 -742.05692 -712.54051 -682.84652 -652.98235 -622.95545 -592.77329 -562.44340 -531.97334 -501.37070 -470.64310 -439.79821 -408.84372 -377.78733 -346.63679 -315.39986 -284.08433 -252.69800 -221.24869 -189.74424 -158.19250 -126.60133 -94.97862 -63.33223 -31.67006 0.00000 0.00000
-31.66217 -63.31645 -94.95495 -126.56978 -158.15307 -189.69695 -221.19355 -252.63502 -284.01353 -315.32126 -346.55040 -377.69318 -408.74183 -439.68861 -470.52581 -501.24574 -531.84076 -562.30323 -592.62556 -622.80020 -652.81962 -682.67634 -712.36293 -741.87198 -771.19615 -800.32811 -829.26062 -857.98645 -886.49846 -914.78953 -942.85262 -970.68073 -998.26693 -1025.60434 -1052.68615 -1079.50560 -1106.05602 -1132.33078 -1158.32335 -1184.02724 -1209.43604 -1234.54343 -1259.34314 -1283.82900 -1307.99490 -1331.83482 -1355.34282 -1378.51304 -1401.33970 -1423.81712 -1445.93970 -1467.70192 -1489.09835 -1510.12368 -1530.77264 -1551.04011 -1570.92103 -1590.41043 -1609.50348 -1628.19540 -1646.48154 -1664.35735 -1681.81836 -1698.86023 -1715.47870 -1731.66965 -1747.42902 -1762.75290 -1777.63746 -1792.07900 -1806.07392 -1819.61872 -1832.71004 -1845.34460 -1857.51927 -1869.23101 -1880.47689 -1891.25412 -1901.56001 -1911.39199 -1920.74761 -1929.62455 -1938.02057 -1945.93361 -1953.36167 -1960.30292 -1966.75562 -1972.71816 -1978.18906 -1983.16695 -1987.65060 -1991.63888 -1995.13080 -1998.12550 -2000.62222 -2002.62034 -2004.11937 -2005.11893 -2005.61877 -2005.61877 -2005.11893 -2004.11937 -2002.62034 -2000.62222 -1998.12550 -1995.13080 -1991.63888 -1987.65060 -1983.16695 -1978.18906 -1972.71816 -1966.75562 -1960.30292 -1953.36167 -1945.93361 -1938.02057 -1929.62455 -1920.74761 -1911.39199 -1901.56001 -1891.25412 -1880.47689 -1869.23101 -1857.51927 -1845.34460 -1832.71004 -1819.61872 -1806.07392 -1792.07900 -1777.63746 -1762.75290 -1747.42902 -1731.66965 -1715.47870 -1698.86023 -1681.81836 -1664.35735 -1646.48154 -1628.19540 -1609.50348 -1590.41043 -1570.92103 -1551.04011 -1530.77264 -1510.12368 -1489.09835 -1467.70192 -1445.93970 -1423.81712 -1401.33970 -1378.51304 -1355.34282 -1331.83482 -1307.99490 -1283.82900 -1259.34314 -1234.54343 -1209.43604 -1184.02724 -1158.32335 -1132.33078 -1106.05602 -1079.50560 -1052.68615 -1025.60434 -998.26693 -970.68073 -942.85262 -914.78953 -886.49846 -857.98645 -829.26062 -800.32811 -771.19615 -741.87198 -712.36293 -682.67634 -652.81962 -622.80020 -592.62556 -562.30323 -531.84076 -501.24574 -470.52581 -439.68861 -408.74183 -377.69318 -346.55040 -315.32126 -284.01353 -252.63502 -221.19355 -189.69695 -158.15307 -126.56978 -94.95495 -63.31645 -31.66217 0.00000 0.00000
-31.64639 -63.28489 -94.90761 -126.50669 -158.07423 -189.60238 -221.08328 -252.50908 -283.87195 -315.16407 -346.37765 -377.50490 -408.53807 -439.46942 -470.29125 -500.99587 -531.57563 -562.02292 -592.33013 -622.48973 -652.49418 -682.33603 -712.00782 -741.50216 -770.81170 -799.92914 -828.84723 -857.55874 -886.05654 -914.33351 -942.38261 -970.19685 -997.76929 -1025.09307 -1052.16138 -1078.96746 -1105.50464 -1131.76631 -1157.74592 -1183.43700 -1208.83313 -1233.92800 -1258.71535 -1283.18900 -1307.34286 -1331.17089 -1354.66717 -1377.82584 -1400.64113 -1423.10734 -1445.21889 -1466.97026 -1488.35603 -1509.37087 -1530.00955 -1550.26691 -1570.13791 -1589.61761 -1608.70113 -1627.38374 -1645.66077 -1663.52766 -1680.97997 -1698.01334 -1714.62353 -1730.80640 -1746.55792 -1761.87416 -1776.75130 -1791.18564 -1805.17358 -1818.71163 -1831.79642 -1844.42469 -1856.59329 -1868.29919 -1879.53947 -1890.31132 -1900.61208 -1910.43916 -1919.79011 -1928.66262 -1937.05446 -1944.96355 -1952.38791 -1959.32570 -1965.77518 -1971.73475 -1977.20292 -1982.17834 -1986.65975 -1990.64604 -1994.13622 -1997.12942 -1999.62490 -2001.62203 -2003.12031 -2004.11937 -2004.61896 -2004.61896 -2004.11937 -2003.12031 -2001.62203 -1999.62490 -1997.12942 -1994.13622 -1990.64604 -1986.65975 -1982.17834 -1977.20292 -1971.73475 -1965.77518 -1959.32570 -1952.38791 -1944.96355 -1937.05446 -1928.66262 -1919.79011 -1910.43916 -1900.61208 -1890.31132 -1879.53947 -1868.29919 -1856.59329 -1844.42469 -1831.79642 -1818.71163 -1805.17358 -1791.18564 -1776.75130 -1761.87416 -1746.55792 -1730.80640 -1714.62353 -1698.01334 -1680.97997 -1663.52766 -1645.66077 -1627.38374 -1608.70113 -1589.61761 -1570.13791 -1550.26691 -1530.00955 -1509.37087 -1488.35603 -1466.97026 -1445.21889 -1423.10734 -1400.64113 -1377.82584 -1354.66717 -1331.17089 -1307.34286 -1283.18900 -1258.71535 -1233.92800 -1208.83313 -1183.43700 -1157.74592 -1131.76631 -1105.50464 -1078.96746 -1052.16138 -1025.09307 -997.76929 -970.19685 -942.38261 -914.33351 -886.05654 -857.55874 -828.84723 -799.92914 -770.81170 -741.50216 -712.00782 -682.33603 -652.49418 -622.48973 -592.33013 -562.02292 -531.57563 -500.99587 -470.29125 -439.46942 -408.53807 -377.50490 -346.37765 -315.16407 -283.87195 -252.50908 -221.08328 -189.60238 -158.07423 -126.50669 -94.90761 -63.28489 -31.64639 0.00000 0.00000
-31.62272 -63.23755 -94.83662 -126.41206 -157.95600 -189.46057 -220.91792 -252.32021 -283.65962 -314.92834 -346.11857 -377.22253 -408.23249 -439.14071 -469.93948 -500.62114 -531.17803 -561.60254 -591.88709 -622.02412 -652.00614 -681.82566 -711.47525 -740.94753 -770.23516 -799.33082 -828.22727 -856.91731 -885.39379 -913.64961 -941.67773 -969.47116 -997.02299 -1024.32633 -1051.37439 -1078.16042 -1104.67776 -1130.91978 -1156.87996 -1182.55182 -1207.92896 -1233.00506 -1257.77387 -1282.22921 -1306.36500 -1330.17521 -1353.65392 -1376.79526 -1399.59349 -1422.04290 -1444.13791 -1465.87301 -1487.24278 -1508.24190 -1528.86514 -1549.10735 -1568.96349 -1588.42862 -1607.49787 -1626.16650 -1644.42986 -1662.28339 -1679.72264 -1696.74327 -1713.34104 -1729.51181 -1745.25154 -1760.55632 -1775.42234 -1789.84588 -1803.82336 -1817.35129 -1830.42629 -1843.04511 -1855.20461 -1866.90175 -1878.13362 -1888.89742 -1899.19047 -1909.01020 -1918.35416 -1927.22003 -1935.60560 -1943.50877 -1950.92758 -1957.86018 -1964.30483 -1970.25995 -1975.72403 -1980.69572 -1985.17378 -1989.15709 -1992.64466 -1995.63562 -1998.12923 -2000.12487 -2001.62203 -2002.62034 -2003.11956 -2003.11956 -2002.62034 -2001.62203 -2000.12487 -1998.12923 -1995.63562 -1992.64466 -1989.15709 -1985.17378 -1980.69572 -1975.72403 -1970.25995 -1964.30483 -1957.86018 -1950.92758 -1943.50877 -1935.60560 -1927.22003 -1918.35416 -1909.01020 -1899.19047 -1888.89742 -1878.13362 -1866.90175 -1855.20461 -1843.04511 -1830.42629 -1817.35129 -1803.82336 -1789.84588 -1775.42234 -1760.55632 -1745.25154 -1729.51181 -1713.34104 -1696.74327 -1679.72264 -1662.28339 -1644.42986 -1626.16650 -1607.49787 -1588.42862 -1568.96349 -1549.10735 -1528.86514 -1508.24190 -1487.24278 -1465.87301 -1444.13791 -1422.04290 -1399.59349 -1376.79526 -1353.65392 -1330.17521 -1306.36500 -1282.22921 -1257.77387 -1233.00506 -1207.92896 -1182.55182 -1156.87996 -1130.91978 -1104.67776 -1078.16042 -1051.37439 -1024.32633 -997.02299 -969.47116 -941.67773 -913.64961 -885.39379 -856.91731 -828.22727 -799.33082 -770.23516 -740.94753 -711.47525 -681.82566 -652.00614 -622.02412 -591.88709 -561.60254 -531.17803 -500.62114 -469.93948 -439.14071 -408.23249 -377.22253 -346.11857 -314.92834 -283.65962 -252.32021 -220.91792 -189.46057 -157.95600 -126.41206 -94.83662 -63.23755 -31.62272 0.00000 0.00000
-31.59116 -63.17445 -94.74200 -126.28593 -157.79840 -189.27153 -220.69749 -252.06846 -283.37660 -314.61411 -345.77322 -376.84616 -407.82518 -438.70255 -469.47060 -500.12164 -530.64804 -561.04220 -591.29653 -621.40349 -651.35559 -681.14536 -710.76538 -740.20825 -769.46665 -798.53328 -827.40090 -856.06232 -884.51038 -912.73801 -940.73817 -968.50387 -996.02820 -1023.30430 -1050.32537 -1077.08468 -1103.57556 -1129.79140 -1155.72568 -1181.37192 -1206.72374 -1231.77482 -1256.51892 -1280.94986 -1305.06157 -1328.84802 -1352.30330 -1375.42156 -1398.19703 -1420.62405 -1442.69701 -1464.41043 -1485.75888 -1506.73705 -1527.33971 -1547.56172 -1567.39805 -1586.84375 -1605.89398 -1624.54398 -1642.78912 -1660.62483 -1678.04669 -1695.05034 -1711.63154 -1727.78618 -1743.51021 -1758.79972 -1773.65090 -1788.06006 -1802.02359 -1815.53801 -1828.59997 -1841.20620 -1853.35357 -1865.03904 -1876.25970 -1887.01277 -1897.29554 -1907.10547 -1916.44011 -1925.29714 -1933.67434 -1941.56963 -1948.98103 -1955.90671 -1962.34494 -1968.29411 -1973.75274 -1978.71947 -1983.19306 -1987.17240 -1990.65649 -1993.64447 -1996.13559 -1998.12923 -1999.62490 -2000.62222 -2001.12094 -2001.12094 -2000.62222 -1999.62490 -1998.12923 -1996.13559 -1993.64447 -1990.65649 -1987.17240 -1983.19306 -1978.71947 -1973.75274 -1968.29411 -1962.34494 -1955.90671 -1948.98103 -1941.56963 -1933.67434 -1925.29714 -1916.44011 -1907.10547 -1897.29554 -1887.01277 -1876.25970 -1865.03904 -1853.35357 -1841.20620 -1828.59997 -1815.53801 -1802.02359 -1788.06006 -1773.65090 -1758.79972 -1743.51021 -1727.78618 -1711.63154 -1695.05034 -1678.04669 -1660.62483 -1642.78912 -1624.54398 -1605.89398 -1586.84375 -1567.39805 -1547.56172 -1527.33971 -1506.73705 -1485.75888 -1464.41043 -1442.69701 -1420.62405 -1398.19703 -1375.42156 -1352.30330 -1328.84802 -1305.06157 -1280.94986 -1256.51892 -1231.77482 -1206.72374 -1181.37192 -1155.72568 -1129.79140 -1103.57556 -1077.08468 -1050.32537 -1023.30430 -996.02820 -968.50387 -940.73817 -912.73801 -884.51038 -856.06232 -827.40090 -798.53328 -769.46665 -740.20825 -710.76538 -681.14536 -651.35559 -621.40349 -591.29653 -561.04220 -530.64804 -500.12164 -469.47060 -438.70255 -407.82518 -376.84616 -345.77322 -314.61411 -283.37660 -252.06846 -220.69749 -189.27153 -157.79840 -126.28593 -94.74200 -63.17445 -31.59116 0.00000 0.00000
-31.55174 -63.09561 -94.62376 -126.12833 -157.60147 -189.03532 -220.42207 -251.75388 -283.02295 -314.22149 -345.34171 -376.37587 -407.31622 -438.15507 -468.88471 -499.49750 -529.98581 -560.34203 -590.55861 -620.62800 -650.54272 -680.29531 -709.87836 -739.28449 -768.50638 -797.53673 -826.36833 -854.99398 -883.40654 -911.59894 -939.56415 -967.29521 -994.78519 -1022.02725 -1049.01460 -1075.74051 -1102.19833 -1128.38145 -1154.28336 -1179.89760 -1205.21778 -1230.23760 -1254.95082 -1279.35127 -1303.43289 -1327.18966 -1350.61567 -1373.70507 -1396.45212 -1418.85115 -1440.89657 -1462.58288 -1483.90469 -1504.85668 -1525.43363 -1545.63041 -1565.44198 -1584.86342 -1603.88987 -1622.51660 -1640.73896 -1658.55242 -1675.95253 -1692.93496 -1709.49548 -1725.62995 -1741.33436 -1756.60479 -1771.43744 -1785.82861 -1799.77471 -1813.27227 -1826.31793 -1838.90843 -1851.04064 -1862.71152 -1873.91819 -1884.65783 -1894.92777 -1904.72546 -1914.04845 -1922.89442 -1931.26117 -1939.14660 -1946.54876 -1953.46580 -1959.89599 -1965.83773 -1971.28955 -1976.25008 -1980.71809 -1984.69246 -1988.17221 -1991.15646 -1993.64447 -1995.63562 -1997.12942 -1998.12550 -1998.62360 -1998.62360 -1998.12550 -1997.12942 -1995.63562 -1993.64447 -1991.15646 -1988.17221 -1984.69246 -1980.71809 -1976.25008 -1971.28955 -1965.83773 -1959.89599 -1953.46580 -1946.54876 -1939.14660 -1931.26117 -1922.89442 -1914.04845 -1904.72546 -1894.92777 -1884.65783 -1873.91819 -1862.71152 -1851.04064 -1838.90843 -1826.31793 -1813.27227 -1799.77471 -1785.82861 -1771.43744 -1756.60479 -1741.33436 -1725.62995 -1709.49548 -1692.93496 -1675.95253 -1658.55242 -1640.73896 -1622.51660 -1603.88987 -1584.86342 -1565.44198 -1545.63041 -1525.43363 -1504.85668 -1483.90469 -1462.58288 -1440.89657 -1418.85115 -1396.45212 -1373.70507 -1350.61567 -1327.18966 -1303.43289 -1279.35127 -1254.95082 -1230.23760 -1205.21778 -1179.89760 -1154.28336 -1128.38145 -1102.19833 -1075.74051 -1049.01460 -1022.02725 -994.78519 -967.29521 -939.56415 -911.59894 -883.40654 -854.99398 -826.36833 -797.53673 -768.50638 -739.28449 -709.87836 -680.29531 -650.54272 -620.62800 -590.55861 -560.34203 -529.98581 -499.49750 -468.88471 -438.15507 -407.31622 -376.37587 -345.34171 -314.22149 -283.02295 -251.75388 -220.42207 -189.03532 -157.60147 -126.12833 -94.62376 -63.09561 -31.55174 0.00000 0.00000
-31.50445 -63.00105 -94.48195 -125.93930 -157.36526 -188.75201 -220.09171 -251.37657 -282.59877 -313.75054 -344.82413 -375.81177 -406.70576 -437.49838 -468.18197 -498.74888 -529.19149 -559.50222 -589.67351 -619.69783 -649.56772 -679.27572 -708.81443 -738.17649 -767.35458 -796.34142 -825.12981 -853.71255 -882.08253 -910.23268 -938.15598 -965.84547 -993.29425 -1020.49548 -1047.44238 -1074.12824 -1100.54641 -1126.69029 -1152.55338 -1178.12923 -1203.41146 -1228.39378 -1253.06996 -1277.43384 -1301.47936 -1325.20053 -1348.59143 -1371.64623 -1394.35919 -1416.72464 -1438.73702 -1460.39083 -1481.68069 -1502.60128 -1523.14738 -1543.31389 -1563.09577 -1582.48810 -1601.48604 -1620.08485 -1638.27990 -1656.06666 -1673.44069 -1690.39767 -1706.93337 -1723.04366 -1738.72453 -1753.97207 -1768.78249 -1783.15209 -1797.07730 -1810.55463 -1823.58073 -1836.15236 -1848.26639 -1859.91978 -1871.10965 -1881.83319 -1892.08774 -1901.87075 -1911.17977 -1920.01248 -1928.36668 -1936.24030 -1943.63136 -1950.53804 -1956.95859 -1962.89143 -1968.33508 -1973.28817 -1977.74949 -1981.71790 -1985.19243 -1988.17221 -1990.65649 -1992.64466 -1994.13622 -1995.13080 -1995.62816 -1995.62816 -1995.13080 -1994.13622 -1992.64466 -1990.65649 -1988.17221 -1985.19243 -1981.71790 -1977.74949 -1973.28817 -1968.33508 -1962.89143 -1956.95859 -1950.53804 -1943.63136 -1936.24030 -1928.36668 -1920.01248 -1911.17977 -1901.87075 -1892.08774 -1881.83319 -1871.10965 -1859.91978 -1848.26639 -1836.15236 -1823.58073 -1810.55463 -1797.07730 -1783.15209 -1768.78249 -1753.97207 -1738.72453 -1723.04366 -1706.93337 -1690.39767 -1673.44069 -1656.06666 -1638.27990 -1620.08485 -1601.48604 -1582.48810 -1563.09577 -1543.31389 -1523.14738 -1502.60128 -1481.68069 -1460.39083 -1438.73702 -1416.72464 -1394.35919 -1371.64623 -1348.59143 -1325.20053 -1301.47936 -1277.43384 -1253.06996 -1228.39378 -1203.41146 -1178.12923 -1152.55338 -1126.69029 -1100.54641 -1074.12824 -1047.44238 -1020.49548 -993.29425 -965.84547 -938.15598 -910.23268 -882.08253 -853.71255 -825.12981 -796.34142 -767.35458 -738.17649 -708.81443 -679.27572 -649.56772 -619.69783 -589.67351 -559.50222 -529.19149 -498.74888 -468.18197 -437.49838 -406.70576 -375.81177 -344.82413 -313.75054 -282.59877 -251.37657 -220.09171 -188.75201 -157.36526 -125.93930 -94.48195 -63.00105 -31.50445 0.00000 0.00000
-31.44931 -62.89078 -94.31658 -125.71888 -157.08984 -188.42165 -219.70650 -250.93660 -282.10416 -313.20141 -344.22061 -375.15402 -405.99393 -436.73266 -467.36255 -497.87596 -528.26529 -558.52297 -588.64145 -618.61322 -648.43083 -678.08683 -707.57384 -736.88451 -766.01153 -794.94765 -823.68565 -852.21836 -880.53869 -908.63957 -936.51400 -964.15502 -991.55576 -1018.70939 -1045.60913 -1072.24828 -1098.62020 -1124.71833 -1150.53615 -1176.06724 -1201.30522 -1226.24382 -1250.87680 -1275.19805 -1299.20148 -1322.88113 -1346.23109 -1369.24554 -1391.91875 -1414.24506 -1436.21891 -1457.83482 -1479.08742 -1499.97139 -1520.48154 -1540.61275 -1560.36001 -1579.71839 -1598.68308 -1617.24934 -1635.41255 -1653.16818 -1670.51180 -1687.43910 -1703.94585 -1720.02795 -1735.68137 -1750.90223 -1765.68673 -1780.03118 -1793.93201 -1807.38575 -1820.38906 -1832.93869 -1845.03151 -1856.66451 -1867.83479 -1878.53956 -1888.77617 -1898.54205 -1907.83478 -1916.65203 -1924.99161 -1932.85145 -1940.22958 -1947.12416 -1953.53348 -1959.45593 -1964.89005 -1969.83448 -1974.28798 -1978.24945 -1981.71790 -1984.69246 -1987.17240 -1989.15709 -1990.64604 -1991.63888 -1992.13536 -1992.13536 -1991.63888 -1990.64604 -1989.15709 -1987.17240 -1984.69246 -1981.71790 -1978.24945 -1974.28798 -1969.83448 -1964.89005 -1959.45593 -1953.53348 -1947.12416 -1940.22958 -1932.85145 -1924.99161 -1916.65203 -1907.83478 -1898.54205 -1888.77617 -1878.53956 -1867.83479 -1856.66451 -1845.03151 -1832.93869 -1820.38906 -1807.38575 -1793.93201 -1780.03118 -1765.68673 -1750.90223 -1735.68137 -1720.02795 -1703.94585 -1687.43910 -1670.51180 -1653.16818 -1635.41255 -1617.24934 -1598.68308 -1579.71839 -1560.36001 -1540.61275 -1520.48154 -1499.97139 -1479.08742 -1457.83482 -1436.21891 -1414.24506 -1391.91875 -1369.24554 -1346.23109 -1322.88113 -1299.20148 -1275.19805 -1250.87680 -1226.24382 -1201.30522 -1176.06724 -1150.53615 -1124.71833 -1098.62020 -1072.24828 -1045.60913 -1018.70939 -991.55576 -964.15502 -936.51400 -908.63957 -880.53869 -852.21836 -823.68565 -794.94765 -766.01153 -736.88451 -707.57384 -678.08683 -648.43083 -618.61322 -588.64145 -558.52297 -528.26529 -497.87596 -467.36255 -436.73266 -405.99393 -375.15402 -344.22061 -313.20141 -282.10416 -250.93660 -219.70650 -188.42165 -157.08984 -125.71888 -94.31658 -62.89078 -31.44931 0.00000 0.00000
-31.38633 -62.76484 -94.12771 -125.46712 -156.77526 -188.04433 -219.26654 -250.43410 -281.53924 -312.57422 -343.53130 -374.40277 -405.18092 -435.85810 -466.42665 -496.87896 -527.20743 -557.40452 -587.46268 -617.37444 -647.13234 -676.72896 -706.15692 -735.40889 -764.47759 -793.35576 -822.03621 -850.51179 -878.77540 -906.82001 -934.63862 -962.22429 -989.57016 -1016.66941 -1043.51528 -1070.10109 -1096.42020 -1122.46607 -1148.23219 -1173.71215 -1198.89959 -1223.78825 -1248.37191 -1272.64445 -1296.59982 -1320.23205 -1343.53525 -1366.50361 -1389.13141 -1411.41302 -1433.34286 -1454.91549 -1476.12553 -1496.96768 -1517.43675 -1537.52765 -1557.23537 -1576.55499 -1595.48170 -1614.01078 -1632.13761 -1649.85769 -1667.16658 -1684.05998 -1700.53368 -1716.58357 -1732.20565 -1747.39603 -1762.15092 -1776.46664 -1790.33964 -1803.76644 -1816.74371 -1829.26820 -1841.33681 -1852.94651 -1864.09442 -1874.77776 -1884.99387 -1894.74020 -1904.01431 -1912.81391 -1921.13679 -1928.98089 -1936.34424 -1943.22502 -1949.62150 -1955.53210 -1960.95534 -1965.88986 -1970.33445 -1974.28798 -1977.74949 -1980.71809 -1983.19306 -1985.17378 -1986.65975 -1987.65060 -1988.14609 -1988.14609 -1987.65060 -1986.65975 -1985.17378 -1983.19306 -1980.71809 -1977.74949 -1974.28798 -1970.33445 -1965.88986 -1960.95534 -1955.53210 -1949.62150 -1943.22502 -1936.34424 -1928.98089 -1921.13679 -1912.81391 -1904.01431 -1894.74020 -1884.99387 -1874.77776 -1864.09442 -1852.94651 -1841.33681 -1829.26820 -1816.74371 -1803.76644 -1790.33964 -1776.46664 -1762.15092 -1747.39603 -1732.20565 -1716.58357 -1700.53368 -1684.05998 -1667.16658 -1649.85769 -1632.13761 -1614.01078 -1595.48170 -1576.55499 -1557.23537 -1537.52765 -1517.43675 -1496.96768 -1476.12553 -1454.91549 -1433.34286 -1411.41302 -1389.13141 -1366.50361 -1343.53525 -1320.23205 -1296.59982 -1272.64445 -1248.37191 -1223.78825 -1198.89959 -1173.71215 -1148.23219 -1122.46607 -1096.42020 -1070.10109 -1043.51528 -1016.66941 -989.57016 -962.22429 -934.63862 -906.82001 -878.77540 -850.51179 -822.03621 -793.35576 -764.47759 -735.40889 -706.15692 -676.72896 -647.13234 -617.37444 -587.46268 -557.40452 -527.20743 -496.87896 -466.42665 -435.85810 -405.18092 -374.40277 -343.53130 -312.57422 -281.53924 -250.43410 -219.26654 -188.04433 -156.77526 -125.46712 -94.12771 -62.76484 -31.38633 0.00000 0.00000
-31.31553 -62.62326 -93.91538 -125.18410 -156.42162 -187.62015 -218.77193 -249.86918 -280.90416 -311.86913 -342.75638 -373.55821 -404.26693 -434.87491 -465.37451 -495.75812 -526.01818 -556.14715 -586.13751 -615.98180 -645.67257 -675.20242 -704.56400 -733.74999 -762.75312 -791.56614 -820.18190 -848.59324 -876.79310 -904.77445 -932.53030 -960.05375 -987.33794 -1014.37606 -1041.16137 -1067.68721 -1093.94695 -1119.93406 -1145.64206 -1171.06455 -1196.19517 -1221.02768 -1245.55589 -1269.77368 -1293.67501 -1317.25393 -1340.50457 -1363.42112 -1385.99788 -1408.22922 -1430.10960 -1451.63356 -1472.79575 -1493.59089 -1514.01379 -1534.05937 -1553.72263 -1572.99867 -1591.88269 -1610.36997 -1628.45592 -1646.13602 -1663.40587 -1680.26116 -1696.69770 -1712.71138 -1728.29822 -1743.45434 -1758.17594 -1772.45938 -1786.30108 -1799.69759 -1812.64559 -1825.14183 -1837.18321 -1848.76673 -1859.88949 -1870.54873 -1880.74179 -1890.46613 -1899.71933 -1908.49908 -1916.80319 -1924.62959 -1931.97633 -1938.84159 -1945.22364 -1951.12090 -1956.53191 -1961.45530 -1965.88986 -1969.83448 -1973.28817 -1976.25008 -1978.71947 -1980.69572 -1982.17834 -1983.16695 -1983.66132 -1983.66132 -1983.16695 -1982.17834 -1980.69572 -1978.71947 -1976.25008 -1973.28817 -1969.83448 -1965.88986 -1961.45530 -1956.53191 -1951.12090 -1945.22364 -1938.84159 -1931.97633 -1924.62959 -1916.80319 -1908.49908 -1899.71933 -1890.46613 -1880.74179 -1870.54873 -1859.88949 -1848.76673 -1837.18321 -1825.14183 -1812.64559 -1799.69759 -1786.30108 -1772.45938 -1758.17594 -1743.45434 -1728.29822 -1712.71138 -1696.69770 -1680.26116 -1663.40587 -1646.13602 -1628.45592 -1610.36997 -1591.88269 -1572.99867 -1553.72263 -1534.05937 -1514.01379 -1493.59089 -1472.79575 -1451.63356 -1430.10960 -1408.22922 -1385.99788 -1363.42112 -1340.50457 -1317.25393 -1293.67501 -1269.77368 -1245.55589 -1221.02768 -1196.19517 -1171.06455 -1145.64206 -1119.93406 -1093.94695 -1067.68721 -1041.16137 -1014.37606 -987.33794 -960.05375 -932.53030 -904.77445 -876.79310 -848.59324 -820.18190 -791.56614 -762.75312 -733.74999 -704.56400 -675.20242 -645.67257 -615.98180 -586.13751 -556.14715 -526.01818 -495.75812 -465.37451 -434.87491 -404.26693 -373.55821 -342.75638 -311.86913 -280.90416 -249.86918 -218.77193 -187.62015 -156.42162 -125.18410 -93.91538 -62.62326 -31.31553 0.00000 0.00000
-31.23693 -62.46607 -93.67965 -124.86988 -156.02899 -187.14921 -218.22279 -249.24199 -280.19907 -311.08632 -341.89604 -372.62055 -403.25220 -433.78334 -464.20638 -494.51373 -524.69784 -554.75118 -584.66627 -614.43564 -644.05188 -673.50762 -702.79550 -731.90823 -760.83855 -789.57926 -818.12318 -846.46321 -874.59229 -902.50340 -930.18958 -957.64395 -984.85965 -1011.82990 -1038.54798 -1065.00723 -1091.20107 -1117.12295 -1142.76642 -1168.12509 -1193.19264 -1217.96282 -1242.42945 -1266.58645 -1290.42779 -1313.94753 -1337.13980 -1359.99883 -1382.51892 -1404.69446 -1426.51992 -1447.98986 -1469.09893 -1489.84187 -1510.21351 -1530.20877 -1549.82268 -1569.05033 -1587.88694 -1606.32782 -1624.36837 -1642.00410 -1659.23060 -1676.04358 -1692.43886 -1708.41235 -1723.96007 -1739.07814 -1753.76279 -1768.01038 -1781.81733 -1795.18022 -1808.09571 -1820.56059 -1832.57175 -1844.12619 -1855.22103 -1865.85352 -1876.02099 -1885.72093 -1894.95090 -1903.70861 -1911.99187 -1919.79863 -1927.12693 -1933.97495 -1940.34099 -1946.22345 -1951.62087 -1956.53191 -1960.95534 -1964.89005 -1968.33508 -1971.28955 -1973.75274 -1975.72403 -1977.20292 -1978.18906 -1978.68219 -1978.68219 -1978.18906 -1977.20292 -1975.72403 -1973.75274 -1971.28955 -1968.33508 -1964.89005 -1960.95534 -1956.53191 -1951.62087 -1946.22345 -1940.34099 -1933.97495 -1927.12693 -1919.79863 -1911.99187 -1903.70861 -1894.95090 -1885.72093 -1876.02099 -1865.85352 -1855.22103 -1844.12619 -1832.57175 -1820.56059 -1808.09571 -1795.18022 -1781.81733 -1768.01038 -1753.76279 -1739.07814 -1723.96007 -1708.41235 -1692.43886 -1676.04358 -1659.23060 -1642.00410 -1624.36837 -1606.32782 -1587.88694 -1569.05033 -1549.82268 -1530.20877 -1510.21351 -1489.84187 -1469.09893 -1447.98986 -1426.51992 -1404.69446 -1382.51892 -1359.99883 -1337.13980 -1313.94753 -1290.42779 -1266.58645 -1242.42945 -1217.96282 -1193.19264 -1168.12509 -1142.76642 -1117.12295 -1091.20107 -1065.00723 -1038.54798 -1011.82990 -984.85965 -957.64395 -930.18958 -902.50340 -874.59229 -846.46321 -818.12318 -789.57926 -760.83855 -731.90823 -702.79550 -673.50762 -644.05188 -614.43564 -584.66627 -554.75118 -524.69784 -494.51373 -464.20638 -433.78334 -403.25220 -372.62055 -341.89604 -311.08632 -280.19907 -249.24199 -218.22279 -187.14921 -156.02899 -124.86988 -93.67965 -62.46607 -31.23693 0.00000 0.00000
-31.15054 -62.29332 -93.42057 -124.52454 -155.59747 -186.63163 -217.61927 -248.55268 -279.42415 -310.22597 -340.95049 -371.59003 -402.13696 -432.58367 -462.92257 -493.14610 -523.24673 -553.21696 -583.04931 -612.73635 -642.27069 -671.64496 -700.85184 -729.88405 -758.73437 -787.39559 -815.86057 -844.12223 -872.17351 -900.00743 -927.61704 -954.99548 -982.13591 -1009.03157 -1035.67576 -1062.06184 -1088.18323 -1114.03342 -1139.60597 -1164.89451 -1189.89273 -1214.59441 -1238.99338 -1263.08357 -1286.85897 -1310.31366 -1333.44180 -1356.23761 -1378.69542 -1400.80962 -1422.57472 -1443.98528 -1465.03597 -1485.72155 -1506.03685 -1525.97681 -1545.53647 -1564.71095 -1583.49547 -1601.88535 -1619.87600 -1637.46295 -1654.64181 -1671.40830 -1687.75824 -1703.68755 -1719.19227 -1734.26853 -1748.91257 -1763.12075 -1776.88952 -1790.21545 -1803.09523 -1815.52563 -1827.50357 -1839.02605 -1850.09022 -1860.69330 -1870.83265 -1880.50576 -1889.71020 -1898.44369 -1906.70405 -1914.48921 -1921.79725 -1928.62633 -1934.97476 -1940.84095 -1946.22345 -1951.12090 -1955.53210 -1959.45593 -1962.89143 -1965.83773 -1968.29411 -1970.25995 -1971.73475 -1972.71816 -1973.20993 -1973.20993 -1972.71816 -1971.73475 -1970.25995 -1968.29411 -1965.83773 -1962.89143 -1959.45593 -1955.53210 -1951.12090 -1946.22345 -1940.84095 -1934.97476 -1928.62633 -1921.79725 -1914.48921 -1906.70405 -1898.44369 -1889.71020 -1880.50576 -1870.83265 -1860.69330 -1850.09022 -1839.02605 -1827.50357 -1815.52563 -1803.09523 -1790.21545 -1776.88952 -1763.12075 -1748.91257 -1734.26853 -1719.19227 -1703.68755 -1687.75824 -1671.40830 -1654.64181 -1637.46295 -1619.87600 -1601.88535 -1583.49547 -1564.71095 -1545.53647 -1525.97681 -1506.03685 -1485.72155 -1465.03597 -1443.98528 -1422.57472 -1400.80962 -1378.69542 -1356.23761 -1333.44180 -1310.31366 -1286.85897 -1263.08357 -1238.99338 -1214.59441 -1189.89273 -1164.89451 -1139.60597 -1114.03342 -1088.18323 -1062.06184 -1035.67576 -1009.03157 -982.13591 -954.99548 -927.61704 -900.00743 -872.17351 -844.12223 -815.86057 -787.39559 -758.73437 -729.88405 -700.85184 -671.64496 -642.27069 -612.73635 -583.04931 -553.21696 -523.24673 -493.14610 -462.92257 -432.58367 -402.13696 -371.59003 -340.95049 -310.22597 -279.42415 -248.55268 -217.61927 -186.63163 -155.59747 -124.52454 -93.42057 -62.29332 -31.15054 0.00000 0.00000
-31.05639 -62.10503 -93.13820 -124.14816 -155.12718 -186.06754 -216.96152 -247.80143 -278.57959 -309.28832 -339.91996 -370.46689 -400.92150 -431.27618 -461.52339 -491.65557 -521.66522 -551.54486 -581.28704 -610.88436 -640.32942 -669.61491 -698.73351 -727.67798 -756.44109 -785.01568 -813.39463 -841.57087 -869.53736 -897.28715 -924.81332 -952.10900 -979.16740 -1005.98177 -1032.54543 -1058.85176 -1084.89419 -1110.66625 -1136.16151 -1161.37362 -1186.29628 -1210.92329 -1235.24852 -1259.26590 -1282.96944 -1306.35324 -1329.41147 -1352.13838 -1374.52831 -1396.57568 -1418.27499 -1439.62084 -1460.60790 -1481.23095 -1501.48485 -1521.36455 -1540.86509 -1559.98161 -1578.70935 -1597.04365 -1614.97993 -1632.51372 -1649.64066 -1666.35647 -1682.65699 -1698.53815 -1713.99601 -1729.02670 -1743.62648 -1757.79172 -1771.51887 -1784.80453 -1797.64537 -1810.03820 -1821.97994 -1833.46760 -1844.49832 -1855.06935 -1865.17806 -1874.82193 -1883.99855 -1892.70564 -1900.94103 -1908.70267 -1915.98862 -1922.79706 -1929.12630 -1934.97476 -1940.34099 -1945.22364 -1949.62150 -1953.53348 -1956.95859 -1959.89599 -1962.34494 -1964.30483 -1965.77518 -1966.75562 -1967.24590 -1967.24590 -1966.75562 -1965.77518 -1964.30483 -1962.34494 -1959.89599 -1956.95859 -1953.53348 -1949.62150 -1945.22364 -1940.34099 -1934.97476 -1929.12630 -1922.79706 -1915.98862 -1908.70267 -1900.94103 -1892.70564 -1883.99855 -1874.82193 -1865.17806 -1855.06935 -1844.49832 -1833.46760 -1821.97994 -1810.03820 -1797.64537 -1784.80453 -1771.51887 -1757.79172 -1743.62648 -1729.02670 -1713.99601 -1698.53815 -1682.65699 -1666.35647 -1649.64066 -1632.51372 -1614.97993 -1597.04365 -1578.70935 -1559.98161 -1540.86509 -1521.36455 -1501.48485 -1481.23095 -1460.60790 -1439.62084 -1418.27499 -1396.57568 -1374.52831 -1352.13838 -1329.41147 -1306.35324 -1282.96944 -1259.26590 -1235.24852 -1210.92329 -1186.29628 -1161.37362 -1136.16151 -1110.66625 -1084.89419 -1058.85176 -1032.54543 -1005.98177 -979.16740 -952.10900 -924.81332 -897.28715 -869.53736 -841.57087 -813.39463 -785.01568 -756.44109 -727.67798 -698.73351 -669.61491 -640.32942 -610.88436 -581.28704 -551.54486 -521.66522 -491.65557 -461.52339 -431.27618 -400.92150 -370.46689 -339.91996 -309.28832 -278.57959 -247.80143 -216.96152 -186.06754 -155.12718 -124.14816 -93.13820 -62.10503 -31.05639 0.00000 0.00000
-30.95449 -61.90128 -92.83263 -123.74085 -154.61822 -185.45707 -216.24969 -246.98842 -277.66560 -308.27358 -338.80472 -369.25144 -399.60612 -429.86122 -460.00918 -490.04250 -519.95369 -549.73530 -579.37990 -608.88011 -638.22858 -667.41798 -696.44105 -725.29055 -753.95930 -782.44014 -810.72598 -838.80977 -866.68451 -894.34326 -921.77911 -948.98524 -975.95487 -1002.68126 -1029.15777 -1055.37779 -1081.33478 -1107.02229 -1132.43390 -1157.56328 -1182.40418 -1206.95039 -1231.19581 -1255.13439 -1278.76017 -1302.06724 -1325.04982 -1347.70217 -1370.01864 -1391.99367 -1413.62179 -1434.89761 -1455.81582 -1476.37121 -1496.55865 -1516.37312 -1535.80968 -1554.86349 -1573.52979 -1591.80393 -1609.68137 -1627.15763 -1644.22838 -1660.88934 -1677.13638 -1692.96545 -1708.37259 -1723.35396 -1737.90584 -1752.02460 -1765.70672 -1778.94879 -1791.74750 -1804.09968 -1816.00223 -1827.45220 -1838.44673 -1848.98308 -1859.05863 -1868.67085 -1877.81737 -1886.49589 -1894.70427 -1902.44044 -1909.70248 -1916.48858 -1922.79706 -1928.62633 -1933.97495 -1938.84159 -1943.22502 -1947.12416 -1950.53804 -1953.46580 -1955.90671 -1957.86018 -1959.32570 -1960.30292 -1960.79159 -1960.79159 -1960.30292 -1959.32570 -1957.86018 -1955.90671 -1953.46580 -1950.53804 -1947.12416 -1943.22502 -1938.84159 -1933.97495 -1928.62633 -1922.79706 -1916.48858 -1909.70248 -1902.44044 -1894.70427 -1886.49589 -1877.81737 -1868.67085 -1859.05863 -1848.98308 -1838.44673 -1827.45220 -1816.00223 -1804.09968 -1791.74750 -1778.94879 -1765.70672 -1752.02460 -1737.90584 -1723.35396 -1708.37259 -1692.96545 -1677.13638 -1660.88934 -1644.22838 -1627.15763 -1609.68137 -1591.80393 -1573.52979 -1554.86349 -1535.80968 -1516.37312 -1496.55865 -1476.37121 -1455.81582 -1434.89761 -1413.62179 -1391.99367 -1370.01864 -1347.70217 -1325.04982 -1302.06724 -1278.76017 -1255.13439 -1231.19581 -1206.95039 -1182.40418 -1157.56328 -1132.43390 -1107.02229 -1081.33478 -1055.37779 -1029.15777 -1002.68126 -975.95487 -948.98524 -921.77911 -894.34326 -866.68451 -838.80977 -810.72598 -782.44014 -753.95930 -725.29055 -696.44105 -667.41798 -638.22858 -608.88011 -579.37990 -549.73530 -519.95369 -490.04250 -460.00918 -429.86122 -399.60612 -369.25144 -338.80472 -308.27358 -277.66560 -246.98842 -216.24969 -185.45707 -154.61822 -123.74085 -92.83263 -61.90128 -30.95449 0.00000 0.00000
-30.84489 -61.68209 -92.50392 -123.30269 -154.07074 -184.80038 -215.48397 -246.11386 -276.68241 -307.18201 -337.60505 -367.94395 -398.19115 -428.33912 -458.38033 -488.30731 -518.11259 -547.78874 -577.32838 -606.72413 -635.96867 -665.05472 -693.97502 -722.72237 -751.28960 -779.66959 -807.85527 -835.83962 -863.61566 -891.17647 -918.51518 -945.62498 -972.49910 -999.13086 -1025.51362 -1051.64079 -1077.50588 -1103.10243 -1128.42406 -1153.46446 -1178.21740 -1202.67670 -1226.83627 -1250.69008 -1274.23220 -1297.45675 -1320.35795 -1342.93008 -1365.16753 -1387.06475 -1408.61629 -1429.81677 -1450.66091 -1471.14351 -1491.25948 -1511.00379 -1530.37153 -1549.35787 -1567.95807 -1586.16751 -1603.98164 -1621.39602 -1638.40632 -1655.00829 -1671.19780 -1686.97082 -1702.32340 -1717.25173 -1731.75208 -1745.82085 -1759.45452 -1772.64970 -1785.40310 -1797.71153 -1809.57194 -1820.98137 -1831.93696 -1842.43601 -1852.47587 -1862.05407 -1871.16820 -1879.81599 -1887.99530 -1895.70407 -1902.94040 -1909.70248 -1915.98862 -1921.79725 -1927.12693 -1931.97633 -1936.34424 -1940.22958 -1943.63136 -1946.54876 -1948.98103 -1950.92758 -1952.38791 -1953.36167 -1953.84861 -1953.84861 -1953.36167 -1952.38791 -1950.92758 -1948.98103 -1946.54876 -1943.63136 -1940.22958 -1936.34424 -1931.97633 -1927.12693 -1921.79725 -1915.98862 -1909.70248 -1902.94040 -1895.70407 -1887.99530 -1879.81599 -1871.16820 -1862.05407 -1852.47587 -1842.43601 -1831.93696 -1820.98137 -1809.57194 -1797.71153 -1785.40310 -1772.64970 -1759.45452 -1745.82085 -1731.75208 -1717.25173 -1702.32340 -1686.97082 -1671.19780 -1655.00829 -1638.40632 -1621.39602 -1603.98164 -1586.16751 -1567.95807 -1549.35787 -1530.37153 -1511.00379 -1491.25948 -1471.14351 -1450.66091 -1429.81677 -1408.61629 -1387.06475 -1365.16753 -1342.93008 -1320.35795 -1297.45675 -1274.23220 -1250.69008 -1226.83627 -1202.67670 -1178.21740 -1153.46446 -1128.42406 -1103.10243 -1077.50588 -1051.64079 -1025.51362 -999.13086 -972.49910 -945.62498 -918.51518 -891.17647 -863.61566 -835.83962 -807.85527 -779.66959 -751.28960 -722.72237 -693.97502 -665.05472 -635.96867 -606.72413 -577.32838 -547.78874 -518.11259 -488.30731 -458.38033 -428.33912 -398.19115 -367.94395 -337.60505 -307.18201 -276.68241 -246.11386 -215.48397 -184.80038 -154.07074 -123.30269 -92.50392 -61.68209 -30.84489 0.00000 0.00000
-30.72759 -61.44753 -92.15215 -122.83381 -153.48485 -184.09764 -214.66455 -245.17796 -275.63027 -306.01389 -336.32124 -366.54477 -396.67695 -426.71027 -456.63724 -486.45042 -516.14236 -545.70566 -575.13296 -604.41693 -633.55027 -662.52571 -691.33603 -719.97406 -748.43266 -776.70473 -804.78324 -832.66117 -860.33158 -887.78759 -915.02234 -942.02904 -968.80097 -995.33146 -1021.61389 -1047.64171 -1073.40844 -1098.90765 -1124.13299 -1149.07817 -1173.73698 -1198.10327 -1222.17096 -1245.93407 -1269.38666 -1292.52290 -1315.33701 -1337.82331 -1359.97620 -1381.79015 -1403.25973 -1424.37959 -1445.14447 -1465.54918 -1485.58865 -1505.25788 -1524.55197 -1543.46611 -1561.99558 -1580.13577 -1597.88216 -1615.23032 -1632.17594 -1648.71478 -1664.84272 -1680.55576 -1695.84996 -1710.72152 -1725.16674 -1739.18200 -1752.76383 -1765.90883 -1778.61373 -1790.87536 -1802.69066 -1814.05670 -1824.97064 -1835.42976 -1845.43145 -1854.97322 -1864.05269 -1872.66760 -1880.81580 -1888.49526 -1895.70407 -1902.44044 -1908.70267 -1914.48921 -1919.79863 -1924.62959 -1928.98089 -1932.85145 -1936.24030 -1939.14660 -1941.56963 -1943.50877 -1944.96355 -1945.93361 -1946.41870 -1946.41870 -1945.93361 -1944.96355 -1943.50877 -1941.56963 -1939.14660 -1936.24030 -1932.85145 -1928.98089 -1924.62959 -1919.79863 -1914.48921 -1908.70267 -1902.44044 -1895.70407 -1888.49526 -1880.81580 -1872.66760 -1864.05269 -1854.97322 -1845.43145 -1835.42976 -1824.97064 -1814.05670 -1802.69066 -1790.87536 -1778.61373 -1765.90883 -1752.76383 -1739.18200 -1725.16674 -1710.72152 -1695.84996 -1680.55576 -1664.84272 -1648.71478 -1632.17594 -1615.23032 -1597.88216 -1580.13577 -1561.99558 -1543.46611 -1524.55197 -1505.25788 -1485.58865 -1465.54918 -1445.14447 -1424.37959 -1403.25973 -1381.79015 -1359.97620 -1337.82331 -1315.33701 -1292.52290 -1269.38666 -1245.93407 -1222.17096 -1198.10327 -1173.73698 -1149.07817 -1124.13299 -1098.90765 -1073.40844 -1047.64171 -1021.61389 -995.33146 -968.80097 -942.02904 -915.02234 -887.78759 -860.33158 -832.66117 -804.78324 -776.70473 -748.43266 -719.97406 -691.33603 -662.52571 -633.55027 -604.41693 -575.13296 -545.70566 -516.14236 -486.45042 -456.63724 -426.71027 -396.67695 -366.54477 -336.32124 -306.01389 -275.63027 -245.17796 -214.66455 -184.09764 -153.48485 -122.83381 -92.15215 -61.44753 -30.72759 0.00000 0.00000
-30.60264 -61.19766 -91.77742 -122.33431 -152.86071 -183.34902 -213.79163 -244.18096 -274.50944 -304.76950 -334.95360 -365.05423 -395.06388 -424.97507 -454.78035 -484.47229 -514.04349 -543.48658 -572.79422 -601.95910 -630.97397 -659.83158 -688.52475 -717.04633 -745.38920 -773.54631 -801.51063 -829.27520 -856.83309 -884.17745 -911.30145 -938.19833 -964.86140 -991.28400 -1017.45955 -1043.38153 -1069.04348 -1094.43900 -1119.56176 -1144.40551 -1168.96404 -1193.23125 -1217.20107 -1240.86755 -1264.22477 -1287.26692 -1309.98826 -1332.38312 -1354.44593 -1376.17118 -1397.55345 -1418.58743 -1439.26787 -1459.58961 -1479.54759 -1499.13683 -1518.35246 -1537.18969 -1555.64381 -1573.71024 -1591.38446 -1608.66208 -1625.53878 -1642.01037 -1658.07273 -1673.72187 -1688.95388 -1703.76497 -1718.15144 -1732.10971 -1745.63631 -1758.72786 -1771.38109 -1783.59286 -1795.36012 -1806.67994 -1817.54950 -1827.96608 -1837.92710 -1847.43007 -1856.47262 -1865.05250 -1873.16757 -1880.81580 -1887.99530 -1894.70427 -1900.94103 -1906.70405 -1911.99187 -1916.80319 -1921.13679 -1924.99161 -1928.36668 -1931.26117 -1933.67434 -1935.60560 -1937.05446 -1938.02057 -1938.50369 -1938.50369 -1938.02057 -1937.05446 -1935.60560 -1933.67434 -1931.26117 -1928.36668 -1924.99161 -1921.13679 -1916.80319 -1911.99187 -1906.70405 -1900.94103 -1894.70427 -1887.99530 -1880.81580 -1873.16757 -1865.05250 -1856.47262 -1847.43007 -1837.92710 -1827.96608 -1817.54950 -1806.67994 -1795.36012 -1783.59286 -1771.38109 -1758.72786 -1745.63631 -1732.10971 -1718.15144 -1703.76497 -1688.95388 -1673.72187 -1658.07273 -1642.01037 -1625.53878 -1608.66208 -1591.38446 -1573.71024 -1555.64381 -1537.18969 -1518.35246 -1499.13683 -1479.54759 -1459.58961 -1439.26787 -1418.58743 -1397.55345 -1376.17118 -1354.44593 -1332.38312 -1309.98826 -1287.26692 -1264.22477 -1240.86755 -1217.20107 -1193.23125 -1168.96404 -1144.40551 -1119.56176 -1094.43900 -1069.04348 -1043.38153 -1017.45955 -991.28400 -964.86140 -938.19833 -911.30145 -884.17745 -856.83309 -829.27520 -801.51063 -773.54631 -745.38920 -717.04633 -688.52475 -659.83158 -630.97397 -601.95910 -572.79422 -543.48658 -514.04349 -484.47229 -454.78035 -424.97507 -395.06388 -365.05423 -334.95360 -304.76950 -274.50944 -244.18096 -213.79163 -183.34902 -152.86071 -122.33431 -91.77742 -61.19766 -30.60264 0.00000 0.00000
-30.47006 -60.93253 -91.37982 -121.80432 -152.19848 -182.55470 -212.86543 -243.12310 -273.32019 -303.44915 -333.50249 -363.47272 -393.35236 -423.13397 -452.81012 -482.37343 -511.81652 -541.13205 -570.31272 -599.35125 -628.24042 -656.97301 -685.54188 -713.93989 -742.15997 -770.19510 -798.03827 -825.68255 -853.12106 -880.34695 -907.35344 -934.13380 -960.68136 -986.98949 -1013.05164 -1038.86132 -1064.41209 -1089.69759 -1114.71152 -1139.44763 -1163.89977 -1188.06185 -1211.92783 -1235.49177 -1258.74781 -1281.69014 -1304.31304 -1326.61088 -1348.57810 -1370.20923 -1391.49888 -1412.44173 -1433.03257 -1453.26627 -1473.13779 -1492.64217 -1511.77455 -1530.53017 -1548.90434 -1566.89250 -1584.49015 -1601.69292 -1618.49651 -1634.89674 -1650.88951 -1666.47085 -1681.63687 -1696.38380 -1710.70794 -1724.60575 -1738.07374 -1751.10857 -1763.70699 -1775.86585 -1787.58214 -1798.85292 -1809.67538 -1820.04684 -1829.96471 -1839.42650 -1848.42988 -1856.97259 -1865.05250 -1872.66760 -1879.81599 -1886.49589 -1892.70564 -1898.44369 -1903.70861 -1908.49908 -1912.81391 -1916.65203 -1920.01248 -1922.89442 -1925.29714 -1927.22003 -1928.66262 -1929.62455 -1930.10557 -1930.10557 -1929.62455 -1928.66262 -1927.22003 -1925.29714 -1922.89442 -1920.01248 -1916.65203 -1912.81391 -1908.49908 -1903.70861 -1898.44369 -1892.70564 -1886.49589 -1879.81599 -1872.66760 -1865.05250 -1856.97259 -1848.42988 -1839.42650 -1829.96471 -1820.04684 -1809.67538 -1798.85292 -1787.58214 -1775.86585 -1763.70699 -1751.10857 -1738.07374 -1724.60575 -1710.70794 -1696.38380 -1681.63687 -1666.47085 -1650.88951 -1634.89674 -1618.49651 -1601.69292 -1584.49015 -1566.89250 -1548.90434 -1530.53017 -1511.77455 -1492.64217 -1473.13779 -1453.26627 -1433.03257 -1412.44173 -1391.49888 -1370.20923 -1348.57810 -1326.61088 -1304.31304 -1281.69014 -1258.74781 -1235.49177 -1211.92783 -1188.06185 -1163.89977 -1139.44763 -1114.71152 -1089.69759 -1064.41209 -1038.86132 -1013.05164 -986.98949 -960.68136 -934.13380 -907.35344 -880.34695 -853.12106 -825.68255 -798.03827 -770.19510 -742.15997 -713.93989 -685.54188 -656.97301 -628.24042 -599.35125 -570.31272 -541.13205 -511.81652 -482.37343 -452.81012 -423.13397 -393.35236 -363.47272 -333.50249 -303.44915 -273.32019 -243.12310 -212.86543 -182.55470 -152.19848 -121.80432 -91.37982 -60.93253 -30.47006 0.00000 0.00000
-30.32989 -60.65222 -90.95944 -121.24398 -151.49831 -181.71489 -211.88617 -242.00465 -272.06282 -302.05318 -331.96827 -361.80062 -391.54280 -421.18741 -450.72704 -480.15435 -509.46198 -538.64265 -567.68908 -596.59403 -625.35030 -653.95071 -682.38815 -710.65552 -738.74578 -766.65194 -794.36702 -821.88413 -849.19641 -876.29706 -903.17931 -929.83647 -956.26189 -982.44900 -1008.39126 -1034.08220 -1059.51544 -1084.68461 -1109.58347 -1134.20579 -1158.54544 -1182.59636 -1206.35255 -1229.80809 -1252.95714 -1275.79392 -1298.31275 -1320.50802 -1342.37418 -1363.90580 -1385.09751 -1405.94401 -1426.44013 -1446.58075 -1466.36085 -1485.77550 -1504.81987 -1523.48921 -1541.77885 -1559.68426 -1577.20096 -1594.32458 -1611.05087 -1627.37565 -1643.29486 -1658.80452 -1673.90077 -1688.57985 -1702.83810 -1716.67197 -1730.07801 -1743.05287 -1755.59334 -1767.69627 -1779.35865 -1790.57758 -1801.35026 -1811.67400 -1821.54624 -1830.96451 -1839.92647 -1848.42988 -1856.47262 -1864.05269 -1871.16820 -1877.81737 -1883.99855 -1889.71020 -1894.95090 -1899.71933 -1904.01431 -1907.83478 -1911.17977 -1914.04845 -1916.44011 -1918.35416 -1919.79011 -1920.74761 -1921.22642 -1921.22642 -1920.74761 -1919.79011 -1918.35416 -1916.44011 -1914.04845 -1911.17977 -1907.83478 -1904.01431 -1899.71933 -1894.95090 -1889.71020 -1883.99855 -1877.81737 -1871.16820 -1864.05269 -1856.47262 -1848.42988 -1839.92647 -1830.96451 -1821.54624 -1811.67400 -1801.35026 -1790.57758 -1779.35865 -1767.69627 -1755.59334 -1743.05287 -1730.07801 -1716.67197 -1702.83810 -1688.57985 -1673.90077 -1658.80452 -1643.29486 -1627.37565 -1611.05087 -1594.32458 -1577.20096 -1559.68426 -1541.77885 -1523.48921 -1504.81987 -1485.77550 -1466.36085 -1446.58075 -1426.44013 -1405.94401 -1385.09751 -1363.90580 -1342.37418 -1320.50802 -1298.31275 -1275.79392 -1252.95714 -1229.80809 -1206.35255 -1182.59636 -1158.54544 -1134.20579 -1109.58347 -1084.68461 -1059.51544 -1034.08220 -1008.39126 -982.44900 -956.26189 -929.83647 -903.17931 -876.29706 -849.19641 -821.88413 -794.36702 -766.65194 -738.74578 -710.65552 -682.38815 -653.95071 -625.35030 -596.59403 -567.68908 -538.64265 -509.46198 -480.15435 -450.72704 -421.18741 -391.54280 -361.80062 -331.96827 -302.05318 -272.06282 -242.00465 -211.88617 -181.71489 -151.49831 -121.24398 -90.95944 -60.65222 -30.32989 0.00000 0.00000
-30.18216 -60.35680 -90.51639 -120.65343 -150.76039 -180.82979 -210.85411 -240.82589 -270.73765 -300.58194 -330.35131 -360.03835 -389.63567 -419.13588 -448.53163 -477.81560 -506.98049 -536.01902 -564.92397 -593.68813 -622.30433 -650.76544 -679.06436 -707.19405 -735.14748 -762.91771 -790.49780 -817.88088 -845.06013 -872.02877 -898.78008 -925.30740 -951.60411 -977.66366 -1003.47956 -1029.04537 -1054.35472 -1079.40131 -1104.17888 -1128.68127 -1152.90237 -1176.83614 -1200.47662 -1223.81791 -1246.85421 -1269.57976 -1291.98890 -1314.07606 -1335.83572 -1357.26246 -1378.35094 -1399.09591 -1419.49219 -1439.53471 -1459.21847 -1478.53856 -1497.49016 -1516.06856 -1534.26912 -1552.08731 -1569.51869 -1586.55891 -1603.20373 -1619.44899 -1635.29066 -1650.72478 -1665.74750 -1680.35508 -1694.54388 -1708.31037 -1721.65110 -1734.56277 -1747.04215 -1759.08613 -1770.69171 -1781.85599 -1792.57620 -1802.84966 -1812.67381 -1822.04621 -1830.96451 -1839.42650 -1847.43007 -1854.97322 -1862.05407 -1868.67085 -1874.82193 -1880.50576 -1885.72093 -1890.46613 -1894.74020 -1898.54205 -1901.87075 -1904.72546 -1907.10547 -1909.01020 -1910.43916 -1911.39199 -1911.86847 -1911.86847 -1911.39199 -1910.43916 -1909.01020 -1907.10547 -1904.72546 -1901.87075 -1898.54205 -1894.74020 -1890.46613 -1885.72093 -1880.50576 -1874.82193 -1868.67085 -1862.05407 -1854.97322 -1847.43007 -1839.42650 -1830.96451 -1822.04621 -1812.67381 -1802.84966 -1792.57620 -1781.85599 -1770.69171 -1759.08613 -1747.04215 -1734.56277 -1721.65110 -1708.31037 -1694.54388 -1680.35508 -1665.74750 -1650.72478 -1635.29066 -1619.44899 -1603.20373 -1586.55891 -1569.51869 -1552.08731 -1534.26912 -1516.06856 -1497.49016 -1478.53856 -1459.21847 -1439.53471 -1419.49219 -1399.09591 -1378.35094 -1357.26246 -1335.83572 -1314.07606 -1291.98890 -1269.57976 -1246.85421 -1223.81791 -1200.47662 -1176.83614 -1152.90237 -1128.68127 -1104.17888 -1079.40131 -1054.35472 -1029.04537 -1003.47956 -977.66366 -951.60411 -925.30740 -898.78008 -872.02877 -845.06013 -817.88088 -790.49780 -762.91771 -735.14748 -707.19405 -679.06436 -650.76544 -622.30433 -593.68813 -564.92397 -536.01902 -506.98049 -477.81560 -448.53163 -419.13588 -389.63567 -360.03835 -330.35131 -300.58194 -270.73765 -240.82589 -210.85411 -180.82979 -150.76039 -120.65343 -90.51639 -60.35680 -30.18216 0.00000 0.00000
-30.02691 -60.04633 -90.05078 -120.03280 -149.98490 -179.89962 -209.76950 -239.58711 -269.34501 -299.03578 -328.65202 -358.18636 -387.63143 -416.97989 -446.22443 -475.35777 -504.37264 -533.26180 -562.01807 -590.63427 -619.10327 -647.41797 -675.57133 -703.55632 -731.36597 -758.99335 -786.43157 -813.67379 -840.71323 -867.54315 -894.15686 -920.54772 -946.70917 -972.63467 -998.31778 -1023.75208 -1048.93124 -1073.84899 -1098.49911 -1122.87546 -1146.97197 -1170.78263 -1194.30150 -1217.52273 -1240.44053 -1263.04918 -1285.34306 -1307.31660 -1328.96433 -1350.28086 -1371.26086 -1391.89912 -1412.19049 -1432.12991 -1451.71242 -1470.93312 -1489.78724 -1508.27008 -1526.37702 -1544.10355 -1561.44527 -1578.39783 -1594.95703 -1611.11873 -1626.87891 -1642.23364 -1657.17908 -1671.71152 -1685.82734 -1699.52301 -1712.79513 -1725.64038 -1738.05557 -1750.03759 -1761.58347 -1772.69033 -1783.35539 -1793.57601 -1803.34963 -1812.67381 -1821.54624 -1829.96471 -1837.92710 -1845.43145 -1852.47587 -1859.05863 -1865.17806 -1870.83265 -1876.02099 -1880.74179 -1884.99387 -1888.77617 -1892.08774 -1894.92777 -1897.29554 -1899.19047 -1900.61208 -1901.56001 -1902.03404 -1902.03404 -1901.56001 -1900.61208 -1899.19047 -1897.29554 -1894.92777 -1892.08774 -1888.77617 -1884.99387 -1880.74179 -1876.02099 -1870.83265 -1865.17806 -1859.05863 -1852.47587 -1845.43145 -1837.92710 -1829.96471 -1821.54624 -1812.67381 -1803.34963 -1793.57601 -1783.35539 -1772.69033 -1761.58347 -1750.03759 -1738.05557 -1725.64038 -1712.79513 -1699.52301 -1685.82734 -1671.71152 -1657.17908 -1642.23364 -1626.87891 -1611.11873 -1594.95703 -1578.39783 -1561.44527 -1544.10355 -1526.37702 -1508.27008 -1489.78724 -1470.93312 -1451.71242 -1432.12991 -1412.19049 -1391.89912 -1371.26086 -1350.28086 -1328.96433 -1307.31660 -1285.34306 -1263.04918 -1240.44053 -1217.52273 -1194.30150 -1170.78263 -1146.97197 -1122.87546 -1098.49911 -1073.84899 -1048.93124 -1023.75208 -998.31778 -972.63467 -946.70917 -920.54772 -894.15686 -867.54315 -840.71323 -813.67379 -786.43157 -758.99335 -731.36597 -703.55632 -675.57133 -647.41797 -619.10327 -590.63427 -562.01807 -533.26180 -504.37264 -475.35777 -446.22443 -416.97989 -387.63143 -358.18636 -328.65202 -299.03578 -269.34501 -239.58711 -209.76950 -179.89962 -149.98490 -120.03280 -90.05078 -60.04633 -30.02691 0.00000 0.00000
-29.86417 -59.72089 -89.56274 -119.38226 -149.17202 -178.92462 -208.63262 -238.28862 -267.88524 -297.41509 -326.87082 -356.24509 -385.53058 -414.71998 -443.80603 -472.78147 -501.63909 -530.37168 -558.97210 -587.43320 -615.74791 -643.90916 -671.90994 -699.74326 -727.40218 -754.87983 -782.16934 -809.26392 -836.15682 -862.84133 -889.31080 -915.55863 -941.57829 -967.36328 -992.90719 -1018.20365 -1043.24635 -1068.02905 -1092.54557 -1116.78981 -1140.75572 -1164.43734 -1187.82874 -1210.92412 -1233.71771 -1256.20383 -1278.37688 -1300.23133 -1321.76174 -1342.96273 -1363.82904 -1384.35544 -1404.53684 -1424.36819 -1443.84457 -1462.96110 -1481.71304 -1500.09570 -1518.10451 -1535.73497 -1552.98270 -1569.84339 -1586.31284 -1602.38695 -1618.06171 -1633.33322 -1648.19766 -1662.65134 -1676.69066 -1690.31210 -1703.51229 -1716.28792 -1728.63582 -1740.55291 -1752.03621 -1763.08287 -1773.69014 -1783.85536 -1793.57601 -1802.84966 -1811.67400 -1820.04684 -1827.96608 -1835.42976 -1842.43601 -1848.98308 -1855.06935 -1860.69330 -1865.85352 -1870.54873 -1874.77776 -1878.53956 -1881.83319 -1884.65783 -1887.01277 -1888.89742 -1890.31132 -1891.25412 -1891.72558 -1891.72558 -1891.25412 -1890.31132 -1888.89742 -1887.01277 -1884.65783 -1881.83319 -1878.53956 -1874.77776 -1870.54873 -1865.85352 -1860.69330 -1855.06935 -1848.98308 -1842.43601 -1835.42976 -1827.96608 -1820.04684 -1811.67400 -1802.84966 -1793.57601 -1783.85536 -1773.69014 -1763.08287 -1752.03621 -1740.55291 -1728.63582 -1716.28792 -1703.51229 -1690.31210 -1676.69066 -1662.65134 -1648.19766 -1633.33322 -1618.06171 -1602.38695 -1586.31284 -1569.84339 -1552.98270 -1535.73497 -1518.10451 -1500.09570 -1481.71304 -1462.96110 -1443.84457 -1424.36819 -1404.53684 -1384.35544 -1363.82904 -1342.96273 -1321.76174 -1300.23133 -1278.37688 -1256.20383 -1233.71771 -1210.92412 -1187.82874 -1164.43734 -1140.75572 -1116.78981 -1092.54557 -1068.02905 -1043.24635 -1018.20365 -992.90719 -967.36328 -941.57829 -915.55863 -889.31080 -862.84133 -836.15682 -809.26392 -782.16934 -754.87983 -727.40218 -699.74326 -671.90994 -643.90916 -615.74791 -587.43320 -558.97210 -530.37168 -501.63909 -472.78147 -443.80603 -414.71998 -385.53058 -356.24509 -326.87082 -297.41509 -267.88524 -238.28862 -208.63262 -178.92462 -149.17202 -119.38226 -89.56274 -59.72089 -29.86417 0.00000 0.00000
-29.69399 -59.38058 -89.05237 -118.70196 -148.32197 -177.90502 -207.44373 -236.93074 -266.35870 -295.72028 -325.00817 -354.21505 -383.33365 -412.35672 -441.27702 -470.08735 -498.78052 -527.34938 -555.78682 -584.08574 -612.23910 -640.23987 -668.08109 -695.75580 -723.25711 -750.57818 -777.71219 -804.65237 -831.39202 -857.92446 -884.24310 -910.34136 -936.21274 -961.85081 -987.24916 -1012.40146 -1037.30145 -1061.94293 -1086.31975 -1110.42583 -1134.25518 -1157.80184 -1181.05995 -1204.02372 -1226.68743 -1249.04541 -1271.09211 -1292.82202 -1314.22974 -1335.30992 -1356.05732 -1376.46675 -1396.53314 -1416.25149 -1435.61688 -1454.62448 -1473.26956 -1491.54747 -1509.45366 -1526.98365 -1544.13309 -1560.89770 -1577.27331 -1593.25582 -1608.84126 -1624.02574 -1638.80548 -1653.17680 -1667.13611 -1680.67993 -1693.80490 -1706.50773 -1718.78527 -1730.63444 -1742.05231 -1753.03602 -1763.58284 -1773.69014 -1783.35539 -1792.57620 -1801.35026 -1809.67538 -1817.54950 -1824.97064 -1831.93696 -1838.44673 -1844.49832 -1850.09022 -1855.22103 -1859.88949 -1864.09442 -1867.83479 -1871.10965 -1873.91819 -1876.25970 -1878.13362 -1879.53947 -1880.47689 -1880.94566 -1880.94566 -1880.47689 -1879.53947 -1878.13362 -1876.25970 -1873.91819 -1871.10965 -1867.83479 -1864.09442 -1859.88949 -1855.22103 -1850.09022 -1844.49832 -1838.44673 -1831.93696 -1824.97064 -1817.54950 -1809.67538 -1801.35026 -1792.57620 -1783.35539 -1773.69014 -1763.58284 -1753.03602 -1742.05231 -1730.63444 -1718.78527 -1706.50773 -1693.80490 -1680.67993 -1667.13611 -1653.17680 -1638.80548 -1624.02574 -1608.84126 -1593.25582 -1577.27331 -1560.89770 -1544.13309 -1526.98365 -1509.45366 -1491.54747 -1473.26956 -1454.62448 -1435.61688 -1416.25149 -1396.53314 -1376.46675 -1356.05732 -1335.30992 -1314.22974 -1292.82202 -1271.09211 -1249.04541 -1226.68743 -1204.02372 -1181.05995 -1157.80184 -1134.25518 -1110.42583 -1086.31975 -1061.94293 -1037.30145 -1012.40146 -987.24916 -961.85081 -936.21274 -910.34136 -884.24310 -857.92446 -831.39202 -804.65237 -777.71219 -750.57818 -723.25711 -695.75580 -668.08109 -640.23987 -612.23910 -584.08574 -555.78682 -527.34938 -498.78052 -470.08735 -441.27702 -412.35672 -383.33365 -354.21505 -325.00817 -295.72028 -266.35870 -236.93074 -207.44373 -177.90502 -148.32197 -118.70196 -89.05237 -59.38058 -29.69399 0.00000 0.00000
-29.51641 -59.02546 -88.51980 -117.99208 -147.43496 -176.84109 -206.20315 -235.51382 -264.76579 -293.95178 -323.06451 -352.09672 -381.04119 -409.89069 -438.63804 -467.27607 -495.79764 -524.19565 -552.46303 -580.59271 -608.57770 -636.41102 -664.08574 -691.59494 -718.93179 -746.08947 -773.06121 -799.84028 -826.42001 -852.79379 -878.95503 -904.89721 -930.61388 -956.09862 -981.34507 -1006.34696 -1031.09804 -1055.59216 -1079.82319 -1103.78511 -1127.47195 -1150.87780 -1173.99682 -1196.82326 -1219.35142 -1241.57570 -1263.49055 -1285.09051 -1306.37020 -1327.32432 -1347.94764 -1368.23502 -1388.18141 -1407.78183 -1427.03141 -1445.92534 -1464.45891 -1482.62752 -1500.42662 -1517.85178 -1534.89866 -1551.56301 -1567.84068 -1583.72761 -1599.21985 -1614.31352 -1629.00487 -1643.29025 -1657.16607 -1670.62890 -1683.67538 -1696.30224 -1708.50635 -1720.28467 -1731.63425 -1742.55228 -1753.03602 -1763.08287 -1772.69033 -1781.85599 -1790.57758 -1798.85292 -1806.67994 -1814.05670 -1820.98137 -1827.45220 -1833.46760 -1839.02605 -1844.12619 -1848.76673 -1852.94651 -1856.66451 -1859.91978 -1862.71152 -1865.03904 -1866.90175 -1868.29919 -1869.23101 -1869.69698 -1869.69698 -1869.23101 -1868.29919 -1866.90175 -1865.03904 -1862.71152 -1859.91978 -1856.66451 -1852.94651 -1848.76673 -1844.12619 -1839.02605 -1833.46760 -1827.45220 -1820.98137 -1814.05670 -1806.67994 -1798.85292 -1790.57758 -1781.85599 -1772.69033 -1763.08287 -1753.03602 -1742.55228 -1731.63425 -1720.28467 -1708.50635 -1696.30224 -1683.67538 -1670.62890 -1657.16607 -1643.29025 -1629.00487 -1614.31352 -1599.21985 -1583.72761 -1567.84068 -1551.56301 -1534.89866 -1517.85178 -1500.42662 -1482.62752 -1464.45891 -1445.92534 -1427.03141 -1407.78183 -1388.18141 -1368.23502 -1347.94764 -1327.32432 -1306.37020 -1285.09051 -1263.49055 -1241.57570 -1219.35142 -1196.82326 -1173.99682 -1150.87780 -1127.47195 -1103.78511 -1079.82319 -1055.59216 -1031.09804 -1006.34696 -981.34507 -956.09862 -930.61388 -904.89721 -878.95503 -852.79379 -826.42001 -799.84028 -773.06121 -746.08947 -718.93179 -691.59494 -664.08574 -636.41102 -608.57770 -580.59271 -552.46303 -524.19565 -495.79764 -467.27607 -438.63804 -409.89069 -381.04119 -352.09672 -323.06451 -293.95178 -264.76579 -235.51382 -206.20315 -176.84109 -147.43496 -117.99208 -88.51980 -59.02546 -29.51641 0.00000 0.00000
-29.33147 -58.65563 -87.96518 -117.25280 -146.51120 -175.73309 -204.91117 -234.03820 -263.10689 -292.11001 -321.04033 -349.89065 -378.65376 -407.32250 -435.88973 -464.34833 -492.69120 -520.91129 -549.00155 -576.95499 -604.76464 -632.42357 -659.92488 -687.26173 -714.42730 -741.41482 -768.21756 -794.82885 -821.24205 -847.45058 -873.44790 -899.22754 -924.78308 -950.10814 -975.19642 -1000.04166 -1024.63766 -1048.97830 -1073.05752 -1096.86931 -1120.40773 -1143.66693 -1166.64110 -1189.32452 -1211.71153 -1233.79656 -1255.57410 -1277.03873 -1298.18509 -1319.00792 -1339.50202 -1359.66229 -1379.48371 -1398.96132 -1418.09029 -1436.86584 -1455.28329 -1473.33806 -1491.02564 -1508.34162 -1525.28169 -1541.84164 -1558.01732 -1573.80471 -1589.19988 -1604.19898 -1618.79828 -1632.99415 -1646.78304 -1660.16152 -1673.12625 -1685.67400 -1697.80164 -1709.50616 -1720.78464 -1731.63425 -1742.05231 -1752.03621 -1761.58347 -1770.69171 -1779.35865 -1787.58214 -1795.36012 -1802.69066 -1809.57194 -1816.00223 -1821.97994 -1827.50357 -1832.57175 -1837.18321 -1841.33681 -1845.03151 -1848.26639 -1851.04064 -1853.35357 -1855.20461 -1856.59329 -1857.51927 -1857.98232 -1857.98232 -1857.51927 -1856.59329 -1855.20461 -1853.35357 -1851.04064 -1848.26639 -1845.03151 -1841.33681 -1837.18321 -1832.57175 -1827.50357 -1821.97994 -1816.00223 -1809.57194 -1802.69066 -1795.36012 -1787.58214 -1779.35865 -1770.69171 -1761.58347 -1752.03621 -1742.05231 -1731.63425 -1720.78464 -1709.50616 -1697.80164 -1685.67400 -1673.12625 -1660.16152 -1646.78304 -1632.99415 -1618.79828 -1604.19898 -1589.19988 -1573.80471 -1558.01732 -1541.84164 -1525.28169 -1508.34162 -1491.02564 -1473.33806 -1455.28329 -1436.86584 -1418.09029 -1398.96132 -1379.48371 -1359.66229 -1339.50202 -1319.00792 -1298.18509 -1277.03873 -1255.57410 -1233.79656 -1211.71153 -1189.32452 -1166.64110 -1143.66693 -1120.40773 -1096.86931 -1073.05752 -1048.97830 -1024.63766 -1000.04166 -975.19642 -950.10814 -924.78308 -899.22754 -873.44790 -847.45058 -821.24205 -794.82885 -768.21756 -741.41482 -714.42730 -687.26173 -659.92488 -632.42357 -604.76464 -576.95499 -549.00155 -520.91129 -492.69120 -464.34833 -435.88973 -407.32250 -378.65376 -349.89065 -321.04033 -292.11001 -263.10689 -234.03820 -204.91117 -175.73309 -146.51120 -117.25280 -87.96518 -58.65563 -29.33147 0.00000 0.00000
-29.13923 -58.27119 -87.38863 -116.48429 -145.55093 -174.58128 -203.56813 -232.50425 -261.38242 -290.19545 -318.93615 -347.59737 -376.17196 -404.65281 -433.03280 -461.30487 -489.46198 -517.49710 -545.40325 -573.17347 -600.80085 -628.27850 -655.59956 -682.75724 -709.74476 -736.55539 -763.18246 -789.61933 -815.85941 -841.89616 -867.72309 -893.33377 -918.72181 -943.88089 -968.80473 -993.48712 -1017.92192 -1042.10303 -1066.02442 -1089.68014 -1113.06429 -1136.17104 -1158.99463 -1181.52937 -1203.76966 -1225.70993 -1247.34474 -1268.66868 -1289.67645 -1310.36279 -1330.72257 -1350.75071 -1370.44221 -1389.79216 -1408.79576 -1427.44825 -1445.74498 -1463.68141 -1481.25306 -1498.45555 -1515.28460 -1531.73600 -1547.80566 -1563.48958 -1578.78384 -1593.68464 -1608.18826 -1622.29108 -1635.98959 -1649.28038 -1662.16014 -1674.62565 -1686.67381 -1698.30161 -1709.50616 -1720.28467 -1730.63444 -1740.55291 -1750.03759 -1759.08613 -1767.69627 -1775.86585 -1783.59286 -1790.87536 -1797.71153 -1804.09968 -1810.03820 -1815.52563 -1820.56059 -1825.14183 -1829.26820 -1832.93869 -1836.15236 -1838.90843 -1841.20620 -1843.04511 -1844.42469 -1845.34460 -1845.80462 -1845.80462 -1845.34460 -1844.42469 -1843.04511 -1841.20620 -1838.90843 -1836.15236 -1832.93869 -1829.26820 -1825.14183 -1820.56059 -1815.52563 -1810.03820 -1804.09968 -1797.71153 -1790.87536 -1783.59286 -1775.86585 -1767.69627 -1759.08613 -1750.03759 -1740.55291 -1730.63444 -1720.28467 -1709.50616 -1698.30161 -1686.67381 -1674.62565 -1662.16014 -1649.28038 -1635.98959 -1622.29108 -1608.18826 -1593.68464 -1578.78384 -1563.48958 -1547.80566 -1531.73600 -1515.28460 -1498.45555 -1481.25306 -1463.68141 -1445.74498 -1427.44825 -1408.79576 -1389.79216 -1370.44221 -1350.75071 -1330.72257 -1310.36279 -1289.67645 -1268.66868 -1247.34474 -1225.70993 -1203.76966 -1181.52937 -1158.99463 -1136.17104 -1113.06429 -1089.68014 -1066.02442 -1042.10303 -1017.92192 -993.48712 -968.80473 -943.88089 -918.72181 -893.33377 -867.72309 -841.89616 -815.85941 -789.61933 -763.18246 -736.55539 -709.74476 -682.75724 -655.59956 -628.27850 -600.80085 -573.17347 -545.40325 -517.49710 -489.46198 -461.30487 -433.03280 -404.65281 -376.17196 -347.59737 -318.93615 -290.19545 -261.38242 -232.50425 -203.56813 -174.58128 -145.55093 -116.48429 -87.38863 -58.27119 -29.13923 0.00000 0.00000
-28.93972 -57.87222 -86.79031 -115.68676 -144.55438 -173.38597 -202.17436 -230.91236 -259.59281 -288.20856 -316.75248 -345.21747 -373.59642 -401.88226 -430.06794 -458.14644 -486.11077 -513.95394 -541.66902 -569.24911 -596.68733 -623.97685 -651.11085 -678.08259 -704.88533 -731.51240 -757.95716 -784.21303 -810.27345 -836.13193 -861.78203 -887.21736 -912.43158 -937.41839 -962.17159 -986.68499 -1010.95249 -1034.96803 -1058.72564 -1082.21940 -1105.44344 -1128.39199 -1151.05931 -1173.43977 -1195.52778 -1217.31784 -1238.80451 -1259.98246 -1280.84639 -1301.39110 -1321.61148 -1341.50249 -1361.05917 -1380.27664 -1399.15012 -1417.67490 -1435.84637 -1453.65999 -1471.11133 -1488.19604 -1504.90986 -1521.24863 -1537.20826 -1552.78480 -1567.97434 -1582.77312 -1597.17743 -1611.18370 -1624.78842 -1637.98821 -1650.77978 -1663.15995 -1675.12561 -1686.67381 -1697.80164 -1708.50635 -1718.78527 -1728.63582 -1738.05557 -1747.04215 -1755.59334 -1763.70699 -1771.38109 -1778.61373 -1785.40310 -1791.74750 -1797.64537 -1803.09523 -1808.09571 -1812.64559 -1816.74371 -1820.38906 -1823.58073 -1826.31793 -1828.59997 -1830.42629 -1831.79642 -1832.71004 -1833.16690 -1833.16690 -1832.71004 -1831.79642 -1830.42629 -1828.59997 -1826.31793 -1823.58073 -1820.38906 -1816.74371 -1812.64559 -1808.09571 -1803.09523 -1797.64537 -1791.74750 -1785.40310 -1778.61373 -1771.38109 -1763.70699 -1755.59334 -1747.04215 -1738.05557 -1728.63582 -1718.78527 -1708.50635 -1697.80164 -1686.67381 -1675.12561 -1663.15995 -1650.77978 -1637.98821 -1624.78842 -1611.18370 -1597.17743 -1582.77312 -1567.97434 -1552.78480 -1537.20826 -1521.24863 -1504.90986 -1488.19604 -1471.11133 -1453.65999 -1435.84637 -1417.67490 -1399.15012 -1380.27664 -1361.05917 -1341.50249 -1321.61148 -1301.39110 -1280.84639 -1259.98246 -1238.80451 -1217.31784 -1195.52778 -1173.43977 -1151.05931 -1128.39199 -1105.44344 -1082.21940 -1058.72564 -1034.96803 -1010.95249 -986.68499 -962.17159 -937.41839 -912.43158 -887.21736 -861.78203 -836.13193 -810.27345 -784.21303 -757.95716 -731.51240 -704.88533 -678.08259 -651.11085 -623.97685 -596.68733 -569.24911 -541.66902 -513.95394 -486.11077 -458.14644 -430.06794 -401.88226 -373.59642 -345.21747 -316.75248 -288.20856 -259.59281 -230.91236 -202.17436 -173.38597 -144.55438 -115.68676 -86.79031 -57.87222 -28.93972 0.00000 0.00000
-28.73300 -57.45883 -86.17035 -114.86039 -143.52181 -172.14745 -200.73020 -229.26292 -257.73850 -286.14984 -314.48987 -342.75153 -370.92776 -399.01155 -426.99590 -454.87384 -482.63840 -510.28269 -537.79980 -565.18288 -592.42511 -619.51969 -646.45987 -673.23894 -699.85023 -726.28710 -752.54296 -778.61128 -804.48554 -830.15932 -855.62620 -880.87984 -905.91394 -930.72228 -955.29865 -979.63695 -1003.73110 -1027.57510 -1051.16301 -1074.48895 -1097.54710 -1120.33172 -1142.83712 -1165.05771 -1186.98795 -1208.62236 -1229.95555 -1250.98222 -1271.69711 -1292.09507 -1312.17102 -1331.91994 -1351.33692 -1370.41712 -1389.15578 -1407.54824 -1425.58991 -1443.27628 -1460.60297 -1477.56564 -1494.16007 -1510.38212 -1526.22776 -1541.69303 -1556.77407 -1571.46714 -1585.76856 -1599.67478 -1613.18232 -1626.28782 -1638.98802 -1651.27975 -1663.15995 -1674.62565 -1685.67400 -1696.30224 -1706.50773 -1716.28792 -1725.64038 -1734.56277 -1743.05287 -1751.10857 -1758.72786 -1765.90883 -1772.64970 -1778.94879 -1784.80453 -1790.21545 -1795.18022 -1799.69759 -1803.76644 -1807.38575 -1810.55463 -1813.27227 -1815.53801 -1817.35129 -1818.71163 -1819.61872 -1820.07232 -1820.07232 -1819.61872 -1818.71163 -1817.35129 -1815.53801 -1813.27227 -1810.55463 -1807.38575 -1803.76644 -1799.69759 -1795.18022 -1790.21545 -1784.80453 -1778.94879 -1772.64970 -1765.90883 -1758.72786 -1751.10857 -1743.05287 -1734.56277 -1725.64038 -1716.28792 -1706.50773 -1696.30224 -1685.67400 -1674.62565 -1663.15995 -1651.27975 -1638.98802 -1626.28782 -1613.18232 -1599.67478 -1585.76856 -1571.46714 -1556.77407 -1541.69303 -1526.22776 -1510.38212 -1494.16007 -1477.56564 -1460.60297 -1443.27628 -1425.58991 -1407.54824 -1389.15578 -1370.41712 -1351.33692 -1331.91994 -1312.17102 -1292.09507 -1271.69711 -1250.98222 -1229.95555 -1208.62236 -1186.98795 -1165.05771 -1142.83712 -1120.33172 -1097.54710 -1074.48895 -1051.16301 -1027.57510 -1003.73110 -979.63695 -955.29865 -930.72228 -905.91394 -880.87984 -855.62620 -830.15932 -804.48554 -778.61128 -752.54296 -726.28710 -699.85023 -673.23894 -646.45987 -619.51969 -592.42511 -565.18288 -537.79980 -510.28269 -482.63840 -454.87384 -426.99590 -399.01155 -370.92776 -342.75153 -314.48987 -286.14984 -257.73850 -229.26292 -200.73020 -172.14745 -143.52181 -114.86039 -86.17035 -57.45883 -28.73300 0.00000 0.00000
-28.51912 -57.03112 -85.52892 -114.00540 -142.45346 -170.86603 -199.23601 -227.55634 -255.81995 -284.01981 -312.14889 -340.20017 -368.16667 -396.04141 -423.81745 -451.48786 -479.04576 -506.48427 -533.79655 -560.97580 -588.01524 -614.90813 -641.64778 -668.22751 -694.64071 -720.88079 -746.94121 -772.81548 -798.49715 -823.97981 -849.25712 -874.32278 -899.17054 -923.79420 -948.18764 -972.34477 -996.25957 -1019.92608 -1043.33841 -1066.49071 -1089.37722 -1111.99224 -1134.33012 -1156.38530 -1178.15229 -1199.62566 -1220.80006 -1241.67021 -1262.23091 -1282.47703 -1302.40353 -1322.00545 -1341.27789 -1360.21607 -1378.81524 -1397.07079 -1414.97816 -1432.53288 -1449.73059 -1466.56700 -1483.03790 -1499.13920 -1514.86689 -1530.21704 -1545.18582 -1559.76952 -1573.96448 -1587.76718 -1601.17418 -1614.18213 -1626.78779 -1638.98802 -1650.77978 -1662.16014 -1673.12625 -1683.67538 -1693.80490 -1703.51229 -1712.79513 -1721.65110 -1730.07801 -1738.07374 -1745.63631 -1752.76383 -1759.45452 -1765.70672 -1771.51887 -1776.88952 -1781.81733 -1786.30108 -1790.33964 -1793.93201 -1797.07730 -1799.77471 -1802.02359 -1803.82336 -1805.17358 -1806.07392 -1806.52414 -1806.52414 -1806.07392 -1805.17358 -1803.82336 -1802.02359 -1799.77471 -1797.07730 -1793.93201 -1790.33964 -1786.30108 -1781.81733 -1776.88952 -1771.51887 -1765.70672 -1759.45452 -1752.76383 -1745.63631 -1738.07374 -1730.07801 -1721.65110 -1712.79513 -1703.51229 -1693.80490 -1683.67538 -1673.12625 -1662.16014 -1650.77978 -1638.98802 -1626.78779 -1614.18213 -1601.17418 -1587.76718 -1573.96448 -1559.76952 -1545.18582 -1530.21704 -1514.86689 -1499.13920 -1483.03790 -1466.56700 -1449.73059 -1432.53288 -1414.97816 -1397.07079 -1378.81524 -1360.21607 -1341.27789 -1322.00545 -1302.40353 -1282.47703 -1262.23091 -1241.67021 -1220.80006 -1199.62566 -1178.15229 -1156.38530 -1134.33012 -1111.99224 -1089.37722 -1066.49071 -1043.33841 -1019.92608 -996.25957 -972.34477 -948.18764 -923.79420 -899.17054 -874.32278 -849.25712 -823.97981 -798.49715 -772.81548 -746.94121 -720.88079 -694.64071 -668.22751 -641.64778 -614.90813 -588.01524 -560.97580 -533.79655 -506.48427 -479.04576 -451.48786 -423.81745 -396.04141 -368.16667 -340.20017 -312.14889 -284.01981 -255.81995 -227.55634 -199.23601 -170.86603 -142.45346 -114.00540 -85.52892 -57.03112 -28.51912 0.00000 0.00000
-28.29813 -56.58920 -84.86617 -113.12199 -141.34962 -169.54202 -197.69217 -225.79305 -253.83765 -281.81900 -309.73011 -337.56402 -365.31381 -392.97256 -420.53337 -447.98937 -475.33373 -502.55962 -529.66026 -556.62890 -583.45882 -610.14333 -636.67578 -663.04955 -689.25808 -715.29483 -741.15331 -766.82709 -792.30975 -817.59495 -842.67639 -867.54782 -892.20304 -916.63590 -940.84032 -964.81026 -988.53975 -1012.02287 -1035.25378 -1058.22668 -1080.93585 -1103.37562 -1125.54042 -1147.42470 -1169.02302 -1190.33000 -1211.34032 -1232.04875 -1252.45012 -1272.53936 -1292.31146 -1311.76149 -1330.88459 -1349.67602 -1368.13107 -1386.24516 -1404.01377 -1421.43246 -1438.49691 -1455.20285 -1471.54613 -1487.52267 -1503.12848 -1518.35968 -1533.21248 -1547.68316 -1561.76814 -1575.46388 -1588.76699 -1601.67414 -1614.18213 -1626.28782 -1637.98821 -1649.28038 -1660.16152 -1670.62890 -1680.67993 -1690.31210 -1699.52301 -1708.31037 -1716.67197 -1724.60575 -1732.10971 -1739.18200 -1745.82085 -1752.02460 -1757.79172 -1763.12075 -1768.01038 -1772.45938 -1776.46664 -1780.03118 -1783.15209 -1785.82861 -1788.06006 -1789.84588 -1791.18564 -1792.07900 -1792.52574 -1792.52574 -1792.07900 -1791.18564 -1789.84588 -1788.06006 -1785.82861 -1783.15209 -1780.03118 -1776.46664 -1772.45938 -1768.01038 -1763.12075 -1757.79172 -1752.02460 -1745.82085 -1739.18200 -1732.10971 -1724.60575 -1716.67197 -1708.31037 -1699.52301 -1690.31210 -1680.67993 -1670.62890 -1660.16152 -1649.28038 -1637.98821 -1626.28782 -1614.18213 -1601.67414 -1588.76699 -1575.46388 -1561.76814 -1547.68316 -1533.21248 -1518.35968 -1503.12848 -1487.52267 -1471.54613 -1455.20285 -1438.49691 -1421.43246 -1404.01377 -1386.24516 -1368.13107 -1349.67602 -1330.88459 -1311.76149 -1292.31146 -1272.53936 -1252.45012 -1232.04875 -1211.34032 -1190.33000 -1169.02302 -1147.42470 -1125.54042 -1103.37562 -1080.93585 -1058.22668 -1035.25378 -1012.02287 -988.53975 -964.81026 -940.84032 -916.63590 -892.20304 -867.54782 -842.67639 -817.59495 -792.30975 -766.82709 -741.15331 -715.29483 -689.25808 -663.04955 -636.67578 -610.14333 -583.45882 -556.62890 -529.66026 -502.55962 -475.33373 -447.98937 -420.53337 -392.97256 -365.31381 -337.56402 -309.73011 -281.81900 -253.83765 -225.79305 -197.69217 -169.54202 -141.34962 -113.12199 -84.86617 -56.58920 -28.29813 0.00000 0.00000
-28.07009 -56.13317 -84.18227 -112.21039 -140.21055 -168.17576 -196.09906 -223.97349 -251.79209 -279.54795 -307.23413 -334.84375 -362.36992 -389.80578 -417.14449 -444.37923 -471.50323 -498.50972 -525.39198 -552.14329 -578.75700 -605.22647 -631.54510 -657.70634 -683.70366 -709.53060 -735.18070 -760.64758 -785.92489 -811.00633 -835.88565 -860.55665 -885.01319 -909.24916 -933.25852 -957.03530 -980.57356 -1003.86745 -1026.91115 -1049.69892 -1072.22508 -1094.48403 -1116.47020 -1138.17813 -1159.60240 -1180.73768 -1201.57868 -1222.12023 -1242.35721 -1262.28456 -1281.89732 -1301.19061 -1320.15961 -1338.79960 -1357.10593 -1375.07405 -1392.69947 -1409.97780 -1426.90473 -1443.47604 -1459.68762 -1475.53541 -1491.01546 -1506.12392 -1520.85702 -1535.21110 -1549.18257 -1562.76795 -1575.96385 -1588.76699 -1601.17418 -1613.18232 -1624.78842 -1635.98959 -1646.78304 -1657.16607 -1667.13611 -1676.69066 -1685.82734 -1694.54388 -1702.83810 -1710.70794 -1718.15144 -1725.16674 -1731.75208 -1737.90584 -1743.62648 -1748.91257 -1753.76279 -1758.17594 -1762.15092 -1765.68673 -1768.78249 -1771.43744 -1773.65090 -1775.42234 -1776.75130 -1777.63746 -1778.08060 -1778.08060 -1777.63746 -1776.75130 -1775.42234 -1773.65090 -1771.43744 -1768.78249 -1765.68673 -1762.15092 -1758.17594 -1753.76279 -1748.91257 -1743.62648 -1737.90584 -1731.75208 -1725.16674 -1718.15144 -1710.70794 -1702.83810 -1694.54388 -1685.82734 -1676.69066 -1667.13611 -1657.16607 -1646.78304 -1635.98959 -1624.78842 -1613.18232 -1601.17418 -1588.76699 -1575.96385 -1562.76795 -1549.18257 -1535.21110 -1520.85702 -1506.12392 -1491.01546 -1475.53541 -1459.68762 -1443.47604 -1426.90473 -1409.97780 -1392.69947 -1375.07405 -1357.10593 -1338.79960 -1320.15961 -1301.19061 -1281.89732 -1262.28456 -1242.35721 -1222.12023 -1201.57868 -1180.73768 -1159.60240 -1138.17813 -1116.47020 -1094.48403 -1072.22508 -1049.69892 -1026.91115 -1003.86745 -980.57356 -957.03530 -933.25852 -909.24916 -885.01319 -860.55665 -835.88565 -811.00633 -785.92489 -760.64758 -735.18070 -709.53060 -683.70366 -657.70634 -631.54510 -605.22647 -578.75700 -552.14329 -525.39198 -498.50972 -471.50323 -444.37923 -417.14449 -389.80578 -362.36992 -334.84375 -307.23413 -279.54795 -251.79209 -223.97349 -196.09906 -168.17576 -140.21055 -112.21039 -84.18227 -56.13317 -28.07009 0.00000 0.00000
-27.83505 -55.66316 -83.47740 -111.27083 -139.03653 -166.76759 -194.45708 -222.09810 -249.68378 -277.20723 -304.66159 -332.04003 -359.33571 -386.54184 -413.65164 -440.65834 -467.55523 -494.33559 -520.99275 -547.52007 -573.91093 -600.15877 -626.25703 -652.19921 -677.97886 -703.58954 -729.02486 -754.27850 -779.34416 -804.21559 -828.88659 -853.35102 -877.60277 -901.63581 -925.44414 -949.02182 -972.36300 -995.46184 -1018.31259 -1040.90955 -1063.24710 -1085.31966 -1107.12175 -1128.64791 -1149.89279 -1170.85109 -1191.51759 -1211.88714 -1231.95467 -1251.71516 -1271.16370 -1290.29544 -1309.10561 -1327.58953 -1345.74258 -1363.56024 -1381.03808 -1398.17173 -1414.95693 -1431.38949 -1447.46532 -1463.18041 -1478.53085 -1493.51280 -1508.12254 -1522.35643 -1536.21091 -1549.68253 -1562.76795 -1575.46388 -1587.76718 -1599.67478 -1611.18370 -1622.29108 -1632.99415 -1643.29025 -1653.17680 -1662.65134 -1671.71152 -1680.35508 -1688.57985 -1696.38380 -1703.76497 -1710.72152 -1717.25173 -1723.35396 -1729.02670 -1734.26853 -1739.07814 -1743.45434 -1747.39603 -1750.90223 -1753.97207 -1756.60479 -1758.79972 -1760.55632 -1761.87416 -1762.75290 -1763.19232 -1763.19232 -1762.75290 -1761.87416 -1760.55632 -1758.79972 -1756.60479 -1753.97207 -1750.90223 -1747.39603 -1743.45434 -1739.07814 -1734.26853 -1729.02670 -1723.35396 -1717.25173 -1710.72152 -1703.76497 -1696.38380 -1688.57985 -1680.35508 -1671.71152 -1662.65134 -1653.17680 -1643.29025 -1632.99415 -1622.29108 -1611.18370 -1599.67478 -1587.76718 -1575.46388 -1562.76795 -1549.68253 -1536.21091 -1522.35643 -1508.12254 -1493.51280 -1478.53085 -1463.18041 -1447.46532 -1431.38949 -1414.95693 -1398.17173 -1381.03808 -1363.56024 -1345.74258 -1327.58953 -1309.10561 -1290.29544 -1271.16370 -1251.71516 -1231.95467 -1211.88714 -1191.51759 -1170.85109 -1149.89279 -1128.64791 -1107.12175 -1085.31966 -1063.24710 -1040.90955 -1018.31259 -995.46184 -972.36300 -949.02182 -925.44414 -901.63581 -877.60277 -853.35102 -828.88659 -804.21559 -779.34416 -754.27850 -729.02486 -703.58954 -677.97886 -652.19921 -626.25703 -600.15877 -573.91093 -547.52007 -520.99275 -494.33559 -467.55523 -440.65834 -413.65164 -386.54184 -359.33571 -332.04003 -304.66159 -277.20723 -249.68378 -222.09810 -194.45708 -166.76759 -139.03653 -111.27083 -83.47740 -55.66316 -27.83505 0.00000 0.00000
-27.59307 -55.17927 -82.75172 -110.30354 -137.82787 -165.31785 -192.76663 -220.16737 -247.51324 -274.79743 -302.01312 -329.15355 -356.21195 -383.18158 -410.05570 -436.82763 -463.49070 -490.03825 -516.46368 -542.76039 -568.92184 -594.94150 -620.81288 -646.52955 -672.08508 -697.47312 -722.68734 -747.72145 -772.56920 -797.22442 -821.68096 -845.93271 -869.97364 -893.79775 -917.39911 -940.77183 -963.91010 -986.80814 -1009.46024 -1031.86077 -1054.00413 -1075.88482 -1097.49737 -1118.83640 -1139.89660 -1160.67270 -1181.15955 -1201.35202 -1221.24510 -1240.83381 -1260.11328 -1279.07871 -1297.72536 -1316.04859 -1334.04383 -1351.70660 -1369.03250 -1386.01721 -1402.65649 -1418.94620 -1434.88228 -1450.46076 -1465.67775 -1480.52947 -1495.01220 -1509.12235 -1522.85639 -1536.21091 -1549.18257 -1561.76814 -1573.96448 -1585.76856 -1597.17743 -1608.18826 -1618.79828 -1629.00487 -1638.80548 -1648.19766 -1657.17908 -1665.74750 -1673.90077 -1681.63687 -1688.95388 -1695.84996 -1702.32340 -1708.37259 -1713.99601 -1719.19227 -1723.96007 -1728.29822 -1732.20565 -1735.68137 -1738.72453 -1741.33436 -1743.51021 -1745.25154 -1746.55792 -1747.42902 -1747.86463 -1747.86463 -1747.42902 -1746.55792 -1745.25154 -1743.51021 -1741.33436 -1738.72453 -1735.68137 -1732.20565 -1728.29822 -1723.96007 -1719.19227 -1713.99601 -1708.37259 -1702.32340 -1695.84996 -1688.95388 -1681.63687 -1673.90077 -1665.74750 -1657.17908 -1648.19766 -1638.80548 -1629.00487 -1618.79828 -1608.18826 -1597.17743 -1585.76856 -1573.96448 -1561.76814 -1549.18257 -1536.21091 -1522.85639 -1509.12235 -1495.01220 -1480.52947 -1465.67775 -1450.46076 -1434.88228 -1418.94620 -1402.65649 -1386.01721 -1369.03250 -1351.70660 -1334.04383 -1316.04859 -1297.72536 -1279.07871 -1260.11328 -1240.83381 -1221.24510 -1201.35202 -1181.15955 -1160.67270 -1139.89660 -1118.83640 -1097.49737 -1075.88482 -1054.00413 -1031.86077 -1009.46024 -986.80814 -963.91010 -940.77183 -917.39911 -893.79775 -869.97364 -845.93271 -821.68096 -797.22442 -772.56920 -747.72145 -722.68734 -697.47312 -672.08508 -646.52955 -620.81288 -594.94150 -568.92184 -542.76039 -516.46368 -490.03825 -463.49070 -436.82763 -410.05570 -383.18158 -356.21195 -329.15355 -302.01312 -274.79743 -247.51324 -220.16737 -192.76663 -165.31785 -137.82787 -110.30354 -82.75172 -55.17927 -27.59307 0.00000 0.00000
-27.34422 -54.68163 -82.00541 -109.30875 -136.58485 -163.82691 -191.02815 -218.18177 -245.28102 -272.31914 -299.28939 -326.18505 -352.99942 -379.72581 -406.35757 -432.88806 -459.31066 -485.61879 -511.80590 -537.86545 -563.79096 -589.57595 -615.21401 -640.69875 -666.02381 -691.18289 -716.16971 -740.97804 -765.60171 -790.03457 -814.27054 -838.30357 -862.12769 -885.73694 -909.12545 -932.28738 -955.21697 -977.90850 -1000.35632 -1022.55482 -1044.49848 -1066.18183 -1087.59947 -1108.74606 -1129.61632 -1150.20505 -1170.50714 -1190.51750 -1210.23117 -1229.64322 -1248.74882 -1267.54320 -1286.02168 -1304.17966 -1322.01262 -1339.51610 -1356.68574 -1373.51727 -1390.00649 -1406.14929 -1421.94165 -1437.37963 -1452.45938 -1467.17716 -1481.52928 -1495.51217 -1509.12235 -1522.35643 -1535.21110 -1547.68316 -1559.76952 -1571.46714 -1582.77312 -1593.68464 -1604.19898 -1614.31352 -1624.02574 -1633.33322 -1642.23364 -1650.72478 -1658.80452 -1666.47085 -1673.72187 -1680.55576 -1686.97082 -1692.96545 -1698.53815 -1703.68755 -1708.41235 -1712.71138 -1716.58357 -1720.02795 -1723.04366 -1725.62995 -1727.78618 -1729.51181 -1730.80640 -1731.66965 -1732.10132 -1732.10132 -1731.66965 -1730.80640 -1729.51181 -1727.78618 -1725.62995 -1723.04366 -1720.02795 -1716.58357 -1712.71138 -1708.41235 -1703.68755 -1698.53815 -1692.96545 -1686.97082 -1680.55576 -1673.72187 -1666.47085 -1658.80452 -1650.72478 -1642.23364 -1633.33322 -1624.02574 -1614.31352 -1604.19898 -1593.68464 -1582.77312 -1571.46714 -1559.76952 -1547.68316 -1535.21110 -1522.35643 -1509.12235 -1495.51217 -1481.52928 -1467.17716 -1452.45938 -1437.37963 -1421.94165 -1406.14929 -1390.00649 -1373.51727 -1356.68574 -1339.51610 -1322.01262 -1304.17966 -1286.02168 -1267.54320 -1248.74882 -1229.64322 -1210.23117 -1190.51750 -1170.50714 -1150.20505 -1129.61632 -1108.74606 -1087.59947 -1066.18183 -1044.49848 -1022.55482 -1000.35632 -977.90850 -955.21697 -932.28738 -909.12545 -885.73694 -862.12769 -838.30357 -814.27054 -790.03457 -765.60171 -740.97804 -716.16971 -691.18289 -666.02381 -640.69875 -615.21401 -589.57595 -563.79096 -537.86545 -511.80590 -485.61879 -459.31066 -432.88806 -406.35757 -379.72581 -352.99942 -326.18505 -299.28939 -272.31914 -245.28102 -218.18177 -191.02815 -163.82691 -136.58485 -109.30875 -82.00541 -54.68163 -27.34422 0.00000 0.00000
-27.08856 -54.17036 -81.23867 -108.28673 -135.30780 -162.29515 -189.24205 -216.14179 -242.98766 -269.77298 -296.49106 -323.13525 -349.69891 -376.17541 -402.55817 -428.84060 -455.01615 -481.07830 -507.02056 -532.83646 -558.51956 -584.06347 -609.46182 -634.70828 -659.79656 -684.72040 -709.47359 -734.04997 -758.44341 -782.64782 -806.65719 -830.46552 -854.06688 -877.45538 -900.62521 -923.57059 -946.28579 -968.76515 -991.00308 -1012.99403 -1034.73252 -1056.21314 -1077.43052 -1098.37939 -1119.05451 -1139.45075 -1159.56301 -1179.38628 -1198.91562 -1218.14617 -1237.07314 -1255.69179 -1273.99751 -1291.98571 -1309.65193 -1326.99175 -1344.00086 -1360.67501 -1377.01006 -1393.00193 -1408.64663 -1423.94027 -1438.87903 -1453.45919 -1467.67712 -1481.52928 -1495.01220 -1508.12254 -1520.85702 -1533.21248 -1545.18582 -1556.77407 -1567.97434 -1578.78384 -1589.19988 -1599.21985 -1608.84126 -1618.06171 -1626.87891 -1635.29066 -1643.29486 -1650.88951 -1658.07273 -1664.84272 -1671.19780 -1677.13638 -1682.65699 -1687.75824 -1692.43886 -1696.69770 -1700.53368 -1703.94585 -1706.93337 -1709.49548 -1711.63154 -1713.34104 -1714.62353 -1715.47870 -1715.90634 -1715.90634 -1715.47870 -1714.62353 -1713.34104 -1711.63154 -1709.49548 -1706.93337 -1703.94585 -1700.53368 -1696.69770 -1692.43886 -1687.75824 -1682.65699 -1677.13638 -1671.19780 -1664.84272 -1658.07273 -1650.88951 -1643.29486 -1635.29066 -1626.87891 -1618.06171 -1608.84126 -1599.21985 -1589.19988 -1578.78384 -1567.97434 -1556.77407 -1545.18582 -1533.21248 -1520.85702 -1508.12254 -1495.01220 -1481.52928 -1467.67712 -1453.45919 -1438.87903 -1423.94027 -1408.64663 -1393.00193 -1377.01006 -1360.67501 -1344.00086 -1326.99175 -1309.65193 -1291.98571 -1273.99751 -1255.69179 -1237.07314 -1218.14617 -1198.91562 -1179.38628 -1159.56301 -1139.45075 -1119.05451 -1098.37939 -1077.43052 -1056.21314 -1034.73252 -1012.99403 -991.00308 -968.76515 -946.28579 -923.57059 -900.62521 -877.45538 -854.06688 -830.46552 -806.65719 -782.64782 -758.44341 -734.04997 -709.47359 -684.72040 -659.79656 -634.70828 -609.46182 -584.06347 -558.51956 -532.83646 -507.02056 -481.07830 -455.01615 -428.84060 -402.55817 -376.17541 -349.69891 -323.13525 -296.49106 -269.77298 -242.98766 -216.14179 -189.24205 -162.29515 -135.30780 -108.28673 -81.23867 -54.17036 -27.08856 0.00000 0.00000
-26.82614 -53.64559 -80.45168 -107.23771 -133.99702 -160.72294 -187.40879 -214.04795 -240.63375 -267.15959 -293.61884 -320.00492 -346.31125 -372.53126 -398.65844 -424.68626 -450.60824 -476.41792 -502.10887 -527.67468 -553.10898 -578.40544 -603.55774 -628.55963 -653.40486 -678.08726 -702.60066 -726.93895 -751.09608 -775.06602 -798.84280 -822.42049 -845.79322 -868.95515 -891.90052 -914.62362 -937.11877 -959.38037 -981.40287 -1003.18079 -1024.70869 -1045.98121 -1066.99305 -1087.73898 -1108.21382 -1128.41247 -1148.32989 -1167.96113 -1187.30129 -1206.34554 -1225.08915 -1243.52744 -1261.65582 -1279.46977 -1296.96484 -1314.13669 -1330.98103 -1347.49365 -1363.67046 -1379.50740 -1395.00055 -1410.14603 -1424.94008 -1439.37900 -1453.45919 -1467.17716 -1480.52947 -1493.51280 -1506.12392 -1518.35968 -1530.21704 -1541.69303 -1552.78480 -1563.48958 -1573.80471 -1583.72761 -1593.25582 -1602.38695 -1611.11873 -1619.44899 -1627.37565 -1634.89674 -1642.01037 -1648.71478 -1655.00829 -1660.88934 -1666.35647 -1671.40830 -1676.04358 -1680.26116 -1684.05998 -1687.43910 -1690.39767 -1692.93496 -1695.05034 -1696.74327 -1698.01334 -1698.86023 -1699.28373 -1699.28373 -1698.86023 -1698.01334 -1696.74327 -1695.05034 -1692.93496 -1690.39767 -1687.43910 -1684.05998 -1680.26116 -1676.04358 -1671.40830 -1666.35647 -1660.88934 -1655.00829 -1648.71478 -1642.01037 -1634.89674 -1627.37565 -1619.44899 -1611.11873 -1602.38695 -1593.25582 -1583.72761 -1573.80471 -1563.48958 -1552.78480 -1541.69303 -1530.21704 -1518.35968 -1506.12392 -1493.51280 -1480.52947 -1467.17716 -1453.45919 -1439.37900 -1424.94008 -1410.14603 -1395.00055 -1379.50740 -1363.67046 -1347.49365 -1330.98103 -1314.13669 -1296.96484 -1279.46977 -1261.65582 -1243.52744 -1225.08915 -1206.34554 -1187.30129 -1167.96113 -1148.32989 -1128.41247 -1108.21382 -1087.73898 -1066.99305 -1045.98121 -1024.70869 -1003.18079 -981.40287 -959.38037 -937.11877 -914.62362 -891.90052 -868.95515 -845.79322 -822.42049 -798.84280 -775.06602 -751.09608 -726.93895 -702.60066 -678.08726 -653.40486 -628.55963 -603.55774 -578.40544 -553.10898 -527.67468 -502.10887 -476.41792 -450.60824 -424.68626 -398.65844 -372.53126 -346.31125 -320.00492 -293.61884 -267.15959 -240.63375 -214.04795 -187.40879 -160.72294 -133.99702 -107.23771 -80.45168 -53.64559 -26.82614 0.00000 0.00000
-26.55704 -53.10746 -79.64464 -106.16197 -132.65285 -159.11067 -185.52883 -211.90075 -238.21987 -264.47962 -290.67345 -316.79484 -342.83727 -368.79427 -394.65935 -420.42608 -446.08803 -471.63880 -497.07203 -522.38139 -547.56055 -572.60325 -597.50324 -622.25432 -646.85033 -671.28512 -695.55262 -719.64677 -743.56157 -767.29106 -790.82933 -814.17050 -837.30876 -860.23835 -882.95355 -905.44870 -927.71820 -949.75648 -971.55807 -993.11752 -1014.42947 -1035.48860 -1056.28967 -1076.82749 -1097.09693 -1117.09296 -1136.81059 -1156.24490 -1175.39105 -1194.24426 -1212.79985 -1231.05318 -1248.99971 -1266.63495 -1283.95453 -1300.95412 -1317.62948 -1333.97647 -1349.99100 -1365.66908 -1381.00681 -1396.00036 -1410.64600 -1424.94008 -1438.87903 -1452.45938 -1465.67775 -1478.53085 -1491.01546 -1503.12848 -1514.86689 -1526.22776 -1537.20826 -1547.80566 -1558.01732 -1567.84068 -1577.27331 -1586.31284 -1594.95703 -1603.20373 -1611.05087 -1618.49651 -1625.53878 -1632.17594 -1638.40632 -1644.22838 -1649.64066 -1654.64181 -1659.23060 -1663.40587 -1667.16658 -1670.51180 -1673.44069 -1675.95253 -1678.04669 -1679.72264 -1680.97997 -1681.81836 -1682.23761 -1682.23761 -1681.81836 -1680.97997 -1679.72264 -1678.04669 -1675.95253 -1673.44069 -1670.51180 -1667.16658 -1663.40587 -1659.23060 -1654.64181 -1649.64066 -1644.22838 -1638.40632 -1632.17594 -1625.53878 -1618.49651 -1611.05087 -1603.20373 -1594.95703 -1586.31284 -1577.27331 -1567.84068 -1558.01732 -1547.80566 -1537.20826 -1526.22776 -1514.86689 -1503.12848 -1491.01546 -1478.53085 -1465.67775 -1452.45938 -1438.87903 -1424.94008 -1410.64600 -1396.00036 -1381.00681 -1365.66908 -1349.99100 -1333.97647 -1317.62948 -1300.95412 -1283.95453 -1266.63495 -1248.99971 -1231.05318 -1212.79985 -1194.24426 -1175.39105 -1156.24490 -1136.81059 -1117.09296 -1097.09693 -1076.82749 -1056.28967 -1035.48860 -1014.42947 -993.11752 -971.55807 -949.75648 -927.71820 -905.44870 -882.95355 -860.23835 -837.30876 -814.17050 -790.82933 -767.29106 -743.56157 -719.64677 -695.55262 -671.28512 -646.85033 -622.25432 -597.50324 -572.60325 -547.56055 -522.38139 -497.07203 -471.63880 -446.08803 -420.42608 -394.65935 -368.79427 -342.83727 -316.79484 -290.67345 -264.47962 -238.21987 -211.90075 -185.52883 -159.11067 -132.65285 -106.16197 -79.64464 -53.10746 -26.55704 0.00000 0.00000
-26.28132 -52.55608 -78.81775 -105.05978 -131.27562 -157.45874 -183.60263 -209.70075 -235.74662 -261.73373 -287.65561 -313.50580 -339.27786 -364.96537 -390.56191 -416.06112 -441.45665 -466.74214 -491.91132 -516.95791 -541.87565 -566.65835 -591.29983 -615.79394 -640.13458 -664.31569 -688.33124 -712.17524 -735.84175 -759.32488 -782.61876 -805.71760 -828.61564 -851.30717 -873.78653 -896.04813 -918.08642 -939.89590 -961.47114 -982.80676 -1003.89744 -1024.73793 -1045.32304 -1065.64762 -1085.70663 -1105.49506 -1125.00797 -1144.24051 -1163.18788 -1181.84535 -1200.20829 -1218.27211 -1236.03231 -1253.48447 -1270.62423 -1287.44733 -1303.94956 -1320.12683 -1335.97509 -1351.49040 -1366.66889 -1381.50677 -1396.00036 -1410.14603 -1423.94027 -1437.37963 -1450.46076 -1463.18041 -1475.53541 -1487.52267 -1499.13920 -1510.38212 -1521.24863 -1531.73600 -1541.84164 -1551.56301 -1560.89770 -1569.84339 -1578.39783 -1586.55891 -1594.32458 -1601.69292 -1608.66208 -1615.23032 -1621.39602 -1627.15763 -1632.51372 -1637.46295 -1642.00410 -1646.13602 -1649.85769 -1653.16818 -1656.06666 -1658.55242 -1660.62483 -1662.28339 -1663.52766 -1664.35735 -1664.77224 -1664.77224 -1664.35735 -1663.52766 -1662.28339 -1660.62483 -1658.55242 -1656.06666 -1653.16818 -1649.85769 -1646.13602 -1642.00410 -1637.46295 -1632.51372 -1627.15763 -1621.39602 -1615.23032 -1608.66208 -1601.69292 -1594.32458 -1586.55891 -1578.39783 -1569.84339 -1560.89770 -1551.56301 -1541.84164 -1531.73600 -1521.24863 -1510.38212 -1499.13920 -1487.52267 -1475.53541 -1463.18041 -1450.46076 -1437.37963 -1423.94027 -1410.14603 -1396.00036 -1381.50677 -1366.66889 -1351.49040 -1335.97509 -1320.12683 -1303.94956 -1287.44733 -1270.62423 -1253.48447 -1236.03231 -1218.27211 -1200.20829 -1181.84535 -1163.18788 -1144.24051 -1125.00797 -1105.49506 -1085.70663 -1065.64762 -1045.32304 -1024.73793 -1003.89744 -982.80676 -961.47114 -939.89590 -918.08642 -896.04813 -873.78653 -851.30717 -828.61564 -805.71760 -782.61876 -759.32488 -735.84175 -712.17524 -688.33124 -664.31569 -640.13458 -615.79394 -591.29983 -566.65835 -541.87565 -516.95791 -491.91132 -466.74214 -441.45665 -416.06112 -390.56191 -364.96537 -339.27786 -313.50580 -287.65561 -261.73373 -235.74662 -209.70075 -183.60263 -157.45874 -131.27562 -105.05978 -78.81775 -52.55608 -26.28132 0.00000 0.00000
-25.99905 -51.99161 -77.97122 -103.93140 -129.86567 -155.76758 -181.63067 -207.44849 -233.21461 -258.92261 -284.56608 -310.13864 -335.63389 -361.04551 -386.36714 -411.59248 -436.71524 -461.72916 -486.62802 -511.40559 -536.05571 -560.57223 -584.94905 -609.18009 -633.25931 -657.18070 -680.93831 -704.52622 -727.93854 -751.16945 -774.21315 -797.06390 -819.71600 -842.16382 -864.40175 -886.42425 -908.22584 -929.80108 -951.14459 -972.25105 -993.11522 -1013.73187 -1034.09589 -1054.20218 -1074.04575 -1093.62164 -1112.92497 -1131.95095 -1150.69481 -1169.15190 -1187.31762 -1205.18742 -1222.75688 -1240.02159 -1256.97726 -1273.61967 -1289.94467 -1305.94818 -1321.62623 -1336.97490 -1351.99036 -1366.66889 -1381.00681 -1395.00055 -1408.64663 -1421.94165 -1434.88228 -1447.46532 -1459.68762 -1471.54613 -1483.03790 -1494.16007 -1504.90986 -1515.28460 -1525.28169 -1534.89866 -1544.13309 -1552.98270 -1561.44527 -1569.51869 -1577.20096 -1584.49015 -1591.38446 -1597.88216 -1603.98164 -1609.68137 -1614.97993 -1619.87600 -1624.36837 -1628.45592 -1632.13761 -1635.41255 -1638.27990 -1640.73896 -1642.78912 -1644.42986 -1645.66077 -1646.48154 -1646.89198 -1646.89198 -1646.48154 -1645.66077 -1644.42986 -1642.78912 -1640.73896 -1638.27990 -1635.41255 -1632.13761 -1628.45592 -1624.36837 -1619.87600 -1614.97993 -1609.68137 -1603.98164 -1597.88216 -1591.38446 -1584.49015 -1577.20096 -1569.51869 -1561.44527 -1552.98270 -1544.13309 -1534.89866 -1525.28169 -1515.28460 -1504.90986 -1494.16007 -1483.03790 -1471.54613 -1459.68762 -1447.46532 -1434.88228 -1421.94165 -1408.64663 -1395.00055 -1381.00681 -1366.66889 -1351.99036 -1336.97490 -1321.62623 -1305.94818 -1289.94467 -1273.61967 -1256.97726 -1240.02159 -1222.75688 -1205.18742 -1187.31762 -1169.15190 -1150.69481 -1131.95095 -1112.92497 -1093.62164 -1074.04575 -1054.20218 -1034.09589 -1013.73187 -993.11522 -972.25105 -951.14459 -929.80108 -908.22584 -886.42425 -864.40175 -842.16382 -819.71600 -797.06390 -774.21315 -751.16945 -727.93854 -704.52622 -680.93831 -657.18070 -633.25931 -609.18009 -584.94905 -560.57223 -536.05571 -511.40559 -486.62802 -461.72916 -436.71524 -411.59248 -386.36714 -361.04551 -335.63389 -310.13864 -284.56608 -258.92261 -233.21461 -207.44849 -181.63067 -155.76758 -129.86567 -103.93140 -77.97122 -51.99161 -25.99905 0.00000 0.00000
-25.71029 -51.41418 -77.10526 -102.77711 -128.42336 -154.03760 -179.61344 -205.14453 -230.62449 -256.04697 -281.40564 -306.69418 -331.90628 -357.03566 -382.07607 -407.02125 -431.86500 -456.60111 -481.22343 -505.72582 -530.10217 -554.34641 -578.45250 -602.41442 -626.22621 -649.88192 -673.37568 -696.70161 -719.85392 -742.82682 -765.61459 -788.21155 -810.61208 -832.81058 -854.80154 -876.57945 -898.13891 -919.47453 -940.58099 -961.45305 -982.08549 -1002.47317 -1022.61102 -1042.49401 -1062.11719 -1081.47566 -1100.56461 -1119.37928 -1137.91497 -1156.16708 -1174.13104 -1191.80238 -1209.17670 -1226.24967 -1243.01703 -1259.47461 -1275.61829 -1291.44407 -1306.94799 -1322.12620 -1336.97490 -1351.49040 -1365.66908 -1379.50740 -1393.00193 -1406.14929 -1418.94620 -1431.38949 -1443.47604 -1455.20285 -1466.56700 -1477.56564 -1488.19604 -1498.45555 -1508.34162 -1517.85178 -1526.98365 -1535.73497 -1544.10355 -1552.08731 -1559.68426 -1566.89250 -1573.71024 -1580.13577 -1586.16751 -1591.80393 -1597.04365 -1601.88535 -1606.32782 -1610.36997 -1614.01078 -1617.24934 -1620.08485 -1622.51660 -1624.54398 -1626.16650 -1627.38374 -1628.19540 -1628.60128 -1628.60128 -1628.19540 -1627.38374 -1626.16650 -1624.54398 -1622.51660 -1620.08485 -1617.24934 -1614.01078 -1610.36997 -1606.32782 -1601.88535 -1597.04365 -1591.80393 -1586.16751 -1580.13577 -1573.71024 -1566.89250 -1559.68426 -1552.08731 -1544.10355 -1535.73497 -1526.98365 -1517.85178 -1508.34162 -1498.45555 -1488.19604 -1477.56564 -1466.56700 -1455.20285 -1443.47604 -1431.38949 -1418.94620 -1406.14929 -1393.00193 -1379.50740 -1365.66908 -1351.49040 -1336.97490 -1322.12620 -1306.94799 -1291.44407 -1275.61829 -1259.47461 -1243.01703 -1226.24967 -1209.17670 -1191.80238 -1174.13104 -1156.16708 -1137.91497 -1119.37928 -1100.56461 -1081.47566 -1062.11719 -1042.49401 -1022.61102 -1002.47317 -982.08549 -961.45305 -940.58099 -919.47453 -898.13891 -876.57945 -854.80154 -832.81058 -810.61208 -788.21155 -765.61459 -742.82682 -719.85392 -696.70161 -673.37568 -649.88192 -626.22621 -602.41442 -578.45250 -554.34641 -530.10217 -505.72582 -481.22343 -456.60111 -431.86500 -407.02125 -382.07607 -357.03566 -331.90628 -306.69418 -281.40564 -256.04697 -230.62449 -205.14453 -179.61344 -154.03760 -128.42336 -102.77711 -77.10526 -51.41418 -25.71029 0.00000 0.00000
-25.41514 -50.82394 -76.22008 -101.59722 -126.94904 -152.26922 -177.55145 -202.78944 -227.97688 -253.10751 -278.17506 -303.17328 -328.09595 -352.93684 -377.68978 -402.34859 -426.90712 -451.35926 -475.69892 -499.92001 -524.01652 -547.98243 -571.81178 -595.49861 -619.03704 -642.42118 -665.64523 -688.70338 -711.58989 -734.29906 -756.82522 -779.16277 -801.30613 -823.24980 -844.98829 -866.51619 -887.82814 -908.91882 -929.78298 -950.41542 -970.81100 -990.96463 -1010.87129 -1030.52602 -1049.92392 -1069.06016 -1087.92997 -1106.52864 -1124.85154 -1142.89411 -1160.65184 -1178.12031 -1195.29517 -1212.17214 -1228.74701 -1245.01565 -1260.97401 -1276.61810 -1291.94404 -1306.94799 -1321.62623 -1335.97509 -1349.99100 -1363.67046 -1377.01006 -1390.00649 -1402.65649 -1414.95693 -1426.90473 -1438.49691 -1449.73059 -1460.60297 -1471.11133 -1481.25306 -1491.02564 -1500.42662 -1509.45366 -1518.10451 -1526.37702 -1534.26912 -1541.77885 -1548.90434 -1555.64381 -1561.99558 -1567.95807 -1573.52979 -1578.70935 -1583.49547 -1587.88694 -1591.88269 -1595.48170 -1598.68308 -1601.48604 -1603.88987 -1605.89398 -1607.49787 -1608.70113 -1609.50348 -1609.90470 -1609.90470 -1609.50348 -1608.70113 -1607.49787 -1605.89398 -1603.88987 -1601.48604 -1598.68308 -1595.48170 -1591.88269 -1587.88694 -1583.49547 -1578.70935 -1573.52979 -1567.95807 -1561.99558 -1555.64381 -1548.90434 -1541.77885 -1534.26912 -1526.37702 -1518.10451 -1509.45366 -1500.42662 -1491.02564 -1481.25306 -1471.11133 -1460.60297 -1449.73059 -1438.49691 -1426.90473 -1414.95693 -1402.65649 -1390.00649 -1377.01006 -1363.67046 -1349.99100 -1335.97509 -1321.62623 -1306.94799 -1291.94404 -1276.61810 -1260.97401 -1245.01565 -1228.74701 -1212.17214 -1195.29517 -1178.12031 -1160.65184 -1142.89411 -1124.85154 -1106.52864 -1087.92997 -1069.06016 -1049.92392 -1030.52602 -1010.87129 -990.96463 -970.81100 -950.41542 -929.78298 -908.91882 -887.82814 -866.51619 -844.98829 -823.24980 -801.30613 -779.16277 -756.82522 -734.29906 -711.58989 -688.70338 -665.64523 -642.42118 -619.03704 -595.49861 -571.81178 -547.98243 -524.01652 -499.92001 -475.69892 -451.35926 -426.90712 -402.34859 -377.68978 -352.93684 -328.09595 -303.17328 -278.17506 -253.10751 -227.97688 -202.78944 -177.55145 -152.26922 -126.94904 -101.59722 -76.22008 -50.82394 -25.41514 0.00000 0.00000
-25.11365 -50.22103 -75.31590 -100.39200 -125.44308 -150.46290 -175.44522 -200.38381 -225.27246 -250.10498 -274.87516 -299.57683 -324.20384 -348.75006 -373.20936 -397.57565 -421.84285 -446.00493 -470.05585 -493.98962 -517.80027 -541.48189 -565.02855 -588.43439 -611.69359 -634.80034 -657.74888 -680.53350 -703.14852 -725.58829 -747.84724 -769.91980 -791.80049 -813.48384 -834.96445 -856.23698 -877.29611 -898.13660 -918.75325 -939.14094 -959.29457 -979.20912 -998.87964 -1018.30121 -1037.46900 -1056.37823 -1075.02419 -1093.40223 -1111.50778 -1129.33631 -1146.88338 -1164.14463 -1181.11576 -1197.79252 -1214.17076 -1230.24641 -1246.01546 -1261.47398 -1276.61810 -1291.44407 -1305.94818 -1320.12683 -1333.97647 -1347.49365 -1360.67501 -1373.51727 -1386.01721 -1398.17173 -1409.97780 -1421.43246 -1432.53288 -1443.27628 -1453.65999 -1463.68141 -1473.33806 -1482.62752 -1491.54747 -1500.09570 -1508.27008 -1516.06856 -1523.48921 -1530.53017 -1537.18969 -1543.46611 -1549.35787 -1554.86349 -1559.98161 -1564.71095 -1569.05033 -1572.99867 -1576.55499 -1579.71839 -1582.48810 -1584.86342 -1586.84375 -1588.42862 -1589.61761 -1590.41043 -1590.80690 -1590.80690 -1590.41043 -1589.61761 -1588.42862 -1586.84375 -1584.86342 -1582.48810 -1579.71839 -1576.55499 -1572.99867 -1569.05033 -1564.71095 -1559.98161 -1554.86349 -1549.35787 -1543.46611 -1537.18969 -1530.53017 -1523.48921 -1516.06856 -1508.27008 -1500.09570 -1491.54747 -1482.62752 -1473.33806 -1463.68141 -1453.65999 -1443.27628 -1432.53288 -1421.43246 -1409.97780 -1398.17173 -1386.01721 -1373.51727 -1360.67501 -1347.49365 -1333.97647 -1320.12683 -1305.94818 -1291.44407 -1276.61810 -1261.47398 -1246.01546 -1230.24641 -1214.17076 -1197.79252 -1181.11576 -1164.14463 -1146.88338 -1129.33631 -1111.50778 -1093.40223 -1075.02419 -1056.37823 -1037.46900 -1018.30121 -998.87964 -979.20912 -959.29457 -939.14094 -918.75325 -898.13660 -877.29611 -856.23698 -834.96445 -813.48384 -791.80049 -769.91980 -747.84724 -725.58829 -703.14852 -680.53350 -657.74888 -634.80034 -611.69359 -588.43439 -565.02855 -541.48189 -517.80027 -493.98962 -470.05585 -446.00493 -421.84285 -397.57565 -373.20936 -348.75006 -324.20384 -299.57683 -274.87516 -250.10498 -225.27246 -200.38381 -175.44522 -150.46290 -125.44308 -100.39200 -75.31590 -50.22103 -25.11365 0.00000 0.00000
-24.80589 -49.60561 -74.39296 -99.16176 -123.90586 -148.61908 -173.29525 -197.92824 -222.51190 -247.04011 -271.50675 -295.90572 -320.23095 -344.47636 -368.63593 -392.70363 -416.67345 -440.53944 -464.29563 -487.93611 -511.45498 -534.84639 -558.10450 -581.22353 -604.19770 -627.02129 -649.68861 -672.19402 -694.53190 -716.69670 -738.68287 -760.48495 -782.09750 -803.51514 -824.73252 -845.74437 -866.54543 -887.13054 -907.49455 -927.63240 -947.53906 -967.20957 -986.63904 -1005.82261 -1024.75552 -1043.43303 -1061.85049 -1080.00333 -1097.88700 -1115.49705 -1132.82910 -1149.87883 -1166.64198 -1183.11438 -1199.29192 -1215.17057 -1230.74638 -1246.01546 -1260.97401 -1275.61829 -1289.94467 -1303.94956 -1317.62948 -1330.98103 -1344.00086 -1356.68574 -1369.03250 -1381.03808 -1392.69947 -1404.01377 -1414.97816 -1425.58991 -1435.84637 -1445.74498 -1455.28329 -1464.45891 -1473.26956 -1481.71304 -1489.78724 -1497.49016 -1504.81987 -1511.77455 -1518.35246 -1524.55197 -1530.37153 -1535.80968 -1540.86509 -1545.53647 -1549.82268 -1553.72263 -1557.23537 -1560.36001 -1563.09577 -1565.44198 -1567.39805 -1568.96349 -1570.13791 -1570.92103 -1571.31263 -1571.31263 -1570.92103 -1570.13791 -1568.96349 -1567.39805 -1565.44198 -1563.09577 -1560.36001 -1557.23537 -1553.72263 -1549.82268 -1545.53647 -1540.86509 -1535.80968 -1530.37153 -1524.55197 -1518.35246 -1511.77455 -1504.81987 -1497.49016 -1489.78724 -1481.71304 -1473.26956 -1464.45891 -1455.28329 -1445.74498 -1435.84637 -1425.58991 -1414.97816 -1404.01377 -1392.69947 -1381.03808 -1369.03250 -1356.68574 -1344.00086 -1330.98103 -1317.62948 -1303.94956 -1289.94467 -1275.61829 -1260.97401 -1246.01546 -1230.74638 -1215.17057 -1199.29192 -1183.11438 -1166.64198 -1149.87883 -1132.82910 -1115.49705 -1097.88700 -1080.00333 -1061.85049 -1043.43303 -1024.75552 -1005.82261 -986.63904 -967.20957 -947.53906 -927.63240 -907.49455 -887.13054 -866.54543 -845.74437 -824.73252 -803.51514 -782.09750 -760.48495 -738.68287 -716.69670 -694.53190 -672.19402 -649.68861 -627.02129 -604.19770 -581.22353 -558.10450 -534.84639 -511.45498 -487.93611 -464.29563 -440.53944 -416.67345 -392.70363 -368.63593 -344.47636 -320.23095 -295.90572 -271.50675 -247.04011 -222.51190 -197.92824 -173.29525 -148.61908 -123.90586 -99.16176 -74.39296 -49.60561 -24.80589 0.00000 0.00000
-24.49196 -48.97782 -73.45147 -97.90682 -122.33776 -146.73822 -171.10210 -195.42334 -219.69588 -243.91367 -268.07067 -292.16086 -316.17824 -340.11682 -363.97063 -387.73374 -411.40021 -434.96416 -458.41970 -481.76099 -504.98222 -528.07760 -551.04137 -573.86781 -596.55123 -619.08597 -641.46643 -663.68702 -685.74220 -707.62648 -729.33441 -750.86058 -772.19961 -793.34619 -814.29506 -835.04098 -855.57880 -875.90339 -896.00968 -915.89267 -935.54740 -954.96898 -974.15255 -993.09335 -1011.78664 -1030.22778 -1048.41216 -1066.33526 -1083.99260 -1101.37979 -1118.49249 -1135.32644 -1151.87745 -1168.14138 -1184.11419 -1199.79189 -1215.17057 -1230.24641 -1245.01565 -1259.47461 -1273.61967 -1287.44733 -1300.95412 -1314.13669 -1326.99175 -1339.51610 -1351.70660 -1363.56024 -1375.07405 -1386.24516 -1397.07079 -1407.54824 -1417.67490 -1427.44825 -1436.86584 -1445.92534 -1454.62448 -1462.96110 -1470.93312 -1478.53856 -1485.77550 -1492.64217 -1499.13683 -1505.25788 -1511.00379 -1516.37312 -1521.36455 -1525.97681 -1530.20877 -1534.05937 -1537.52765 -1540.61275 -1543.31389 -1545.63041 -1547.56172 -1549.10735 -1550.26691 -1551.04011 -1551.42676 -1551.42676 -1551.04011 -1550.26691 -1549.10735 -1547.56172 -1545.63041 -1543.31389 -1540.61275 -1537.52765 -1534.05937 -1530.20877 -1525.97681 -1521.36455 -1516.37312 -1511.00379 -1505.25788 -1499.13683 -1492.64217 -1485.77550 -1478.53856 -1470.93312 -1462.96110 -1454.62448 -1445.92534 -1436.86584 -1427.44825 -1417.67490 -1407.54824 -1397.07079 -1386.24516 -1375.07405 -1363.56024 -1351.70660 -1339.51610 -1326.99175 -1314.13669 -1300.95412 -1287.44733 -1273.61967 -1259.47461 -1245.01565 -1230.24641 -1215.17057 -1199.79189 -1184.11419 -1168.14138 -1151.87745 -1135.32644 -1118.49249 -1101.37979 -1083.99260 -1066.33526 -1048.41216 -1030.22778 -1011.78664 -993.09335 -974.15255 -954.96898 -935.54740 -915.89267 -896.00968 -875.90339 -855.57880 -835.04098 -814.29506 -793.34619 -772.19961 -750.86058 -729.33441 -707.62648 -685.74220 -663.68702 -641.46643 -619.08597 -596.55123 -573.86781 -551.04137 -528.07760 -504.98222 -481.76099 -458.41970 -434.96416 -411.40021 -387.73374 -363.97063 -340.11682 -316.17824 -292.16086 -268.07067 -243.91367 -219.69588 -195.42334 -171.10210 -146.73822 -122.33776 -97.90682 -73.45147 -48.97782 -24.49196 0.00000 0.00000
-24.17192 -48.33782 -72.49168 -96.62747 -120.73917 -144.82079 -168.86631 -192.86974 -216.82512 -240.72645 -264.56779 -288.34319 -312.04673 -335.67250 -359.21462 -382.66721 -406.02444 -429.28047 -452.42952 -475.46581 -498.38361 -521.17720 -543.84090 -566.36907 -588.75608 -610.99636 -633.08438 -655.01461 -676.78160 -698.37992 -719.80419 -741.04907 -762.10926 -782.97952 -803.65465 -824.12949 -844.39894 -864.45794 -884.30151 -903.92469 -923.32259 -942.49038 -961.42328 -980.11658 -998.56561 -1016.76578 -1034.71254 -1052.40144 -1069.82805 -1086.98804 -1103.87713 -1120.49111 -1136.82585 -1152.87726 -1168.64135 -1184.11419 -1199.29192 -1214.17076 -1228.74701 -1243.01703 -1256.97726 -1270.62423 -1283.95453 -1296.96484 -1309.65193 -1322.01262 -1334.04383 -1345.74258 -1357.10593 -1368.13107 -1378.81524 -1389.15578 -1399.15012 -1408.79576 -1418.09029 -1427.03141 -1435.61688 -1443.84457 -1451.71242 -1459.21847 -1466.36085 -1473.13779 -1479.54759 -1485.58865 -1491.25948 -1496.55865 -1501.48485 -1506.03685 -1510.21351 -1514.01379 -1517.43675 -1520.48154 -1523.14738 -1525.43363 -1527.33971 -1528.86514 -1530.00955 -1530.77264 -1531.15424 -1531.15424 -1530.77264 -1530.00955 -1528.86514 -1527.33971 -1525.43363 -1523.14738 -1520.48154 -1517.43675 -1514.01379 -1510.21351 -1506.03685 -1501.48485 -1496.55865 -1491.25948 -1485.58865 -1479.54759 -1473.13779 -1466.36085 -1459.21847 -1451.71242 -1443.84457 -1435.61688 -1427.03141 -1418.09029 -1408.79576 -1399.15012 -1389.15578 -1378.81524 -1368.13107 -1357.10593 -1345.74258 -1334.04383 -1322.01262 -1309.65193 -1296.96484 -1283.95453 -1270.62423 -1256.97726 -1243.01703 -1228.74701 -1214.17076 -1199.29192 -1184.11419 -1168.64135 -1152.87726 -1136.82585 -1120.49111 -1103.87713 -1086.98804 -1069.82805 -1052.40144 -1034.71254 -1016.76578 -998.56561 -980.11658 -961.42328 -942.49038 -923.32259 -903.92469 -884.30151 -864.45794 -844.39894 -824.12949 -803.65465 -782.97952 -762.10926 -741.04907 -719.80419 -698.37992 -676.78160 -655.01461 -633.08438 -610.99636 -588.75608 -566.36907 -543.84090 -521.17720 -498.38361 -475.46581 -452.42952 -429.28047 -406.02444 -382.66721 -359.21462 -335.67250 -312.04673 -288.34319 -264.56779 -240.72645 -216.82512 -192.86974 -168.86631 -144.82079 -120.73917 -96.62747 -72.49168 -48.33782 -24.17192 0.00000 0.00000
-23.84586 -47.68578 -71.51382 -95.32403 -119.11049 -142.86726 -166.58843 -190.26808 -213.90031 -237.47923 -260.99897 -284.45366 -307.83746 -331.14454 -354.36909 -377.50532 -400.54747 -423.48980 -446.32659 -469.05214 -491.66079 -514.14691 -536.50490 -558.72918 -580.81421 -602.75448 -624.54454 -646.17896 -667.65232 -688.95930 -710.09457 -731.05288 -751.82898 -772.41772 -792.81396 -813.01260 -833.00863 -852.79706 -872.37295 -891.73143 -910.86767 -929.77690 -948.45441 -966.89555 -985.09571 -1003.05037 -1020.75505 -1038.20534 -1055.39688 -1072.32539 -1088.98666 -1105.37654 -1121.49092 -1137.32581 -1152.87726 -1168.14138 -1183.11438 -1197.79252 -1212.17214 -1226.24967 -1240.02159 -1253.48447 -1266.63495 -1279.46977 -1291.98571 -1304.17966 -1316.04859 -1327.58953 -1338.79960 -1349.67602 -1360.21607 -1370.41712 -1380.27664 -1389.79216 -1398.96132 -1407.78183 -1416.25149 -1424.36819 -1432.12991 -1439.53471 -1446.58075 -1453.26627 -1459.58961 -1465.54918 -1471.14351 -1476.37121 -1481.23095 -1485.72155 -1489.84187 -1493.59089 -1496.96768 -1499.97139 -1502.60128 -1504.85668 -1506.73705 -1508.24190 -1509.37087 -1510.12368 -1510.50012 -1510.50012 -1510.12368 -1509.37087 -1508.24190 -1506.73705 -1504.85668 -1502.60128 -1499.97139 -1496.96768 -1493.59089 -1489.84187 -1485.72155 -1481.23095 -1476.37121 -1471.14351 -1465.54918 -1459.58961 -1453.26627 -1446.58075 -1439.53471 -1432.12991 -1424.36819 -1416.25149 -1407.78183 -1398.96132 -1389.79216 -1380.27664 -1370.41712 -1360.21607 -1349.67602 -1338.79960 -1327.58953 -1316.04859 -1304.17966 -1291.98571 -1279.46977 -1266.63495 -1253.48447 -1240.02159 -1226.24967 -1212.17214 -1197.79252 -1183.11438 -1168.14138 -1152.87726 -1137.32581 -1121.49092 -1105.37654 -1088.98666 -1072.32539 -1055.39688 -1038.20534 -1020.75505 -1003.05037 -985.09571 -966.89555 -948.45441 -929.77690 -910.86767 -891.73143 -872.37295 -852.79706 -833.00863 -813.01260 -792.81396 -772.41772 -751.82898 -731.05288 -710.09457 -688.95930 -667.65232 -646.17896 -624.54454 -602.75448 -580.81421 -558.72918 -536.50490 -514.14691 -491.66079 -469.05214 -446.32659 -423.48980 -400.54747 -377.50532 -354.36909 -331.14454 -307.83746 -284.45366 -260.99897 -237.47923 -213.90031 -190.26808 -166.58843 -142.86726 -119.11049 -95.32403 -71.51382 -47.68578 -23.84586 0.00000 0.00000
-23.51386 -47.02186 -70.51814 -93.99685 -117.45213 -140.87813 -164.26903 -187.61899 -210.92219 -234.17283 -257.36510 -280.49323 -303.55146 -326.53404 -349.43524 -372.24935 -394.97069 -417.59359 -440.11242 -462.52157 -484.81544 -506.98849 -529.03519 -550.95004 -572.72758 -594.36239 -615.84907 -637.18226 -658.35666 -679.36698 -700.20799 -720.87449 -741.36133 -761.66342 -781.77568 -801.69310 -821.41073 -840.92364 -860.22698 -879.31593 -898.18573 -916.83169 -935.24916 -953.43354 -971.38031 -989.08499 -1006.54317 -1023.75049 -1040.70268 -1057.39550 -1073.82480 -1089.98647 -1105.87650 -1121.49092 -1136.82585 -1151.87745 -1166.64198 -1181.11576 -1195.29517 -1209.17670 -1222.75688 -1236.03231 -1248.99971 -1261.65582 -1273.99751 -1286.02168 -1297.72536 -1309.10561 -1320.15961 -1330.88459 -1341.27789 -1351.33692 -1361.05917 -1370.44221 -1379.48371 -1388.18141 -1396.53314 -1404.53684 -1412.19049 -1419.49219 -1426.44013 -1433.03257 -1439.26787 -1445.14447 -1450.66091 -1455.81582 -1460.60790 -1465.03597 -1469.09893 -1472.79575 -1476.12553 -1479.08742 -1481.68069 -1483.90469 -1485.75888 -1487.24278 -1488.35603 -1489.09835 -1489.46956 -1489.46956 -1489.09835 -1488.35603 -1487.24278 -1485.75888 -1483.90469 -1481.68069 -1479.08742 -1476.12553 -1472.79575 -1469.09893 -1465.03597 -1460.60790 -1455.81582 -1450.66091 -1445.14447 -1439.26787 -1433.03257 -1426.44013 -1419.49219 -1412.19049 -1404.53684 -1396.53314 -1388.18141 -1379.48371 -1370.44221 -1361.05917 -1351.33692 -1341.27789 -1330.88459 -1320.15961 -1309.10561 -1297.72536 -1286.02168 -1273.99751 -1261.65582 -1248.99971 -1236.03231 -1222.75688 -1209.17670 -1195.29517 -1181.11576 -1166.64198 -1151.87745 -1136.82585 -1121.49092 -1105.87650 -1089.98647 -1073.82480 -1057.39550 -1040.70268 -1023.75049 -1006.54317 -989.08499 -971.38031 -953.43354 -935.24916 -916.83169 -898.18573 -879.31593 -860.22698 -840.92364 -821.41073 -801.69310 -781.77568 -761.66342 -741.36133 -720.87449 -700.20799 -679.36698 -658.35666 -637.18226 -615.84907 -594.36239 -572.72758 -550.95004 -529.03519 -506.98849 -484.81544 -462.52157 -440.11242 -417.59359 -394.97069 -372.24935 -349.43524 -326.53404 -303.55146 -280.49323 -257.36510 -234.17283 -210.92219 -187.61899 -164.26903 -140.87813 -117.45213 -93.99685 -70.51814 -47.02186 -23.51386 0.00000 0.00000
-23.17600 -46.34621 -69.50488 -92.64623 -115.76449 -138.85390 -161.90870 -184.92315 -207.89151 -230.80806 -253.66709 -276.46291 -299.18982 -321.84216 -344.41430 -366.90060 -389.29546 -411.59330 -433.78857 -455.87572 -477.84926 -499.70372 -521.43363 -543.03359 -564.49822 -585.82216 -607.00010 -628.02677 -648.89692 -669.60535 -690.14690 -710.51645 -730.70892 -750.71929 -770.54256 -790.17380 -809.60811 -828.84064 -847.86662 -866.68128 -885.27996 -903.65800 -921.81083 -939.73392 -957.42282 -974.87310 -992.08043 -1009.04051 -1025.74911 -1042.20208 -1058.39531 -1074.32476 -1089.98647 -1105.37654 -1120.49111 -1135.32644 -1149.87883 -1164.14463 -1178.12031 -1191.80238 -1205.18742 -1218.27211 -1231.05318 -1243.52744 -1255.69179 -1267.54320 -1279.07871 -1290.29544 -1301.19061 -1311.76149 -1322.00545 -1331.91994 -1341.50249 -1350.75071 -1359.66229 -1368.23502 -1376.46675 -1384.35544 -1391.89912 -1399.09591 -1405.94401 -1412.44173 -1418.58743 -1424.37959 -1429.81677 -1434.89761 -1439.62084 -1443.98528 -1447.98986 -1451.63356 -1454.91549 -1457.83482 -1460.39083 -1462.58288 -1464.41043 -1465.87301 -1466.97026 -1467.70192 -1468.06779 -1468.06779 -1467.70192 -1466.97026 -1465.87301 -1464.41043 -1462.58288 -1460.39083 -1457.83482 -1454.91549 -1451.63356 -1447.98986 -1443.98528 -1439.62084 -1434.89761 -1429.81677 -1424.37959 -1418.58743 -1412.44173 -1405.94401 -1399.09591 -1391.89912 -1384.35544 -1376.46675 -1368.23502 -1359.66229 -1350.75071 -1341.50249 -1331.91994 -1322.00545 -1311.76149 -1301.19061 -1290.29544 -1279.07871 -1267.54320 -1255.69179 -1243.52744 -1231.05318 -1218.27211 -1205.18742 -1191.80238 -1178.12031 -1164.14463 -1149.87883 -1135.32644 -1120.49111 -1105.37654 -1089.98647 -1074.32476 -1058.39531 -1042.20208 -1025.74911 -1009.04051 -992.08043 -974.87310 -957.42282 -939.73392 -921.81083 -903.65800 -885.27996 -866.68128 -847.86662 -828.84064 -809.60811 -790.17380 -770.54256 -750.71929 -730.70892 -710.51645 -690.14690 -669.60535 -648.89692 -628.02677 -607.00010 -585.82216 -564.49822 -543.03359 -521.43363 -499.70372 -477.84926 -455.87572 -433.78857 -411.59330 -389.29546 -366.90060 -344.41430 -321.84216 -299.18982 -276.46291 -253.66709 -230.80806 -207.89151 -184.92315 -161.90870 -138.85390 -115.76449 -92.64623 -69.50488 -46.34621 -23.17600 0.00000 0.00000
-22.83236 -45.65902 -68.47431 -91.27253 -114.04800 -136.79505 -159.50801 -182.18122 -204.80902 -227.38578 -249.90587 -272.36368 -294.75361 -317.07008 -339.30753 -361.46042 -383.52322 -405.49044 -427.35661 -449.11627 -470.76400 -492.29440 -513.70212 -534.98181 -556.12817 -577.13593 -597.99986 -618.71476 -639.27546 -659.67683 -679.91380 -699.98133 -719.87440 -739.58807 -759.11741 -778.45757 -797.60371 -816.55108 -835.29495 -853.83064 -872.15355 -890.25909 -908.14276 -925.80010 -943.22672 -960.41826 -977.37045 -994.07905 -1010.53991 -1026.74892 -1042.70205 -1058.39531 -1073.82480 -1088.98666 -1103.87713 -1118.49249 -1132.82910 -1146.88338 -1160.65184 -1174.13104 -1187.31762 -1200.20829 -1212.79985 -1225.08915 -1237.07314 -1248.74882 -1260.11328 -1271.16370 -1281.89732 -1292.31146 -1302.40353 -1312.17102 -1321.61148 -1330.72257 -1339.50202 -1347.94764 -1356.05732 -1363.82904 -1371.26086 -1378.35094 -1385.09751 -1391.49888 -1397.55345 -1403.25973 -1408.61629 -1413.62179 -1418.27499 -1422.57472 -1426.51992 -1430.10960 -1433.34286 -1436.21891 -1438.73702 -1440.89657 -1442.69701 -1444.13791 -1445.21889 -1445.93970 -1446.30015 -1446.30015 -1445.93970 -1445.21889 -1444.13791 -1442.69701 -1440.89657 -1438.73702 -1436.21891 -1433.34286 -1430.10960 -1426.51992 -1422.57472 -1418.27499 -1413.62179 -1408.61629 -1403.25973 -1397.55345 -1391.49888 -1385.09751 -1378.35094 -1371.26086 -1363.82904 -1356.05732 -1347.94764 -1339.50202 -1330.72257 -1321.61148 -1312.17102 -1302.40353 -1292.31146 -1281.89732 -1271.16370 -1260.11328 -1248.74882 -1237.07314 -1225.08915 -1212.79985 -1200.20829 -1187.31762 -1174.13104 -1160.65184 -1146.88338 -1132.82910 -1118.49249 -1103.87713 -1088.98666 -1073.82480 -1058.39531 -1042.70205 -1026.74892 -1010.53991 -994.07905 -977.37045 -960.41826 -943.22672 -925.80010 -908.14276 -890.25909 -872.15355 -853.83064 -835.29495 -816.55108 -797.60371 -778.45757 -759.11741 -739.58807 -719.87440 -699.98133 -679.91380 -659.67683 -639.27546 -618.71476 -597.99986 -577.13593 -556.12817 -534.98181 -513.70212 -492.29440 -470.76400 -449.11627 -427.35661 -405.49044 -383.52322 -361.46042 -339.30753 -317.07008 -294.75361 -272.36368 -249.90587 -227.38578 -204.80902 -182.18122 -159.50801 -136.79505 -114.04800 -91.27253 -68.47431 -45.65902 -22.83236 0.00000 0.00000
-22.48303 -44.96045 -67.42666 -89.87608 -112.30309 -134.70212 -157.06757 -179.39388 -201.67548 -223.90682 -246.08236 -268.19657 -290.24394 -312.21897 -334.11619 -355.93015 -377.65539 -399.28652 -420.81814 -442.24488 -463.56141 -484.76240 -505.84258 -526.79670 -547.61953 -568.30587 -588.85059 -609.24855 -629.49467 -649.58391 -669.51126 -689.27176 -708.86047 -728.27252 -747.50307 -766.54733 -785.40054 -804.05802 -822.51511 -840.76721 -858.80978 -876.63831 -894.24837 -911.63555 -928.79555 -945.72406 -962.41688 -978.86985 -995.07886 -1011.03988 -1026.74892 -1042.20208 -1057.39550 -1072.32539 -1086.98804 -1101.37979 -1115.49705 -1129.33631 -1142.89411 -1156.16708 -1169.15190 -1181.84535 -1194.24426 -1206.34554 -1218.14617 -1229.64322 -1240.83381 -1251.71516 -1262.28456 -1272.53936 -1282.47703 -1292.09507 -1301.39110 -1310.36279 -1319.00792 -1327.32432 -1335.30992 -1342.96273 -1350.28086 -1357.26246 -1363.90580 -1370.20923 -1376.17118 -1381.79015 -1387.06475 -1391.99367 -1396.57568 -1400.80962 -1404.69446 -1408.22922 -1411.41302 -1414.24506 -1416.72464 -1418.85115 -1420.62405 -1422.04290 -1423.10734 -1423.81712 -1424.17206 -1424.17206 -1423.81712 -1423.10734 -1422.04290 -1420.62405 -1418.85115 -1416.72464 -1414.24506 -1411.41302 -1408.22922 -1404.69446 -1400.80962 -1396.57568 -1391.99367 -1387.06475 -1381.79015 -1376.17118 -1370.20923 -1363.90580 -1357.26246 -1350.28086 -1342.96273 -1335.30992 -1327.32432 -1319.00792 -1310.36279 -1301.39110 -1292.09507 -1282.47703 -1272.53936 -1262.28456 -1251.71516 -1240.83381 -1229.64322 -1218.14617 -1206.34554 -1194.24426 -1181.84535 -1169.15190 -1156.16708 -1142.89411 -1129.33631 -1115.49705 -1101.37979 -1086.98804 -1072.32539 -1057.39550 -1042.20208 -1026.74892 -1011.03988 -995.07886 -978.86985 -962.41688 -945.72406 -928.79555 -911.63555 -894.24837 -876.63831 -858.80978 -840.76721 -822.51511 -804.05802 -785.40054 -766.54733 -747.50307 -728.27252 -708.86047 -689.27176 -669.51126 -649.58391 -629.49467 -609.24855 -588.85059 -568.30587 -547.61953 -526.79670 -505.84258 -484.76240 -463.56141 -442.24488 -420.81814 -399.28652 -377.65539 -355.93015 -334.11619 -312.21897 -290.24394 -268.19657 -246.08236 -223.90682 -201.67548 -179.39388 -157.06757 -134.70212 -112.30309 -89.87608 -67.42666 -44.96045 -22.48303 0.00000 0.00000
-22.12809 -44.25067 -66.36222 -88.45723 -110.53019 -132.57561 -154.58799 -176.56184 -198.49169 -220.37206 -242.19752 -263.96262 -285.66193 -307.29005 -328.84159 -350.31117 -371.69345 -392.98309 -414.17480 -435.26328 -456.24329 -477.10959 -497.85698 -518.48030 -538.97440 -559.33418 -579.55456 -599.63051 -619.55701 -639.32911 -658.94187 -678.39041 -697.66988 -716.77548 -735.70244 -754.44605 -773.00163 -791.36457 -809.53028 -827.49425 -845.25198 -862.79905 -880.13110 -897.24381 -914.13290 -930.79417 -947.22346 -963.41669 -979.36982 -995.07886 -1010.53991 -1025.74911 -1040.70268 -1055.39688 -1069.82805 -1083.99260 -1097.88700 -1111.50778 -1124.85154 -1137.91497 -1150.69481 -1163.18788 -1175.39105 -1187.30129 -1198.91562 -1210.23117 -1221.24510 -1231.95467 -1242.35721 -1252.45012 -1262.23091 -1271.69711 -1280.84639 -1289.67645 -1298.18509 -1306.37020 -1314.22974 -1321.76174 -1328.96433 -1335.83572 -1342.37418 -1348.57810 -1354.44593 -1359.97620 -1365.16753 -1370.01864 -1374.52831 -1378.69542 -1382.51892 -1385.99788 -1389.13141 -1391.91875 -1394.35919 -1396.45212 -1398.19703 -1399.59349 -1400.64113 -1401.33970 -1401.68903 -1401.68903 -1401.33970 -1400.64113 -1399.59349 -1398.19703 -1396.45212 -1394.35919 -1391.91875 -1389.13141 -1385.99788 -1382.51892 -1378.69542 -1374.52831 -1370.01864 -1365.16753 -1359.97620 -1354.44593 -1348.57810 -1342.37418 -1335.83572 -1328.96433 -1321.76174 -1314.22974 -1306.37020 -1298.18509 -1289.67645 -1280.84639 -1271.69711 -1262.23091 -1252.45012 -1242.35721 -1231.95467 -1221.24510 -1210.23117 -1198.91562 -1187.30129 -1175.39105 -1163.18788 -1150.69481 -1137.91497 -1124.85154 -1111.50778 -1097.88700 -1083.99260 -1069.82805 -1055.39688 -1040.70268 -1025.74911 -1010.53991 -995.07886 -979.36982 -963.41669 -947.22346 -930.79417 -914.13290 -897.24381 -880.13110 -862.79905 -845.25198 -827.49425 -809.53028 -791.36457 -773.00163 -754.44605 -735.70244 -716.77548 -697.66988 -678.39041 -658.94187 -639.32911 -619.55701 -599.63051 -579.55456 -559.33418 -538.97440 -518.48030 -497.85698 -477.10959 -456.24329 -435.26328 -414.17480 -392.98309 -371.69345 -350.31117 -328.84159 -307.29005 -285.66193 -263.96262 -242.19752 -220.37206 -198.49169 -176.56184 -154.58799 -132.57561 -110.53019 -88.45723 -66.36222 -44.25067 -22.12809 0.00000 0.00000
-21.76764 -43.52986 -65.28123 -87.01633 -108.72975 -130.41606 -152.06988 -173.68579 -195.25842 -216.78239 -238.25233 -259.66289 -281.00874 -302.28455 -323.48503 -344.60489 -365.63887 -386.58172 -407.42823 -428.17320 -448.81146 -469.33787 -489.74730 -510.03468 -530.19495 -550.22309 -570.11410 -589.86302 -609.46494 -628.91496 -648.20825 -667.33999 -686.30541 -705.09980 -723.71845 -742.15675 -760.41008 -778.47390 -796.34371 -814.01505 -831.48352 -848.74477 -865.79450 -882.62845 -899.24243 -915.63230 -931.79398 -947.72343 -963.41669 -978.86985 -994.07905 -1009.04051 -1023.75049 -1038.20534 -1052.40144 -1066.33526 -1080.00333 -1093.40223 -1106.52864 -1119.37928 -1131.95095 -1144.24051 -1156.24490 -1167.96113 -1179.38628 -1190.51750 -1201.35202 -1211.88714 -1222.12023 -1232.04875 -1241.67021 -1250.98222 -1259.98246 -1268.66868 -1277.03873 -1285.09051 -1292.82202 -1300.23133 -1307.31660 -1314.07606 -1320.50802 -1326.61088 -1332.38312 -1337.82331 -1342.93008 -1347.70217 -1352.13838 -1356.23761 -1359.99883 -1363.42112 -1366.50361 -1369.24554 -1371.64623 -1373.70507 -1375.42156 -1376.79526 -1377.82584 -1378.51304 -1378.85668 -1378.85668 -1378.51304 -1377.82584 -1376.79526 -1375.42156 -1373.70507 -1371.64623 -1369.24554 -1366.50361 -1363.42112 -1359.99883 -1356.23761 -1352.13838 -1347.70217 -1342.93008 -1337.82331 -1332.38312 -1326.61088 -1320.50802 -1314.07606 -1307.31660 -1300.23133 -1292.82202 -1285.09051 -1277.03873 -1268.66868 -1259.98246 -1250.98222 -1241.67021 -1232.04875 -1222.12023 -1211.88714 -1201.35202 -1190.51750 -1179.38628 -1167.96113 -1156.24490 -1144.24051 -1131.95095 -1119.37928 -1106.52864 -1093.40223 -1080.00333 -1066.33526 -1052.40144 -1038.20534 -1023.75049 -1009.04051 -994.07905 -978.86985 -963.41669 -947.72343 -931.79398 -915.63230 -899.24243 -882.62845 -865.79450 -848.74477 -831.48352 -814.01505 -796.34371 -778.47390 -760.41008 -742.15675 -723.71845 -705.09980 -686.30541 -667.33999 -648.20825 -628.91496 -609.46494 -589.86302 -570.11410 -550.22309 -530.19495 -510.03468 -489.74730 -469.33787 -448.81146 -428.17320 -407.42823 -386.58172 -365.63887 -344.60489 -323.48503 -302.28455 -281.00874 -259.66289 -238.25233 -216.78239 -195.25842 -173.68579 -152.06988 -130.41606 -108.72975 -87.01633 -65.28123 -43.52986 -21.76764 0.00000 0.00000
-21.40177 -42.79821 -64.18398 -85.55375 -106.90220 -128.22401 -149.51387 -170.76646 -191.97649 -213.13868 -234.24775 -255.29844 -276.28551 -297.20372 -318.04785 -338.81273 -359.49317 -380.08401 -400.58013 -420.97641 -441.26778 -461.44918 -481.51557 -501.46196 -521.28337 -540.97487 -560.53155 -579.94853 -599.22097 -618.34408 -637.31308 -656.12326 -674.76991 -693.24839 -711.55410 -729.68248 -747.62901 -765.38921 -782.95866 -800.33298 -817.50784 -834.47896 -851.24211 -867.79312 -884.12785 -900.24224 -916.13227 -931.79398 -947.22346 -962.41688 -977.37045 -992.08043 -1006.54317 -1020.75505 -1034.71254 -1048.41216 -1061.85049 -1075.02419 -1087.92997 -1100.56461 -1112.92497 -1125.00797 -1136.81059 -1148.32989 -1159.56301 -1170.50714 -1181.15955 -1191.51759 -1201.57868 -1211.34032 -1220.80006 -1229.95555 -1238.80451 -1247.34474 -1255.57410 -1263.49055 -1271.09211 -1278.37688 -1285.34306 -1291.98890 -1298.31275 -1304.31304 -1309.98826 -1315.33701 -1320.35795 -1325.04982 -1329.41147 -1333.44180 -1337.13980 -1340.50457 -1343.53525 -1346.23109 -1348.59143 -1350.61567 -1352.30330 -1353.65392 -1354.66717 -1355.34282 -1355.68068 -1355.68068 -1355.34282 -1354.66717 -1353.65392 -1352.30330 -1350.61567 -1348.59143 -1346.23109 -1343.53525 -1340.50457 -1337.13980 -1333.44180 -1329.41147 -1325.04982 -1320.35795 -1315.33701 -1309.98826 -1304.31304 -1298.31275 -1291.98890 -1285.34306 -1278.37688 -1271.09211 -1263.49055 -1255.57410 -1247.34474 -1238.80451 -1229.95555 -1220.80006 -1211.34032 -1201.57868 -1191.51759 -1181.15955 -1170.50714 -1159.56301 -1148.32989 -1136.81059 -1125.00797 -1112.92497 -1100.56461 -1087.92997 -1075.02419 -1061.85049 -1048.41216 -1034.71254 -1020.75505 -1006.54317 -992.08043 -977.37045 -962.41688 -947.22346 -931.79398 -916.13227 -900.24224 -884.12785 -867.79312 -851.24211 -834.47896 -817.50784 -800.33298 -782.95866 -765.38921 -747.62901 -729.68248 -711.55410 -693.24839 -674.76991 -656.12326 -637.31308 -618.34408 -599.22097 -579.94853 -560.53155 -540.97487 -521.28337 -501.46196 -481.51557 -461.44918 -441.26778 -420.97641 -400.58013 -380.08401 -359.49317 -338.81273 -318.04785 -297.20372 -276.28551 -255.29844 -234.24775 -213.13868 -191.97649 -170.76646 -149.51387 -128.22401 -106.90220 -85.55375 -64.18398 -42.79821 -21.40177 0.00000 0.00000
-21.03056 -42.05588 -63.07073 -84.06985 -105.04802 -126.00001 -146.92060 -167.80457 -188.64672 -209.44186 -230.18480 -250.87037 -271.49342 -292.04881 -312.53141 -332.93613 -353.25787 -373.49157 -393.63219 -413.67471 -433.61413 -453.44548 -473.16383 -492.76426 -512.24187 -531.59183 -550.80930 -569.88950 -588.82767 -607.61910 -626.25909 -644.74300 -663.06623 -681.22421 -699.21242 -717.02637 -734.66162 -752.11377 -769.37849 -786.45145 -803.32842 -820.00518 -836.47758 -852.74152 -868.79293 -884.62782 -900.24224 -915.63230 -930.79417 -945.72406 -960.41826 -974.87310 -989.08499 -1003.05037 -1016.76578 -1030.22778 -1043.43303 -1056.37823 -1069.06016 -1081.47566 -1093.62164 -1105.49506 -1117.09296 -1128.41247 -1139.45075 -1150.20505 -1160.67270 -1170.85109 -1180.73768 -1190.33000 -1199.62566 -1208.62236 -1217.31784 -1225.70993 -1233.79656 -1241.57570 -1249.04541 -1256.20383 -1263.04918 -1269.57976 -1275.79392 -1281.69014 -1287.26692 -1292.52290 -1297.45675 -1302.06724 -1306.35324 -1310.31366 -1313.94753 -1317.25393 -1320.23205 -1322.88113 -1325.20053 -1327.18966 -1328.84802 -1330.17521 -1331.17089 -1331.83482 -1332.16682 -1332.16682 -1331.83482 -1331.17089 -1330.17521 -1328.84802 -1327.18966 -1325.20053 -1322.88113 -1320.23205 -1317.25393 -1313.94753 -1310.31366 -1306.35324 -1302.06724 -1297.45675 -1292.52290 -1287.26692 -1281.69014 -1275.79392 -1269.57976 -1263.04918 -1256.20383 -1249.04541 -1241.57570 -1233.79656 -1225.70993 -1217.31784 -1208.62236 -1199.62566 -1190.33000 -1180.73768 -1170.85109 -1160.67270 -1150.20505 -1139.45075 -1128.41247 -1117.09296 -1105.49506 -1093.62164 -1081.47566 -1069.06016 -1056.37823 -1043.43303 -1030.22778 -1016.76578 -1003.05037 -989.08499 -974.87310 -960.41826 -945.72406 -930.79417 -915.63230 -900.24224 -884.62782 -868.79293 -852.74152 -836.47758 -820.00518 -803.32842 -786.45145 -769.37849 -752.11377 -734.66162 -717.02637 -699.21242 -681.22421 -663.06623 -644.74300 -626.25909 -607.61910 -588.82767 -569.88950 -550.80930 -531.59183 -512.24187 -492.76426 -473.16383 -453.44548 -433.61413 -413.67471 -393.63219 -373.49157 -353.25787 -332.93613 -312.53141 -292.04881 -271.49342 -250.87037 -230.18480 -209.44186 -188.64672 -167.80457 -146.92060 -126.00001 -105.04802 -84.06985 -63.07073 -42.05588 -21.03056 0.00000 0.00000
-20.65411 -41.30308 -61.94176 -82.56499 -103.16765 -123.74460 -144.29071 -164.80086 -185.26993 -205.69284 -226.06448 -246.37978 -266.63367 -286.82112 -306.93708 -326.97655 -346.93453 -366.80605 -386.58615 -406.26991 -425.85241 -445.32878 -464.69417 -483.94375 -503.07271 -522.07631 -540.94978 -559.68845 -578.28762 -596.74268 -615.04901 -633.20207 -651.19731 -669.03026 -686.69648 -704.19155 -721.51113 -738.65089 -755.60657 -772.37393 -788.94880 -805.32704 -821.50459 -837.47739 -853.24148 -868.79293 -884.12785 -899.24243 -914.13290 -928.79555 -943.22672 -957.42282 -971.38031 -985.09571 -998.56561 -1011.78664 -1024.75552 -1037.46900 -1049.92392 -1062.11719 -1074.04575 -1085.70663 -1097.09693 -1108.21382 -1119.05451 -1129.61632 -1139.89660 -1149.89279 -1159.60240 -1169.02302 -1178.15229 -1186.98795 -1195.52778 -1203.76966 -1211.71153 -1219.35142 -1226.68743 -1233.71771 -1240.44053 -1246.85421 -1252.95714 -1258.74781 -1264.22477 -1269.38666 -1274.23220 -1278.76017 -1282.96944 -1286.85897 -1290.42779 -1293.67501 -1296.59982 -1299.20148 -1301.47936 -1303.43289 -1305.06157 -1306.36500 -1307.34286 -1307.99490 -1308.32096 -1308.32096 -1307.99490 -1307.34286 -1306.36500 -1305.06157 -1303.43289 -1301.47936 -1299.20148 -1296.59982 -1293.67501 -1290.42779 -1286.85897 -1282.96944 -1278.76017 -1274.23220 -1269.38666 -1264.22477 -1258.74781 -1252.95714 -1246.85421 -1240.44053 -1233.71771 -1226.68743 -1219.35142 -1211.71153 -1203.76966 -1195.52778 -1186.98795 -1178.15229 -1169.02302 -1159.60240 -1149.89279 -1139.89660 -1129.61632 -1119.05451 -1108.21382 -1097.09693 -1085.70663 -1074.04575 -1062.11719 -1049.92392 -1037.46900 -1024.75552 -1011.78664 -998.56561 -985.09571 -971.38031 -957.42282 -943.22672 -928.79555 -914.13290 -899.24243 -884.12785 -868.79293 -853.24148 -837.47739 -821.50459 -805.32704 -788.94880 -772.37393 -755.60657 -738.65089 -721.51113 -704.19155 -686.69648 -669.03026 -651.19731 -633.20207 -615.04901 -596.74268 -578.28762 -559.68845 -540.94978 -522.07631 -503.07271 -483.94375 -464.69417 -445.32878 -425.85241 -406.26991 -386.58615 -366.80605 -346.93453 -326.97655 -306.93708 -286.82112 -266.63367 -246.37978 -226.06448 -205.69284 -185.26993 -164.80086 -144.29071 -123.74460 -103.16765 -82.56499 -61.94176 -41.30308 -20.65411 0.00000 0.00000
-20.27252 -40.53999 -60.79735 -81.03956 -101.26157 -121.45835 -141.62486 -161.75607 -181.84697 -201.89255 -221.88781 -241.82778 -261.70747 -281.52195 -301.26626 -320.93549 -340.52473 -360.02911 -379.44377 -398.76385 -417.98456 -437.10110 -456.10870 -475.00263 -493.77818 -512.43067 -530.95545 -549.34791 -567.60345 -585.71754 -603.68566 -621.50332 -639.16609 -656.66957 -674.00940 -691.18124 -708.18083 -725.00393 -741.64633 -758.10391 -774.37255 -790.44820 -806.32685 -822.00455 -837.47739 -852.74152 -867.79312 -882.62845 -897.24381 -911.63555 -925.80010 -939.73392 -953.43354 -966.89555 -980.11658 -993.09335 -1005.82261 -1018.30121 -1030.52602 -1042.49401 -1054.20218 -1065.64762 -1076.82749 -1087.73898 -1098.37939 -1108.74606 -1118.83640 -1128.64791 -1138.17813 -1147.42470 -1156.38530 -1165.05771 -1173.43977 -1181.52937 -1189.32452 -1196.82326 -1204.02372 -1210.92412 -1217.52273 -1223.81791 -1229.80809 -1235.49177 -1240.86755 -1245.93407 -1250.69008 -1255.13439 -1259.26590 -1263.08357 -1266.58645 -1269.77368 -1272.64445 -1275.19805 -1277.43384 -1279.35127 -1280.94986 -1282.22921 -1283.18900 -1283.82900 -1284.14903 -1284.14903 -1283.82900 -1283.18900 -1282.22921 -1280.94986 -1279.35127 -1277.43384 -1275.19805 -1272.64445 -1269.77368 -1266.58645 -1263.08357 -1259.26590 -1255.13439 -1250.69008 -1245.93407 -1240.86755 -1235.49177 -1229.80809 -1223.81791 -1217.52273 -1210.92412 -1204.02372 -1196.82326 -1189.32452 -1181.52937 -1173.43977 -1165.05771 -1156.38530 -1147.42470 -1138.17813 -1128.64791 -1118.83640 -1108.74606 -1098.37939 -1087.73898 -1076.82749 -1065.64762 -1054.20218 -1042.49401 -1030.52602 -1018.30121 -1005.82261 -993.09335 -980.11658 -966.89555 -953.43354 -939.73392 -925.80010 -911.63555 -897.24381 -882.62845 -867.79312 -852.74152 -837.47739 -822.00455 -806.32685 -790.44820 -774.37255 -758.10391 -741.64633 -725.00393 -708.18083 -691.18124 -674.00940 -656.66957 -639.16609 -621.50332 -603.68566 -585.71754 -567.60345 -549.34791 -530.95545 -512.43067 -493.77818 -475.00263 -456.10870 -437.10110 -417.98456 -398.76385 -379.44377 -360.02911 -340.52473 -320.93549 -301.26626 -281.52195 -261.70747 -241.82778 -221.88781 -201.89255 -181.84697 -161.75607 -141.62486 -121.45835 -101.26157 -81.03956 -60.79735 -40.53999 -20.27252 0.00000 0.00000
-19.88587 -39.76679 -59.63779 -79.49393 -99.33026 -119.14184 -138.92372 -158.67098 -178.37869 -198.04195 -217.65585 -237.21551 -256.71605 -276.15261 -295.52035 -314.81444 -334.03007 -353.16245 -372.20682 -391.15842 -410.01254 -428.76448 -447.40956 -465.94313 -484.36058 -502.65732 -520.82879 -538.87046 -556.77782 -574.54643 -592.17185 -609.64968 -626.97558 -644.14523 -661.15434 -677.99867 -694.67403 -711.17627 -727.50127 -743.64496 -759.60331 -775.37236 -790.94817 -806.32685 -821.50459 -836.47758 -851.24211 -865.79450 -880.13110 -894.24837 -908.14276 -921.81083 -935.24916 -948.45441 -961.42328 -974.15255 -986.63904 -998.87964 -1010.87129 -1022.61102 -1034.09589 -1045.32304 -1056.28967 -1066.99305 -1077.43052 -1087.59947 -1097.49737 -1107.12175 -1116.47020 -1125.54042 -1134.33012 -1142.83712 -1151.05931 -1158.99463 -1166.64110 -1173.99682 -1181.05995 -1187.82874 -1194.30150 -1200.47662 -1206.35255 -1211.92783 -1217.20107 -1222.17096 -1226.83627 -1231.19581 -1235.24852 -1238.99338 -1242.42945 -1245.55589 -1248.37191 -1250.87680 -1253.06996 -1254.95082 -1256.51892 -1257.77387 -1258.71535 -1259.34314 -1259.65707 -1259.65707 -1259.34314 -1258.71535 -1257.77387 -1256.51892 -1254.95082 -1253.06996 -1250.87680 -1248.37191 -1245.55589 -1242.42945 -1238.99338 -1235.24852 -1231.19581 -1226.83627 -1222.17096 -1217.20107 -1211.92783 -1206.35255 -1200.47662 -1194.30150 -1187.82874 -1181.05995 -1173.99682 -1166.64110 -1158.99463 -1151.05931 -1142.83712 -1134.33012 -1125.54042 -1116.47020 -1107.12175 -1097.49737 -1087.59947 -1077.43052 -1066.99305 -1056.28967 -1045.32304 -1034.09589 -1022.61102 -1010.87129 -998.87964 -986.63904 -974.15255 -961.42328 -948.45441 -935.24916 -921.81083 -908.14276 -894.24837 -880.13110 -865.79450 -851.24211 -836.47758 -821.50459 -806.32685 -790.94817 -775.37236 -759.60331 -743.64496 -727.50127 -711.17627 -694.67403 -677.99867 -661.15434 -644.14523 -626.97558 -609.64968 -592.17185 -574.54643 -556.77782 -538.87046 -520.82879 -502.65732 -484.36058 -465.94313 -447.40956 -428.76448 -410.01254 -391.15842 -372.20682 -353.16245 -334.03007 -314.81444 -295.52035 -276.15261 -256.71605 -237.21551 -217.65585 -198.04195 -178.37869 -158.67098 -138.92372 -119.14184 -99.33026 -79.49393 -59.63779 -39.76679 -19.88587 0.00000 0.00000
-19.49427 -38.98368 -58.46337 -77.92849 -97.37419 -116.79563 -136.18795 -155.54634 -174.86596 -194.14199 -213.36965 -232.54413 -251.66065 -270.71446 -289.70079 -308.61493 -327.45215 -346.20777 -364.87710 -383.45550 -401.93834 -420.32100 -438.59891 -456.76751 -474.82228 -492.75871 -510.57233 -528.25871 -545.81343 -563.23213 -580.51046 -597.64411 -614.62882 -631.46035 -648.13450 -664.64713 -680.99411 -697.17138 -713.17489 -729.00067 -744.64476 -760.10328 -775.37236 -790.44820 -805.32704 -820.00518 -834.47896 -848.74477 -862.79905 -876.63831 -890.25909 -903.65800 -916.83169 -929.77690 -942.49038 -954.96898 -967.20957 -979.20912 -990.96463 -1002.47317 -1013.73187 -1024.73793 -1035.48860 -1045.98121 -1056.21314 -1066.18183 -1075.88482 -1085.31966 -1094.48403 -1103.37562 -1111.99224 -1120.33172 -1128.39199 -1136.17104 -1143.66693 -1150.87780 -1157.80184 -1164.43734 -1170.78263 -1176.83614 -1182.59636 -1188.06185 -1193.23125 -1198.10327 -1202.67670 -1206.95039 -1210.92329 -1214.59441 -1217.96282 -1221.02768 -1223.78825 -1226.24382 -1228.39378 -1230.23760 -1231.77482 -1233.00506 -1233.92800 -1234.54343 -1234.85118 -1234.85118 -1234.54343 -1233.92800 -1233.00506 -1231.77482 -1230.23760 -1228.39378 -1226.24382 -1223.78825 -1221.02768 -1217.96282 -1214.59441 -1210.92329 -1206.95039 -1202.67670 -1198.10327 -1193.23125 -1188.06185 -1182.59636 -1176.83614 -1170.78263 -1164.43734 -1157.80184 -1150.87780 -1143.66693 -1136.17104 -1128.39199 -1120.33172 -1111.99224 -1103.37562 -1094.48403 -1085.31966 -1075.88482 -1066.18183 -1056.21314 -1045.98121 -1035.48860 -1024.73793 -1013.73187 -1002.47317 -990.96463 -979.20912 -967.20957 -954.96898 -942.49038 -929.77690 -916.83169 -903.65800 -890.25909 -876.63831 -862.79905 -848.74477 -834.47896 -820.00518 -805.32704 -790.44820 -775.37236 -760.10328 -744.64476 -729.00067 -713.17489 -697.17138 -680.99411 -664.64713 -648.13450 -631.46035 -614.62882 -597.64411 -580.51046 -563.23213 -545.81343 -528.25871 -510.57233 -492.75871 -474.82228 -456.76751 -438.59891 -420.32100 -401.93834 -383.45550 -364.87710 -346.20777 -327.45215 -308.61493 -289.70079 -270.71446 -251.66065 -232.54413 -213.36965 -194.14199 -174.86596 -155.54634 -136.18795 -116.79563 -97.37419 -77.92849 -58.46337 -38.98368 -19.49427 0.00000 0.00000
-19.09780 -38.19085 -57.27438 -76.34363 -95.39386 -114.42031 -133.41824 -152.38293 -171.30964 -190.19365 -209.03027 -227.81479 -246.54253 -265.20883 -283.80904 -302.33851 -320.79263 -339.16681 -357.45646 -375.65702 -393.76396 -411.77277 -429.67895 -447.47805 -465.16563 -482.73728 -500.18862 -517.51531 -534.71301 -551.77746 -568.70439 -585.48959 -602.12887 -618.61809 -634.95314 -651.12994 -667.14447 -682.99273 -698.67078 -714.17470 -729.50064 -744.64476 -759.60331 -774.37255 -788.94880 -803.32842 -817.50784 -831.48352 -845.25198 -858.80978 -872.15355 -885.27996 -898.18573 -910.86767 -923.32259 -935.54740 -947.53906 -959.29457 -970.81100 -982.08549 -993.11522 -1003.89744 -1014.42947 -1024.70869 -1034.73252 -1044.49848 -1054.00413 -1063.24710 -1072.22508 -1080.93585 -1089.37722 -1097.54710 -1105.44344 -1113.06429 -1120.40773 -1127.47195 -1134.25518 -1140.75572 -1146.97197 -1152.90237 -1158.54544 -1163.89977 -1168.96404 -1173.73698 -1178.21740 -1182.40418 -1186.29628 -1189.89273 -1193.19264 -1196.19517 -1198.89959 -1201.30522 -1203.41146 -1205.21778 -1206.72374 -1207.92896 -1208.83313 -1209.43604 -1209.73753 -1209.73753 -1209.43604 -1208.83313 -1207.92896 -1206.72374 -1205.21778 -1203.41146 -1201.30522 -1198.89959 -1196.19517 -1193.19264 -1189.89273 -1186.29628 -1182.40418 -1178.21740 -1173.73698 -1168.96404 -1163.89977 -1158.54544 -1152.90237 -1146.97197 -1140.75572 -1134.25518 -1127.47195 -1120.40773 -1113.06429 -1105.44344 -1097.54710 -1089.37722 -1080.93585 -1072.22508 -1063.24710 -1054.00413 -1044.49848 -1034.73252 -1024.70869 -1014.42947 -1003.89744 -993.11522 -982.08549 -970.81100 -959.29457 -947.53906 -935.54740 -923.32259 -910.86767 -898.18573 -885.27996 -872.15355 -858.80978 -845.25198 -831.48352 -817.50784 -803.32842 -788.94880 -774.37255 -759.60331 -744.64476 -729.50064 -714.17470 -698.67078 -682.99273 -667.14447 -651.12994 -634.95314 -618.61809 -602.12887 -585.48959 -568.70439 -551.77746 -534.71301 -517.51531 -500.18862 -482.73728 -465.16563 -447.47805 -429.67895 -411.77277 -393.76396 -375.65702 -357.45646 -339.16681 -320.79263 -302.33851 -283.80904 -265.20883 -246.54253 -227.81479 -209.03027 -190.19365 -171.30964 -152.38293 -133.41824 -114.42031 -95.39386 -76.34363 -57.27438 -38.19085 -19.09780 0.00000 0.00000
-18.69658 -37.38851 -56.07111 -74.73974 -93.38974 -112.01647 -130.61529 -149.18155 -167.71063 -186.19791 -204.63879 -223.02867 -241.36297 -259.63711 -277.84655 -295.98674 -314.05316 -332.04132 -349.94673 -367.76492 -385.49145 -403.12192 -420.65191 -438.07707 -455.39306 -472.59555 -489.68026 -506.64293 -523.47933 -540.18528 -556.75659 -573.18916 -589.47887 -605.62167 -621.61354 -637.45048 -653.12857 -668.64387 -683.99254 -699.17075 -714.17470 -729.00067 -743.64496 -758.10391 -772.37393 -786.45145 -800.33298 -814.01505 -827.49425 -840.76721 -853.83064 -866.68128 -879.31593 -891.73143 -903.92469 -915.89267 -927.63240 -939.14094 -950.41542 -961.45305 -972.25105 -982.80676 -993.11752 -1003.18079 -1012.99403 -1022.55482 -1031.86077 -1040.90955 -1049.69892 -1058.22668 -1066.49071 -1074.48895 -1082.21940 -1089.68014 -1096.86931 -1103.78511 -1110.42583 -1116.78981 -1122.87546 -1128.68127 -1134.20579 -1139.44763 -1144.40551 -1149.07817 -1153.46446 -1157.56328 -1161.37362 -1164.89451 -1168.12509 -1171.06455 -1173.71215 -1176.06724 -1178.12923 -1179.89760 -1181.37192 -1182.55182 -1183.43700 -1184.02724 -1184.32240 -1184.32240 -1184.02724 -1183.43700 -1182.55182 -1181.37192 -1179.89760 -1178.12923 -1176.06724 -1173.71215 -1171.06455 -1168.12509 -1164.89451 -1161.37362 -1157.56328 -1153.46446 -1149.07817 -1144.40551 -1139.44763 -1134.20579 -1128.68127 -1122.87546 -1116.78981 -1110.42583 -1103.78511 -1096.86931 -1089.68014 -1082.21940 -1074.48895 -1066.49071 -1058.22668 -1049.69892 -1040.90955 -1031.86077 -1022.55482 -1012.99403 -1003.18079 -993.11752 -982.80676 -972.25105 -961.45305 -950.41542 -939.14094 -927.63240 -915.89267 -903.92469 -891.73143 -879.31593 -866.68128 -853.83064 -840.76721 -827.49425 -814.01505 -800.33298 -786.45145 -772.37393 -758.10391 -743.64496 -729.00067 -714.17470 -699.17075 -683.99254 -668.64387 -653.12857 -637.45048 -621.61354 -605.62167 -589.47887 -573.18916 -556.75659 -540.18528 -523.47933 -506.64293 -489.68026 -472.59555 -455.39306 -438.07707 -420.65191 -403.12192 -385.49145 -367.76492 -349.94673 -332.04132 -314.05316 -295.98674 -277.84655 -259.63711 -241.36297 -223.02867 -204.63879 -186.19791 -167.71063 -149.18155 -130.61529 -112.01647 -93.38974 -74.73974 -56.07111 -37.38851 -18.69658 0.00000 0.00000
-18.29070 -36.57684 -54.85387 -73.11723 -91.36236 -109.58472 -127.77978 -145.94299 -164.06982 -182.15577 -200.19632 -218.18697 -236.12325 -254.00068 -271.81481 -289.56120 -307.23543 -324.83308 -342.34978 -359.78116 -377.12287 -394.37060 -411.52004 -428.56692 -445.50699 -462.33604 -479.04986 -495.64429 -512.11519 -528.45847 -544.67004 -560.74587 -576.68195 -592.47431 -608.11901 -623.61216 -638.94989 -654.12838 -669.14384 -683.99254 -698.67078 -713.17489 -727.50127 -741.64633 -755.60657 -769.37849 -782.95866 -796.34371 -809.53028 -822.51511 -835.29495 -847.86662 -860.22698 -872.37295 -884.30151 -896.00968 -907.49455 -918.75325 -929.78298 -940.58099 -951.14459 -961.47114 -971.55807 -981.40287 -991.00308 -1000.35632 -1009.46024 -1018.31259 -1026.91115 -1035.25378 -1043.33841 -1051.16301 -1058.72564 -1066.02442 -1073.05752 -1079.82319 -1086.31975 -1092.54557 -1098.49911 -1104.17888 -1109.58347 -1114.71152 -1119.56176 -1124.13299 -1128.42406 -1132.43390 -1136.16151 -1139.60597 -1142.76642 -1145.64206 -1148.23219 -1150.53615 -1152.55338 -1154.28336 -1155.72568 -1156.87996 -1157.74592 -1158.32335 -1158.61210 -1158.61210 -1158.32335 -1157.74592 -1156.87996 -1155.72568 -1154.28336 -1152.55338 -1150.53615 -1148.23219 -1145.64206 -1142.76642 -1139.60597 -1136.16151 -1132.43390 -1128.42406 -1124.13299 -1119.56176 -1114.71152 -1109.58347 -1104.17888 -1098.49911 -1092.54557 -1086.31975 -1079.82319 -1073.05752 -1066.02442 -1058.72564 -1051.16301 -1043.33841 -1035.25378 -1026.91115 -1018.31259 -1009.46024 -1000.35632 -991.00308 -981.40287 -971.55807 -961.47114 -951.14459 -940.58099 -929.78298 -918.75325 -907.49455 -896.00968 -884.30151 -872.37295 -860.22698 -847.86662 -835.29495 -822.51511 -809.53028 -796.34371 -782.95866 -769.37849 -755.60657 -741.64633 -727.50127 -713.17489 -698.67078 -683.99254 -669.14384 -654.12838 -638.94989 -623.61216 -608.11901 -592.47431 -576.68195 -560.74587 -544.67004 -528.45847 -512.11519 -495.64429 -479.04986 -462.33604 -445.50699 -428.56692 -411.52004 -394.37060 -377.12287 -359.78116 -342.34978 -324.83308 -307.23543 -289.56120 -271.81481 -254.00068 -236.12325 -218.18697 -200.19632 -182.15577 -164.06982 -145.94299 -127.77978 -109.58472 -91.36236 -73.11723 -54.85387 -36.57684 -18.29070 0.00000 0.00000
-17.88026 -35.75607 -53.62296 -71.47649 -89.31220 -107.12566 -124.91242 -142.66805 -160.38812 -178.06822 -195.70395 -213.29090 -230.82469 -248.30096 -265.71534 -283.06350 -300.34112 -317.54389 -334.66751 -351.70773 -368.66030 -385.52099 -402.28560 -418.94995 -435.50990 -451.96130 -468.30006 -484.52212 -500.62342 -516.59996 -532.44774 -548.16284 -563.74131 -579.17929 -594.47293 -609.61841 -624.61197 -639.44985 -654.12838 -668.64387 -682.99273 -697.17138 -711.17627 -725.00393 -738.65089 -752.11377 -765.38921 -778.47390 -791.36457 -804.05802 -816.55108 -828.84064 -840.92364 -852.79706 -864.45794 -875.90339 -887.13054 -898.13660 -908.91882 -919.47453 -929.80108 -939.89590 -949.75648 -959.38037 -968.76515 -977.90850 -986.80814 -995.46184 -1003.86745 -1012.02287 -1019.92608 -1027.57510 -1034.96803 -1042.10303 -1048.97830 -1055.59216 -1061.94293 -1068.02905 -1073.84899 -1079.40131 -1084.68461 -1089.69759 -1094.43900 -1098.90765 -1103.10243 -1107.02229 -1110.66625 -1114.03342 -1117.12295 -1119.93406 -1122.46607 -1124.71833 -1126.69029 -1128.38145 -1129.79140 -1130.91978 -1131.76631 -1132.33078 -1132.61306 -1132.61306 -1132.33078 -1131.76631 -1130.91978 -1129.79140 -1128.38145 -1126.69029 -1124.71833 -1122.46607 -1119.93406 -1117.12295 -1114.03342 -1110.66625 -1107.02229 -1103.10243 -1098.90765 -1094.43900 -1089.69759 -1084.68461 -1079.40131 -1073.84899 -1068.02905 -1061.94293 -1055.59216 -1048.97830 -1042.10303 -1034.96803 -1027.57510 -1019.92608 -1012.02287 -1003.86745 -995.46184 -986.80814 -977.90850 -968.76515 -959.38037 -949.75648 -939.89590 -929.80108 -919.47453 -908.91882 -898.13660 -887.13054 -875.90339 -864.45794 -852.79706 -840.92364 -828.84064 -816.55108 -804.05802 -791.36457 -778.47390 -765.38921 -752.11377 -738.65089 -725.00393 -711.17627 -697.17138 -682.99273 -668.64387 -654.12838 -639.44985 -624.61197 -609.61841 -594.47293 -579.17929 -563.74131 -548.16284 -532.44774 -516.59996 -500.62342 -484.52212 -468.30006 -451.96130 -435.50990 -418.94995 -402.28560 -385.52099 -368.66030 -351.70773 -334.66751 -317.54389 -300.34112 -283.06350 -265.71534 -248.30096 -230.82469 -213.29090 -195.70395 -178.06822 -160.38812 -142.66805 -124.91242 -107.12566 -89.31220 -71.47649 -53.62296 -35.75607 -17.88026 0.00000 0.00000
-17.46536 -34.92638 -52.37868 -69.81794 -87.23979 -104.63990 -122.01394 -139.35756 -156.66645 -173.93630 -191.16281 -208.34166 -225.46860 -242.53934 -259.54964 -276.49526 -293.37196 -310.17555 -326.90184 -343.54666 -360.10586 -376.57531 -392.95091 -409.22858 -425.40426 -441.47392 -457.43356 -473.27920 -489.00688 -504.61270 -520.09275 -535.44319 -550.66018 -565.73993 -580.67870 -595.47274 -610.11838 -624.61197 -638.94989 -653.12857 -667.14447 -680.99411 -694.67403 -708.18083 -721.51113 -734.66162 -747.62901 -760.41008 -773.00163 -785.40054 -797.60371 -809.60811 -821.41073 -833.00863 -844.39894 -855.57880 -866.54543 -877.29611 -887.82814 -898.13891 -908.22584 -918.08642 -927.71820 -937.11877 -946.28579 -955.21697 -963.91010 -972.36300 -980.57356 -988.53975 -996.25957 -1003.73110 -1010.95249 -1017.92192 -1024.63766 -1031.09804 -1037.30145 -1043.24635 -1048.93124 -1054.35472 -1059.51544 -1064.41209 -1069.04348 -1073.40844 -1077.50588 -1081.33478 -1084.89419 -1088.18323 -1091.20107 -1093.94695 -1096.42020 -1098.62020 -1100.54641 -1102.19833 -1103.57556 -1104.67776 -1105.50464 -1106.05602 -1106.33174 -1106.33174 -1106.05602 -1105.50464 -1104.67776 -1103.57556 -1102.19833 -1100.54641 -1098.62020 -1096.42020 -1093.94695 -1091.20107 -1088.18323 -1084.89419 -1081.33478 -1077.50588 -1073.40844 -1069.04348 -1064.41209 -1059.51544 -1054.35472 -1048.93124 -1043.24635 -1037.30145 -1031.09804 -1024.63766 -1017.92192 -1010.95249 -1003.73110 -996.25957 -988.53975 -980.57356 -972.36300 -963.91010 -955.21697 -946.28579 -937.11877 -927.71820 -918.08642 -908.22584 -898.13891 -887.82814 -877.29611 -866.54543 -855.57880 -844.39894 -833.00863 -821.41073 -809.60811 -797.60371 -785.40054 -773.00163 -760.41008 -747.62901 -734.66162 -721.51113 -708.18083 -694.67403 -680.99411 -667.14447 -653.12857 -638.94989 -624.61197 -610.11838 -595.47274 -580.67870 -565.73993 -550.66018 -535.44319 -520.09275 -504.61270 -489.00688 -473.27920 -457.43356 -441.47392 -425.40426 -409.22858 -392.95091 -376.57531 -360.10586 -343.54666 -326.90184 -310.17555 -293.37196 -276.49526 -259.54964 -242.53934 -225.46860 -208.34166 -191.16281 -173.93630 -156.66645 -139.35756 -122.01394 -104.63990 -87.23979 -69.81794 -52.37868 -34.92638 -17.46536 0.00000 0.00000
-17.04612 -34.08798 -51.12136 -68.14199 -85.14564 -102.12807 -119.08504 -136.01234 -152.90574 -169.76103 -186.57402 -203.34051 -220.05632 -236.71729 -253.31926 -269.85810 -286.32969 -302.72992 -319.05470 -335.29996 -351.46166 -367.53577 -383.51828 -399.40522 -415.19261 -430.87652 -446.45306 -461.91833 -477.26847 -492.49968 -507.60814 -522.59009 -537.44181 -552.15958 -566.73974 -581.17866 -595.47274 -609.61841 -623.61216 -637.45048 -651.12994 -664.64713 -677.99867 -691.18124 -704.19155 -717.02637 -729.68248 -742.15675 -754.44605 -766.54733 -778.45757 -790.17380 -801.69310 -813.01260 -824.12949 -835.04098 -845.74437 -856.23698 -866.51619 -876.57945 -886.42425 -896.04813 -905.44870 -914.62362 -923.57059 -932.28738 -940.77183 -949.02182 -957.03530 -964.81026 -972.34477 -979.63695 -986.68499 -993.48712 -1000.04166 -1006.34696 -1012.40146 -1018.20365 -1023.75208 -1029.04537 -1034.08220 -1038.86132 -1043.38153 -1047.64171 -1051.64079 -1055.37779 -1058.85176 -1062.06184 -1065.00723 -1067.68721 -1070.10109 -1072.24828 -1074.12824 -1075.74051 -1077.08468 -1078.16042 -1078.96746 -1079.50560 -1079.77470 -1079.77470 -1079.50560 -1078.96746 -1078.16042 -1077.08468 -1075.74051 -1074.12824 -1072.24828 -1070.10109 -1067.68721 -1065.00723 -1062.06184 -1058.85176 -1055.37779 -1051.64079 -1047.64171 -1043.38153 -1038.86132 -1034.08220 -1029.04537 -1023.75208 -1018.20365 -1012.40146 -1006.34696 -1000.04166 -993.48712 -986.68499 -979.63695 -972.34477 -964.81026 -957.03530 -949.02182 -940.77183 -932.28738 -923.57059 -914.62362 -905.44870 -896.04813 -886.42425 -876.57945 -866.51619 -856.23698 -845.74437 -835.04098 -824.12949 -813.01260 -801.69310 -790.17380 -778.45757 -766.54733 -754.44605 -742.15675 -729.68248 -717.02637 -704.19155 -691.18124 -677.99867 -664.64713 -651.12994 -637.45048 -623.61216 -609.61841 -595.47274 -581.17866 -566.73974 -552.15958 -537.44181 -522.59009 -507.60814 -492.49968 -477.26847 -461.91833 -446.45306 -430.87652 -415.19261 -399.40522 -383.51828 -367.53577 -351.46166 -335.29996 -319.05470 -302.72992 -286.32969 -269.85810 -253.31926 -236.71729 -220.05632 -203.34051 -186.57402 -169.76103 -152.90574 -136.01234 -119.08504 -102.12807 -85.14564 -68.14199 -51.12136 -34.08798 -17.04612 0.00000 0.00000
-16.62262 -33.24109 -49.85129 -66.44905 -83.03026 -99.59078 -116.12647 -132.63322 -149.10692 -165.54346 -181.93874 -198.28868 -214.58920 -230.83624 -247.02575 -263.15369 -279.21606 -295.20883 -311.12804 -326.96970 -342.72988 -358.40464 -373.99008 -389.48231 -404.87748 -420.17174 -435.36129 -450.44233 -465.41112 -480.26392 -494.99702 -509.60676 -524.08950 -538.44162 -552.65955 -566.73974 -580.67870 -594.47293 -608.11901 -621.61354 -634.95314 -648.13450 -661.15434 -674.00940 -686.69648 -699.21242 -711.55410 -723.71845 -735.70244 -747.50307 -759.11741 -770.54256 -781.77568 -792.81396 -803.65465 -814.29506 -824.73252 -834.96445 -844.98829 -854.80154 -864.40175 -873.78653 -882.95355 -891.90052 -900.62521 -909.12545 -917.39911 -925.44414 -933.25852 -940.84032 -948.18764 -955.29865 -962.17159 -968.80473 -975.19642 -981.34507 -987.24916 -992.90719 -998.31778 -1003.47956 -1008.39126 -1013.05164 -1017.45955 -1021.61389 -1025.51362 -1029.15777 -1032.54543 -1035.67576 -1038.54798 -1041.16137 -1043.51528 -1045.60913 -1047.44238 -1049.01460 -1050.32537 -1051.37439 -1052.16138 -1052.68615 -1052.94856 -1052.94856 -1052.68615 -1052.16138 -1051.37439 -1050.32537 -1049.01460 -1047.44238 -1045.60913 -1043.51528 -1041.16137 -1038.54798 -1035.67576 -1032.54543 -1029.15777 -1025.51362 -1021.61389 -1017.45955 -1013.05164 -1008.39126 -1003.47956 -998.31778 -992.90719 -987.24916 -981.34507 -975.19642 -968.80473 -962.17159 -955.29865 -948.18764 -940.84032 -933.25852 -925.44414 -917.39911 -909.12545 -900.62521 -891.90052 -882.95355 -873.78653 -864.40175 -854.80154 -844.98829 -834.96445 -824.73252 -814.29506 -803.65465 -792.81396 -781.77568 -770.54256 -759.11741 -747.50307 -735.70244 -723.71845 -711.55410 -699.21242 -686.69648 -674.00940 -661.15434 -648.13450 -634.95314 -621.61354 -608.11901 -594.47293 -580.67870 -566.73974 -552.65955 -538.44162 -524.08950 -509.60676 -494.99702 -480.26392 -465.41112 -450.44233 -435.36129 -420.17174 -404.87748 -389.48231 -373.99008 -358.40464 -342.72988 -326.96970 -311.12804 -295.20883 -279.21606 -263.15369 -247.02575 -230.83624 -214.58920 -198.28868 -181.93874 -165.54346 -149.10692 -132.63322 -116.12647 -99.59078 -83.03026 -66.44905 -49.85129 -33.24109 -16.62262 0.00000 0.00000
-16.19498 -32.38592 -48.56879 -64.73956 -80.89419 -97.02866 -113.13896 -129.22105 -145.27094 -161.28462 -177.25811 -193.18743 -209.06859 -224.89765 -240.67067 -256.38370 -272.03284 -287.61418 -303.12384 -318.55795 -333.91268 -349.18419 -364.36867 -379.46234 -394.46145 -409.36224 -424.16102 -438.85408 -453.43778 -467.90846 -482.26254 -496.49642 -510.60657 -524.58946 -538.44162 -552.15958 -565.73993 -579.17929 -592.47431 -605.62167 -618.61809 -631.46035 -644.14523 -656.66957 -669.03026 -681.22421 -693.24839 -705.09980 -716.77548 -728.27252 -739.58807 -750.71929 -761.66342 -772.41772 -782.97952 -793.34619 -803.51514 -813.48384 -823.24980 -832.81058 -842.16382 -851.30717 -860.23835 -868.95515 -877.45538 -885.73694 -893.79775 -901.63581 -909.24916 -916.63590 -923.79420 -930.72228 -937.41839 -943.88089 -950.10814 -956.09862 -961.85081 -967.36328 -972.63467 -977.66366 -982.44900 -986.98949 -991.28400 -995.33146 -999.13086 -1002.68126 -1005.98177 -1009.03157 -1011.82990 -1014.37606 -1016.66941 -1018.70939 -1020.49548 -1022.02725 -1023.30430 -1024.32633 -1025.09307 -1025.60434 -1025.86001 -1025.86001 -1025.60434 -1025.09307 -1024.32633 -1023.30430 -1022.02725 -1020.49548 -1018.70939 -1016.66941 -1014.37606 -1011.82990 -1009.03157 -1005.98177 -1002.68126 -999.13086 -995.33146 -991.28400 -986.98949 -982.44900 -977.66366 -972.63467 -967.36328 -961.85081 -956.09862 -950.10814 -943.88089 -937.41839 -930.72228 -923.79420 -916.63590 -909.24916 -901.63581 -893.79775 -885.73694 -877.45538 -868.95515 -860.23835 -851.30717 -842.16382 -832.81058 -823.24980 -813.48384 -803.51514 -793.34619 -782.97952 -772.41772 -761.66342 -750.71929 -739.58807 -728.27252 -716.77548 -705.09980 -693.24839 -681.22421 -669.03026 -656.66957 -644.14523 -631.46035 -618.61809 -605.62167 -592.47431 -579.17929 -565.73993 -552.15958 -538.44162 -524.58946 -510.60657 -496.49642 -482.26254 -467.90846 -453.43778 -438.85408 -424.16102 -409.36224 -394.46145 -379.46234 -364.36867 -349.18419 -333.91268 -318.55795 -303.12384 -287.61418 -272.03284 -256.38370 -240.67067 -224.89765 -209.06859 -193.18743 -177.25811 -161.28462 -145.27094 -129.22105 -113.13896 -97.02866 -80.89419 -64.73956 -48.56879 -32.38592 -16.19498 0.00000 0.00000
-15.76330 -31.52268 -47.27420 -63.01393 -78.73796 -94.44237 -110.12324 -125.77667 -141.39875 -156.98559 -172.53331 -188.03803 -203.49588 -218.90302 -234.25561 -249.54981 -264.78182 -279.94784 -295.04409 -310.06682 -325.01226 -339.87671 -354.65645 -369.34780 -383.94711 -398.45072 -412.85504 -427.15646 -441.35143 -455.43640 -469.40786 -483.26235 -496.99639 -510.60657 -524.08950 -537.44181 -550.66018 -563.74131 -576.68195 -589.47887 -602.12887 -614.62882 -626.97558 -639.16609 -651.19731 -663.06623 -674.76991 -686.30541 -697.66988 -708.86047 -719.87440 -730.70892 -741.36133 -751.82898 -762.10926 -772.19961 -782.09750 -791.80049 -801.30613 -810.61208 -819.71600 -828.61564 -837.30876 -845.79322 -854.06688 -862.12769 -869.97364 -877.60277 -885.01319 -892.20304 -899.17054 -905.91394 -912.43158 -918.72181 -924.78308 -930.61388 -936.21274 -941.57829 -946.70917 -951.60411 -956.26189 -960.68136 -964.86140 -968.80097 -972.49910 -975.95487 -979.16740 -982.13591 -984.85965 -987.33794 -989.57016 -991.55576 -993.29425 -994.78519 -996.02820 -997.02299 -997.76929 -998.26693 -998.51578 -998.51578 -998.26693 -997.76929 -997.02299 -996.02820 -994.78519 -993.29425 -991.55576 -989.57016 -987.33794 -984.85965 -982.13591 -979.16740 -975.95487 -972.49910 -968.80097 -964.86140 -960.68136 -956.26189 -951.60411 -946.70917 -941.57829 -936.21274 -930.61388 -924.78308 -918.72181 -912.43158 -905.91394 -899.17054 -892.20304 -885.01319 -877.60277 -869.97364 -862.12769 -854.06688 -845.79322 -837.30876 -828.61564 -819.71600 -810.61208 -801.30613 -791.80049 -782.09750 -772.19961 -762.10926 -751.82898 -741.36133 -730.70892 -719.87440 -708.86047 -697.66988 -686.30541 -674.76991 -663.06623 -651.19731 -639.16609 -626.97558 -614.62882 -602.12887 -589.47887 -576.68195 -563.74131 -550.66018 -537.44181 -524.08950 -510.60657 -496.99639 -483.26235 -469.40786 -455.43640 -441.35143 -427.15646 -412.85504 -398.45072 -383.94711 -369.34780 -354.65645 -339.87671 -325.01226 -310.06682 -295.04409 -279.94784 -264.78182 -249.54981 -234.25561 -218.90302 -203.49588 -188.03803 -172.53331 -156.98559 -141.39875 -125.77667 -110.12324 -94.44237 -78.73796 -63.01393 -47.27420 -31.52268 -15.76330 0.00000 0.00000
-15.32770 -30.65158 -45.96782 -61.27260 -76.56211 -91.83254 -107.08009 -122.30095 -137.49133 -152.64744 -167.76551 -182.84177 -197.87246 -212.85384 -227.78217 -242.65373 -257.46482 -272.21174 -286.89082 -301.49840 -316.03084 -330.48452 -344.85584 -359.14121 -373.33708 -387.43990 -401.44616 -415.35238 -429.15508 -442.85083 -456.43621 -469.90783 -483.26235 -496.49642 -509.60676 -522.59009 -535.44319 -548.16284 -560.74587 -573.18916 -585.48959 -597.64411 -609.64968 -621.50332 -633.20207 -644.74300 -656.12326 -667.33999 -678.39041 -689.27176 -699.98133 -710.51645 -720.87449 -731.05288 -741.04907 -750.86058 -760.48495 -769.91980 -779.16277 -788.21155 -797.06390 -805.71760 -814.17050 -822.42049 -830.46552 -838.30357 -845.93271 -853.35102 -860.55665 -867.54782 -874.32278 -880.87984 -887.21736 -893.33377 -899.22754 -904.89721 -910.34136 -915.55863 -920.54772 -925.30740 -929.83647 -934.13380 -938.19833 -942.02904 -945.62498 -948.98524 -952.10900 -954.99548 -957.64395 -960.05375 -962.22429 -964.15502 -965.84547 -967.29521 -968.50387 -969.47116 -970.19685 -970.68073 -970.92271 -970.92271 -970.68073 -970.19685 -969.47116 -968.50387 -967.29521 -965.84547 -964.15502 -962.22429 -960.05375 -957.64395 -954.99548 -952.10900 -948.98524 -945.62498 -942.02904 -938.19833 -934.13380 -929.83647 -925.30740 -920.54772 -915.55863 -910.34136 -904.89721 -899.22754 -893.33377 -887.21736 -880.87984 -874.32278 -867.54782 -860.55665 -853.35102 -845.93271 -838.30357 -830.46552 -822.42049 -814.17050 -805.71760 -797.06390 -788.21155 -779.16277 -769.91980 -760.48495 -750.86058 -741.04907 -731.05288 -720.87449 -710.51645 -699.98133 -689.27176 -678.39041 -667.33999 -656.12326 -644.74300 -633.20207 -621.50332 -609.64968 -597.64411 -585.48959 -573.18916 -560.74587 -548.16284 -535.44319 -522.59009 -509.60676 -496.49642 -483.26235 -469.90783 -456.43621 -442.85083 -429.15508 -415.35238 -401.44616 -387.43990 -373.33708 -359.14121 -344.85584 -330.48452 -316.03084 -301.49840 -286.89082 -272.21174 -257.46482 -242.65373 -227.78217 -212.85384 -197.87246 -182.84177 -167.76551 -152.64744 -137.49133 -122.30095 -107.08009 -91.83254 -76.56211 -61.27260 -45.96782 -30.65158 -15.32770 0.00000 0.00000
-14.88827 -29.77284 -44.64998 -59.51600 -74.36718 -89.19983 -104.01025 -118.79474 -133.54964 -148.27124 -162.95590 -177.59994 -192.19972 -206.75161 -221.25196 -235.69717 -250.08365 -264.40779 -278.66605 -292.85485 -306.97066 -321.00998 -334.96929 -348.84512 -362.63401 -376.33252 -389.93724 -403.44479 -416.85178 -430.15489 -443.35079 -456.43621 -469.40786 -482.26254 -494.99702 -507.60814 -520.09275 -532.44774 -544.67004 -556.75659 -568.70439 -580.51046 -592.17185 -603.68566 -615.04901 -626.25909 -637.31308 -648.20825 -658.94187 -669.51126 -679.91380 -690.14690 -700.20799 -710.09457 -719.80419 -729.33441 -738.68287 -747.84724 -756.82522 -765.61459 -774.21315 -782.61876 -790.82933 -798.84280 -806.65719 -814.27054 -821.68096 -828.88659 -835.88565 -842.67639 -849.25712 -855.62620 -861.78203 -867.72309 -873.44790 -878.95503 -884.24310 -889.31080 -894.15686 -898.78008 -903.17931 -907.35344 -911.30145 -915.02234 -918.51518 -921.77911 -924.81332 -927.61704 -930.18958 -932.53030 -934.63862 -936.51400 -938.15598 -939.56415 -940.73817 -941.67773 -942.38261 -942.85262 -943.08766 -943.08766 -942.85262 -942.38261 -941.67773 -940.73817 -939.56415 -938.15598 -936.51400 -934.63862 -932.53030 -930.18958 -927.61704 -924.81332 -921.77911 -918.51518 -915.02234 -911.30145 -907.35344 -903.17931 -898.78008 -894.15686 -889.31080 -884.24310 -878.95503 -873.44790 -867.72309 -861.78203 -855.62620 -849.25712 -842.67639 -835.88565 -828.88659 -821.68096 -814.27054 -806.65719 -798.84280 -790.82933 -782.61876 -774.21315 -765.61459 -756.82522 -747.84724 -738.68287 -729.33441 -719.80419 -710.09457 -700.20799 -690.14690 -679.91380 -669.51126 -658.94187 -648.20825 -637.31308 -626.25909 -615.04901 -603.68566 -592.17185 -580.51046 -568.70439 -556.75659 -544.67004 -532.44774 -520.09275 -507.60814 -494.99702 -482.26254 -469.40786 -456.43621 -443.35079 -430.15489 -416.85178 -403.44479 -389.93724 -376.33252 -362.63401 -348.84512 -334.96929 -321.00998 -306.97066 -292.85485 -278.66605 -264.40779 -250.08365 -235.69717 -221.25196 -206.75161 -192.19972 -177.59994 -162.95590 -148.27124 -133.54964 -118.79474 -104.01025 -89.19983 -74.36718 -59.51600 -44.64998 -29.77284 -14.88827 0.00000 0.00000
-14.44514 -28.88668 -43.32102 -57.74456 -72.15371 -86.54488 -100.91448 -115.25893 -129.57466 -143.85809 -158.10568 -172.31385 -186.47909 -200.59785 -214.66661 -228.68188 -242.64015 -256.53795 -270.37182 -284.13831 -297.83398 -311.45543 -324.99925 -338.46208 -351.84056 -365.13135 -378.33114 -391.43665 -404.44460 -417.35175 -430.15489 -442.85083 -455.43640 -467.90846 -480.26392 -492.49968 -504.61270 -516.59996 -528.45847 -540.18528 -551.77746 -563.23213 -574.54643 -585.71754 -596.74268 -607.61910 -618.34408 -628.91496 -639.32911 -649.58391 -659.67683 -669.60535 -679.36698 -688.95930 -698.37992 -707.62648 -716.69670 -725.58829 -734.29906 -742.82682 -751.16945 -759.32488 -767.29106 -775.06602 -782.64782 -790.03457 -797.22442 -804.21559 -811.00633 -817.59495 -823.97981 -830.15932 -836.13193 -841.89616 -847.45058 -852.79379 -857.92446 -862.84133 -867.54315 -872.02877 -876.29706 -880.34695 -884.17745 -887.78759 -891.17647 -894.34326 -897.28715 -900.00743 -902.50340 -904.77445 -906.82001 -908.63957 -910.23268 -911.59894 -912.73801 -913.64961 -914.33351 -914.78953 -915.01758 -915.01758 -914.78953 -914.33351 -913.64961 -912.73801 -911.59894 -910.23268 -908.63957 -906.82001 -904.77445 -902.50340 -900.00743 -897.28715 -894.34326 -891.17647 -887.78759 -884.17745 -880.34695 -876.29706 -872.02877 -867.54315 -862.84133 -857.92446 -852.79379 -847.45058 -841.89616 -836.13193 -830.15932 -823.97981 -817.59495 -811.00633 -804.21559 -797.22442 -790.03457 -782.64782 -775.06602 -767.29106 -759.32488 -751.16945 -742.82682 -734.29906 -725.58829 -716.69670 -707.62648 -698.37992 -688.95930 -679.36698 -669.60535 -659.67683 -649.58391 -639.32911 -628.91496 -618.34408 -607.61910 -596.74268 -585.71754 -574.54643 -563.23213 -551.77746 -540.18528 -528.45847 -516.59996 -504.61270 -492.49968 -480.26392 -467.90846 -455.43640 -442.85083 -430.15489 -417.35175 -404.44460 -391.43665 -378.33114 -365.13135 -351.84056 -338.46208 -324.99925 -311.45543 -297.83398 -284.13831 -270.37182 -256.53795 -242.64015 -228.68188 -214.66661 -200.59785 -186.47909 -172.31385 -158.10568 -143.85809 -129.57466 -115.25893 -100.91448 -86.54488 -72.15371 -57.74456 -43.32102 -28.88668 -14.44514 0.00000 0.00000
-13.99840 -27.99332 -41.98126 -55.95873 -69.92226 -83.86837 -97.79357 -111.69440 -125.56739 -139.40909 -153.21605 -166.98482 -180.71197 -194.39409 -208.02776 -221.60959 -235.13618 -248.60418 -262.01022 -275.35096 -288.62307 -301.82326 -314.94822 -327.99469 -340.95942 -353.83918 -366.63075 -379.33095 -391.93661 -404.44460 -416.85178 -429.15508 -441.35143 -453.43778 -465.41112 -477.26847 -489.00688 -500.62342 -512.11519 -523.47933 -534.71301 -545.81343 -556.77782 -567.60345 -578.28762 -588.82767 -599.22097 -609.46494 -619.55701 -629.49467 -639.27546 -648.89692 -658.35666 -667.65232 -676.78160 -685.74220 -694.53190 -703.14852 -711.58989 -719.85392 -727.93854 -735.84175 -743.56157 -751.09608 -758.44341 -765.60171 -772.56920 -779.34416 -785.92489 -792.30975 -798.49715 -804.48554 -810.27345 -815.85941 -821.24205 -826.42001 -831.39202 -836.15682 -840.71323 -845.06013 -849.19641 -853.12106 -856.83309 -860.33158 -863.61566 -866.68451 -869.53736 -872.17351 -874.59229 -876.79310 -878.77540 -880.53869 -882.08253 -883.40654 -884.51038 -885.39379 -886.05654 -886.49846 -886.71945 -886.71945 -886.49846 -886.05654 -885.39379 -884.51038 -883.40654 -882.08253 -880.53869 -878.77540 -876.79310 -874.59229 -872.17351 -869.53736 -866.68451 -863.61566 -860.33158 -856.83309 -853.12106 -849.19641 -845.06013 -840.71323 -836.15682 -831.39202 -826.42001 -821.24205 -815.85941 -810.27345 -804.48554 -798.49715 -792.30975 -785.92489 -779.34416 -772.56920 -765.60171 -758.44341 -751.09608 -743.56157 -735.84175 -727.93854 -719.85392 -711.58989 -703.14852 -694.53190 -685.74220 -676.78160 -667.65232 -658.35666 -648.89692 -639.27546 -629.49467 -619.55701 -609.46494 -599.22097 -588.82767 -578.28762 -567.60345 -556.77782 -545.81343 -534.71301 -523.47933 -512.11519 -500.62342 -489.00688 -477.26847 -465.41112 -453.43778 -441.35143 -429.15508 -416.85178 -404.44460 -391.93661 -379.33095 -366.63075 -353.83918 -340.95942 -327.99469 -314.94822 -301.82326 -288.62307 -275.35096 -262.01022 -248.60418 -235.13618 -221.60959 -208.02776 -194.39409 -180.71197 -166.98482 -153.21605 -139.40909 -125.56739 -111.69440 -97.79357 -83.86837 -69.92226 -55.95873 -41.98126 -27.99332 -13.99840 0.00000 0.00000
-13.54818 -27.09298 -40.63104 -54.15896 -67.67339 -81.17095 -94.64828 -108.10203 -121.52883 -134.92535 -148.28824 -161.61417 -174.89983 -188.14189 -201.33707 -214.48207 -227.57362 -240.60845 -253.58331 -266.49498 -279.34023 -292.11587 -304.81870 -317.44556 -329.99332 -342.45883 -354.83899 -367.13072 -379.33095 -391.43665 -403.44479 -415.35238 -427.15646 -438.85408 -450.44233 -461.91833 -473.27920 -484.52212 -495.64429 -506.64293 -517.51531 -528.25871 -538.87046 -549.34791 -559.68845 -569.88950 -579.94853 -589.86302 -599.63051 -609.24855 -618.71476 -628.02677 -637.18226 -646.17896 -655.01461 -663.68702 -672.19402 -680.53350 -688.70338 -696.70161 -704.52622 -712.17524 -719.64677 -726.93895 -734.04997 -740.97804 -747.72145 -754.27850 -760.64758 -766.82709 -772.81548 -778.61128 -784.21303 -789.61933 -794.82885 -799.84028 -804.65237 -809.26392 -813.67379 -817.88088 -821.88413 -825.68255 -829.27520 -832.66117 -835.83962 -838.80977 -841.57087 -844.12223 -846.46321 -848.59324 -850.51179 -852.21836 -853.71255 -854.99398 -856.06232 -856.91731 -857.55874 -857.98645 -858.20033 -858.20033 -857.98645 -857.55874 -856.91731 -856.06232 -854.99398 -853.71255 -852.21836 -850.51179 -848.59324 -846.46321 -844.12223 -841.57087 -838.80977 -835.83962 -832.66117 -829.27520 -825.68255 -821.88413 -817.88088 -813.67379 -809.26392 -804.65237 -799.84028 -794.82885 -789.61933 -784.21303 -778.61128 -772.81548 -766.82709 -760.64758 -754.27850 -747.72145 -740.97804 -734.04997 -726.93895 -719.64677 -712.17524 -704.52622 -696.70161 -688.70338 -680.53350 -672.19402 -663.68702 -655.01461 -646.17896 -637.18226 -628.02677 -618.71476 -609.24855 -599.63051 -589.86302 -579.94853 -569.88950 -559.68845 -549.34791 -538.87046 -528.25871 -517.51531 -506.64293 -495.64429 -484.52212 -473.27920 -461.91833 -450.44233 -438.85408 -427.15646 -415.35238 -403.44479 -391.43665 -379.33095 -367.13072 -354.83899 -342.45883 -329.99332 -317.44556 -304.81870 -292.11587 -279.34023 -266.49498 -253.58331 -240.60845 -227.57362 -214.48207 -201.33707 -188.14189 -174.89983 -161.61417 -148.28824 -134.92535 -121.52883 -108.10203 -94.64828 -81.17095 -67.67339 -54.15896 -40.63104 -27.09298 -13.54818 0.00000 0.00000
-13.09458 -26.18590 -39.27069 -52.34569 -65.40765 -78.45331 -91.47941 -104.48272 -117.45998 -130.40798 -143.32347 -156.20324 -169.04409 -181.84280 -194.59620 -207.30110 -219.95433 -232.55275 -245.09321 -257.57259 -269.98777 -282.33567 -294.61321 -306.81732 -318.94497 -330.99313 -342.95879 -354.83899 -366.63075 -378.33114 -389.93724 -401.44616 -412.85504 -424.16102 -435.36129 -446.45306 -457.43356 -468.30006 -479.04986 -489.68026 -500.18862 -510.57233 -520.82879 -530.95545 -540.94978 -550.80930 -560.53155 -570.11410 -579.55456 -588.85059 -597.99986 -607.00010 -615.84907 -624.54454 -633.08438 -641.46643 -649.68861 -657.74888 -665.64523 -673.37568 -680.93831 -688.33124 -695.55262 -702.60066 -709.47359 -716.16971 -722.68734 -729.02486 -735.18070 -741.15331 -746.94121 -752.54296 -757.95716 -763.18246 -768.21756 -773.06121 -777.71219 -782.16934 -786.43157 -790.49780 -794.36702 -798.03827 -801.51063 -804.78324 -807.85527 -810.72598 -813.39463 -815.86057 -818.12318 -820.18190 -822.03621 -823.68565 -825.12981 -826.36833 -827.40090 -828.22727 -828.84723 -829.26062 -829.46734 -829.46734 -829.26062 -828.84723 -828.22727 -827.40090 -826.36833 -825.12981 -823.68565 -822.03621 -820.18190 -818.12318 -815.86057 -813.39463 -810.72598 -807.85527 -804.78324 -801.51063 -798.03827 -794.36702 -790.49780 -786.43157 -782.16934 -777.71219 -773.06121 -768.21756 -763.18246 -757.95716 -752.54296 -746.94121 -741.15331 -735.18070 -729.02486 -722.68734 -716.16971 -709.47359 -702.60066 -695.55262 -688.33124 -680.93831 -673.37568 -665.64523 -657.74888 -649.68861 -641.46643 -633.08438 -624.54454 -615.84907 -607.00010 -597.99986 -588.85059 -579.55456 -570.11410 -560.53155 -550.80930 -540.94978 -530.95545 -520.82879 -510.57233 -500.18862 -489.68026 -479.04986 -468.30006 -457.43356 -446.45306 -435.36129 -424.16102 -412.85504 -401.44616 -389.93724 -378.33114 -366.63075 -354.83899 -342.95879 -330.99313 -318.94497 -306.81732 -294.61321 -282.33567 -269.98777 -257.57259 -245.09321 -232.55275 -219.95433 -207.30110 -194.59620 -181.84280 -169.04409 -156.20324 -143.32347 -130.40798 -117.45998 -104.48272 -91.47941 -78.45331 -65.40765 -52.34569 -39.27069 -26.18590 -13.09458 0.00000 0.00000
-12.63772 -25.27228 -37.90055 -50.51937 -63.12561 -75.71611 -88.28774 -100.83736 -113.36186 -125.85810 -138.32298 -150.75339 -163.14622 -175.49839 -187.80683 -200.06846 -212.28023 -224.43910 -236.54203 -248.58600 -260.56803 -272.48512 -284.33430 -296.11261 -307.81713 -319.44493 -330.99313 -342.45883 -353.83918 -365.13135 -376.33252 -387.43990 -398.45072 -409.36224 -420.17174 -430.87652 -441.47392 -451.96130 -462.33604 -472.59555 -482.73728 -492.75871 -502.65732 -512.43067 -522.07631 -531.59183 -540.97487 -550.22309 -559.33418 -568.30587 -577.13593 -585.82216 -594.36239 -602.75448 -610.99636 -619.08597 -627.02129 -634.80034 -642.42118 -649.88192 -657.18070 -664.31569 -671.28512 -678.08726 -684.72040 -691.18289 -697.47312 -703.58954 -709.53060 -715.29483 -720.88079 -726.28710 -731.51240 -736.55539 -741.41482 -746.08947 -750.57818 -754.87983 -758.99335 -762.91771 -766.65194 -770.19510 -773.54631 -776.70473 -779.66959 -782.44014 -785.01568 -787.39559 -789.57926 -791.56614 -793.35576 -794.94765 -796.34142 -797.53673 -798.53328 -799.33082 -799.92914 -800.32811 -800.52762 -800.52762 -800.32811 -799.92914 -799.33082 -798.53328 -797.53673 -796.34142 -794.94765 -793.35576 -791.56614 -789.57926 -787.39559 -785.01568 -782.44014 -779.66959 -776.70473 -773.54631 -770.19510 -766.65194 -762.91771 -758.99335 -754.87983 -750.57818 -746.08947 -741.41482 -736.55539 -731.51240 -726.28710 -720.88079 -715.29483 -709.53060 -703.58954 -697.47312 -691.18289 -684.72040 -678.08726 -671.28512 -664.31569 -657.18070 -649.88192 -642.42118 -634.80034 -627.02129 -619.08597 -610.99636 -602.75448 -594.36239 -585.82216 -577.13593 -568.30587 -559.33418 -550.22309 -540.97487 -531.59183 -522.07631 -512.43067 -502.65732 -492.75871 -482.73728 -472.59555 -462.33604 -451.96130 -441.47392 -430.87652 -420.17174 -409.36224 -398.45072 -387.43990 -376.33252 -365.13135 -353.83918 -342.45883 -330.99313 -319.44493 -307.81713 -296.11261 -284.33430 -272.48512 -260.56803 -248.58600 -236.54203 -224.43910 -212.28023 -200.06846 -187.80683 -175.49839 -163.14622 -150.75339 -138.32298 -125.85810 -113.36186 -100.83736 -88.28774 -75.71611 -63.12561 -50.51937 -37.90055 -25.27228 -12.63772 0.00000 0.00000
-12.17770 -24.35237 -36.52097 -48.68047 -60.82783 -72.96004 -85.07406 -97.16688 -109.23549 -121.27687 -133.28802 -145.26596 -157.20769 -169.11025 -180.97066 -192.78596 -204.55323 -216.26951 -227.93189 -239.53747 -251.08335 -262.56665 -273.98452 -285.33410 -296.61258 -307.81713 -318.94497 -329.99332 -340.95942 -351.84056 -362.63401 -373.33708 -383.94711 -394.46145 -404.87748 -415.19261 -425.40426 -435.50990 -445.50699 -455.39306 -465.16563 -474.82228 -484.36058 -493.77818 -503.07271 -512.24187 -521.28337 -530.19495 -538.97440 -547.61953 -556.12817 -564.49822 -572.72758 -580.81421 -588.75608 -596.55123 -604.19770 -611.69359 -619.03704 -626.22621 -633.25931 -640.13458 -646.85033 -653.40486 -659.79656 -666.02381 -672.08508 -677.97886 -683.70366 -689.25808 -694.64071 -699.85023 -704.88533 -709.74476 -714.42730 -718.93179 -723.25711 -727.40218 -731.36597 -735.14748 -738.74578 -742.15997 -745.38920 -748.43266 -751.28960 -753.95930 -756.44109 -758.73437 -760.83855 -762.75312 -764.47759 -766.01153 -767.35458 -768.50638 -769.46665 -770.23516 -770.81170 -771.19615 -771.38839 -771.38839 -771.19615 -770.81170 -770.23516 -769.46665 -768.50638 -767.35458 -766.01153 -764.47759 -762.75312 -760.83855 -758.73437 -756.44109 -753.95930 -751.28960 -748.43266 -745.38920 -742.15997 -738.74578 -735.14748 -731.36597 -727.40218 -723.25711 -718.93179 -714.42730 -709.74476 -704.88533 -699.85023 -694.64071 -689.25808 -683.70366 -677.97886 -672.08508 -666.02381 -659.79656 -653.40486 -646.85033 -640.13458 -633.25931 -626.22621 -619.03704 -611.69359 -604.19770 -596.55123 -588.75608 -580.81421 -572.72758 -564.49822 -556.12817 -547.61953 -538.97440 -530.19495 -521.28337 -512.24187 -503.07271 -493.77818 -484.36058 -474.82228 -465.16563 -455.39306 -445.50699 -435.50990 -425.40426 -415.19261 -404.87748 -394.46145 -383.94711 -373.33708 -362.63401 -351.84056 -340.95942 -329.99332 -318.94497 -307.81713 -296.61258 -285.33410 -273.98452 -262.56665 -251.08335 -239.53747 -227.93189 -216.26951 -204.55323 -192.78596 -180.97066 -169.11025 -157.20769 -145.26596 -133.28802 -121.27687 -109.23549 -97.16688 -85.07406 -72.96004 -60.82783 -48.68047 -36.52097 -24.35237 -12.17770 0.00000 0.00000
-11.71466 -23.42639 -35.13229 -46.82943 -58.51490 -70.18579 -81.83918 -93.47218 -105.08189 -116.66540 -128.21984 -139.74233 -151.22999 -162.67996 -174.08938 -185.45542 -196.77524 -208.04602 -219.26495 -230.42923 -241.53609 -252.58275 -263.56646 -274.48449 -285.33410 -296.11261 -306.81732 -317.44556 -327.99469 -338.46208 -348.84512 -359.14121 -369.34780 -379.46234 -389.48231 -399.40522 -409.22858 -418.94995 -428.56692 -438.07707 -447.47805 -456.76751 -465.94313 -475.00263 -483.94375 -492.76426 -501.46196 -510.03468 -518.48030 -526.79670 -534.98181 -543.03359 -550.95004 -558.72918 -566.36907 -573.86781 -581.22353 -588.43439 -595.49861 -602.41442 -609.18009 -615.79394 -622.25432 -628.55963 -634.70828 -640.69875 -646.52955 -652.19921 -657.70634 -663.04955 -668.22751 -673.23894 -678.08259 -682.75724 -687.26173 -691.59494 -695.75580 -699.74326 -703.55632 -707.19405 -710.65552 -713.93989 -717.04633 -719.97406 -722.72237 -725.29055 -727.67798 -729.88405 -731.90823 -733.74999 -735.40889 -736.88451 -738.17649 -739.28449 -740.20825 -740.94753 -741.50216 -741.87198 -742.05692 -742.05692 -741.87198 -741.50216 -740.94753 -740.20825 -739.28449 -738.17649 -736.88451 -735.40889 -733.74999 -731.90823 -729.88405 -727.67798 -725.29055 -722.72237 -719.97406 -717.04633 -713.93989 -710.65552 -707.19405 -703.55632 -699.74326 -695.75580 -691.59494 -687.26173 -682.75724 -678.08259 -673.23894 -668.22751 -663.04955 -657.70634 -652.19921 -646.52955 -640.69875 -634.70828 -628.55963 -622.25432 -615.79394 -609.18009 -602.41442 -595.49861 -588.43439 -581.22353 -573.86781 -566.36907 -558.72918 -550.95004 -543.03359 -534.98181 -526.79670 -518.48030 -510.03468 -501.46196 -492.76426 -483.94375 -475.00263 -465.94313 -456.76751 -447.47805 -438.07707 -428.56692 -418.94995 -409.22858 -399.40522 -389.48231 -379.46234 -369.34780 -359.14121 -348.84512 -338.46208 -327.99469 -317.44556 -306.81732 -296.11261 -285.33410 -274.48449 -263.56646 -252.58275 -241.53609 -230.42923 -219.26495 -208.04602 -196.77524 -185.45542 -174.08938 -162.67996 -151.22999 -139.74233 -128.21984 -116.66540 -105.08189 -93.47218 -81.83918 -70.18579 -58.51490 -46.82943 -35.13229 -23.42639 -11.71466 0.00000 0.00000
-11.24869 -22.49457 -33.73485 -44.96672 -56.18738 -67.39404 -78.58391 -89.75419 -100.90210 -112.02486 -123.11971 -134.18387 -145.21459 -156.20912 -167.16472 -178.07866 -188.94821 -199.77068 -210.54336 -221.26357 -231.92864 -242.53590 -253.08272 -263.56646 -273.98452 -284.33430 -294.61321 -304.81870 -314.94822 -324.99925 -334.96929 -344.85584 -354.65645 -364.36867 -373.99008 -383.51828 -392.95091 -402.28560 -411.52004 -420.65191 -429.67895 -438.59891 -447.40956 -456.10870 -464.69417 -473.16383 -481.51557 -489.74730 -497.85698 -505.84258 -513.70212 -521.43363 -529.03519 -536.50490 -543.84090 -551.04137 -558.10450 -565.02855 -571.81178 -578.45250 -584.94905 -591.29983 -597.50324 -603.55774 -609.46182 -615.21401 -620.81288 -626.25703 -631.54510 -636.67578 -641.64778 -646.45987 -651.11085 -655.59956 -659.92488 -664.08574 -668.08109 -671.90994 -675.57133 -679.06436 -682.38815 -685.54188 -688.52475 -691.33603 -693.97502 -696.44105 -698.73351 -700.85184 -702.79550 -704.56400 -706.15692 -707.57384 -708.81443 -709.87836 -710.76538 -711.47525 -712.00782 -712.36293 -712.54051 -712.54051 -712.36293 -712.00782 -711.47525 -710.76538 -709.87836 -708.81443 -707.57384 -706.15692 -704.56400 -702.79550 -700.85184 -698.73351 -696.44105 -693.97502 -691.33603 -688.52475 -685.54188 -682.38815 -679.06436 -675.57133 -671.90994 -668.08109 -664.08574 -659.92488 -655.59956 -651.11085 -646.45987 -641.64778 -636.67578 -631.54510 -626.25703 -620.81288 -615.21401 -609.46182 -603.55774 -597.50324 -591.29983 -584.94905 -578.45250 -571.81178 -565.02855 -558.10450 -551.04137 -543.84090 -536.50490 -529.03519 -521.43363 -513.70212 -505.84258 -497.85698 -489.74730 -481.51557 -473.16383 -464.69417 -456.10870 -447.40956 -438.59891 -429.67895 -420.65191 -411.52004 -402.28560 -392.95091 -383.51828 -373.99008 -364.36867 -354.65645 -344.85584 -334.96929 -324.99925 -314.94822 -304.81870 -294.61321 -284.33430 -273.98452 -263.56646 -253.08272 -242.53590 -231.92864 -221.26357 -210.54336 -199.77068 -188.94821 -178.07866 -167.16472 -156.20912 -145.21459 -134.18387 -123.11971 -112.02486 -100.90210 -89.75419 -78.58391 -67.39404 -56.18738 -44.96672 -33.73485 -22.49457 -11.24869 0.00000 0.00000
-10.77992 -21.55715 -32.32900 -43.09280 -53.84586 -64.58550 -75.30905 -86.01383 -96.69717 -107.35641 -117.98889 -128.59197 -139.16301 -149.69936 -160.19840 -170.65751 -181.07410 -191.44556 -201.76930 -212.04276 -222.26338 -232.42860 -242.53590 -252.58275 -262.56665 -272.48512 -282.33567 -292.11587 -301.82326 -311.45543 -321.00998 -330.48452 -339.87671 -349.18419 -358.40464 -367.53577 -376.57531 -385.52099 -394.37060 -403.12192 -411.77277 -420.32100 -428.76448 -437.10110 -445.32878 -453.44548 -461.44918 -469.33787 -477.10959 -484.76240 -492.29440 -499.70372 -506.98849 -514.14691 -521.17720 -528.07760 -534.84639 -541.48189 -547.98243 -554.34641 -560.57223 -566.65835 -572.60325 -578.40544 -584.06347 -589.57595 -594.94150 -600.15877 -605.22647 -610.14333 -614.90813 -619.51969 -623.97685 -628.27850 -632.42357 -636.41102 -640.23987 -643.90916 -647.41797 -650.76544 -653.95071 -656.97301 -659.83158 -662.52571 -665.05472 -667.41798 -669.61491 -671.64496 -673.50762 -675.20242 -676.72896 -678.08683 -679.27572 -680.29531 -681.14536 -681.82566 -682.33603 -682.67634 -682.84652 -682.84652 -682.67634 -682.33603 -681.82566 -681.14536 -680.29531 -679.27572 -678.08683 -676.72896 -675.20242 -673.50762 -671.64496 -669.61491 -667.41798 -665.05472 -662.52571 -659.83158 -656.97301 -653.95071 -650.76544 -647.41797 -643.90916 -640.23987 -636.41102 -632.42357 -628.27850 -623.97685 -619.51969 -614.90813 -610.14333 -605.22647 -600.15877 -594.94150 -589.57595 -584.06347 -578.40544 -572.60325 -566.65835 -560.57223 -554.34641 -547.98243 -541.48189 -534.84639 -528.07760 -521.17720 -514.14691 -506.98849 -499.70372 -492.29440 -484.76240 -477.10959 -469.33787 -461.44918 -453.44548 -445.32878 -437.10110 -428.76448 -420.32100 -411.77277 -403.12192 -394.37060 -385.52099 -376.57531 -367.53577 -358.40464 -349.18419 -339.87671 -330.48452 -321.00998 -311.45543 -301.82326 -292.11587 -282.33567 -272.48512 -262.56665 -252.58275 -242.53590 -232.42860 -222.26338 -212.04276 -201.76930 -191.44556 -181.07410 -170.65751 -160.19840 -149.69936 -139.16301 -128.59197 -117.98889 -107.35641 -96.69717 -86.01383 -75.30905 -64.58550 -53.84586 -43.09280 -32.32900 -21.55715 -10.77992 0.00000 0.00000
-10.30846 -20.61435 -30.91510 -41.20815 -51.49092 -61.76087 -72.01542 -82.25203 -92.46813 -102.66119 -112.82867 -122.96803 -133.07674 -143.15228 -153.19215 -163.19384 -173.15486 -183.07272 -192.94496 -202.76911 -212.54273 -222.26338 -231.92864 -241.53609 -251.08335 -260.56803 -269.98777 -279.34023 -288.62307 -297.83398 -306.97066 -316.03084 -325.01226 -333.91268 -342.72988 -351.46166 -360.10586 -368.66030 -377.12287 -385.49145 -393.76396 -401.93834 -410.01254 -417.98456 -425.85241 -433.61413 -441.26778 -448.81146 -456.24329 -463.56141 -470.76400 -477.84926 -484.81544 -491.66079 -498.38361 -504.98222 -511.45498 -517.80027 -524.01652 -530.10217 -536.05571 -541.87565 -547.56055 -553.10898 -558.51956 -563.79096 -568.92184 -573.91093 -578.75700 -583.45882 -588.01524 -592.42511 -596.68733 -600.80085 -604.76464 -608.57770 -612.23910 -615.74791 -619.10327 -622.30433 -625.35030 -628.24042 -630.97397 -633.55027 -635.96867 -638.22858 -640.32942 -642.27069 -644.05188 -645.67257 -647.13234 -648.43083 -649.56772 -650.54272 -651.35559 -652.00614 -652.49418 -652.81962 -652.98235 -652.98235 -652.81962 -652.49418 -652.00614 -651.35559 -650.54272 -649.56772 -648.43083 -647.13234 -645.67257 -644.05188 -642.27069 -640.32942 -638.22858 -635.96867 -633.55027 -630.97397 -628.24042 -625.35030 -622.30433 -619.10327 -615.74791 -612.23910 -608.57770 -604.76464 -600.80085 -596.68733 -592.42511 -588.01524 -583.45882 -578.75700 -573.91093 -568.92184 -563.79096 -558.51956 -553.10898 -547.56055 -541.87565 -536.05571 -530.10217 -524.01652 -517.80027 -511.45498 -504.98222 -498.38361 -491.66079 -484.81544 -477.84926 -470.76400 -463.56141 -456.24329 -448.81146 -441.26778 -433.61413 -425.85241 -417.98456 -410.01254 -401.93834 -393.76396 -385.49145 -377.12287 -368.66030 -360.10586 -351.46166 -342.72988 -333.91268 -325.01226 -316.03084 -306.97066 -297.83398 -288.62307 -279.34023 -269.98777 -260.56803 -251.08335 -241.53609 -231.92864 -222.26338 -212.54273 -202.76911 -192.94496 -183.07272 -173.15486 -163.19384 -153.19215 -143.15228 -133.07674 -122.96803 -112.82867 -102.66119 -92.46813 -82.25203 -72.01542 -61.76087 -51.49092 -41.20815 -30.91510 -20.61435 -10.30846 0.00000 0.00000
-9.83443 -19.66641 -29.49349 -39.31322 -49.12315 -58.92084 -68.70385 -78.46973 -88.21606 -97.94040 -107.64033 -117.31343 -126.95730 -136.56953 -146.14772 -155.68949 -165.19246 -174.65426 -184.07253 -193.44493 -202.76911 -212.04276 -221.26357 -230.42923 -239.53747 -248.58600 -257.57259 -266.49498 -275.35096 -284.13831 -292.85485 -301.49840 -310.06682 -318.55795 -326.96970 -335.29996 -343.54666 -351.70773 -359.78116 -367.76492 -375.65702 -383.45550 -391.15842 -398.76385 -406.26991 -413.67471 -420.97641 -428.17320 -435.26328 -442.24488 -449.11627 -455.87572 -462.52157 -469.05214 -475.46581 -481.76099 -487.93611 -493.98962 -499.92001 -505.72582 -511.40559 -516.95791 -522.38139 -527.67468 -532.83646 -537.86545 -542.76039 -547.52007 -552.14329 -556.62890 -560.97580 -565.18288 -569.24911 -573.17347 -576.95499 -580.59271 -584.08574 -587.43320 -590.63427 -593.68813 -596.59403 -599.35125 -601.95910 -604.41693 -606.72413 -608.88011 -610.88436 -612.73635 -614.43564 -615.98180 -617.37444 -618.61322 -619.69783 -620.62800 -621.40349 -622.02412 -622.48973 -622.80020 -622.95545 -622.95545 -622.80020 -622.48973 -622.02412 -621.40349 -620.62800 -619.69783 -618.61322 -617.37444 -615.98180 -614.43564 -612.73635 -610.88436 -608.88011 -606.72413 -604.41693 -601.95910 -599.35125 -596.59403 -593.68813 -590.63427 -587.43320 -584.08574 -580.59271 -576.95499 -573.17347 -569.24911 -565.18288 -560.97580 -556.62890 -552.14329 -547.52007 -542.76039 -537.86545 -532.83646 -527.67468 -522.38139 -516.95791 -511.40559 -505.72582 -499.92001 -493.98962 -487.93611 -481.76099 -475.46581 -469.05214 -462.52157 -455.87572 -449.11627 -442.24488 -435.26328 -428.17320 -420.97641 -413.67471 -406.26991 -398.76385 -391.15842 -383.45550 -375.65702 -367.76492 -359.78116 -351.70773 -343.54666 -335.29996 -326.96970 -318.55795 -310.06682 -301.49840 -292.85485 -284.13831 -275.35096 -266.49498 -257.57259 -248.58600 -239.53747 -230.42923 -221.26357 -212.04276 -202.76911 -193.44493 -184.07253 -174.65426 -165.19246 -155.68949 -146.14772 -136.56953 -126.95730 -117.31343 -107.64033 -97.94040 -88.21606 -78.46973 -68.70385 -58.92084 -49.12315 -39.31322 -29.49349 -19.66641 -9.83443 0.00000 0.00000
-9.35795 -18.71358 -28.06453 -37.40850 -46.74314 -56.06613 -65.37515 -74.66788 -83.94199 -93.19519 -102.42516 -111.62960 -120.80623 -129.95274 -139.06687 -148.14634 -157.18889 -166.19227 -175.15423 -184.07253 -192.94496 -201.76930 -210.54336 -219.26495 -227.93189 -236.54203 -245.09321 -253.58331 -262.01022 -270.37182 -278.66605 -286.89082 -295.04409 -303.12384 -311.12804 -319.05470 -326.90184 -334.66751 -342.34978 -349.94673 -357.45646 -364.87710 -372.20682 -379.44377 -386.58615 -393.63219 -400.58013 -407.42823 -414.17480 -420.81814 -427.35661 -433.78857 -440.11242 -446.32659 -452.42952 -458.41970 -464.29563 -470.05585 -475.69892 -481.22343 -486.62802 -491.91132 -497.07203 -502.10887 -507.02056 -511.80590 -516.46368 -520.99275 -525.39198 -529.66026 -533.79655 -537.79980 -541.66902 -545.40325 -549.00155 -552.46303 -555.78682 -558.97210 -562.01807 -564.92397 -567.68908 -570.31272 -572.79422 -575.13296 -577.32838 -579.37990 -581.28704 -583.04931 -584.66627 -586.13751 -587.46268 -588.64145 -589.67351 -590.55861 -591.29653 -591.88709 -592.33013 -592.62556 -592.77329 -592.77329 -592.62556 -592.33013 -591.88709 -591.29653 -590.55861 -589.67351 -588.64145 -587.46268 -586.13751 -584.66627 -583.04931 -581.28704 -579.37990 -577.32838 -575.13296 -572.79422 -570.31272 -567.68908 -564.92397 -562.01807 -558.97210 -555.78682 -552.46303 -549.00155 -545.40325 -541.66902 -537.79980 -533.79655 -529.66026 -525.39198 -520.99275 -516.46368 -511.80590 -507.02056 -502.10887 -497.07203 -491.91132 -486.62802 -481.22343 -475.69892 -470.05585 -464.29563 -458.41970 -452.42952 -446.32659 -440.11242 -433.78857 -427.35661 -420.81814 -414.17480 -407.42823 -400.58013 -393.63219 -386.58615 -379.44377 -372.20682 -364.87710 -357.45646 -349.94673 -342.34978 -334.66751 -326.90184 -319.05470 -311.12804 -303.12384 -295.04409 -286.89082 -278.66605 -270.37182 -262.01022 -253.58331 -245.09321 -236.54203 -227.93189 -219.26495 -210.54336 -201.76930 -192.94496 -184.07253 -175.15423 -166.19227 -157.18889 -148.14634 -139.06687 -129.95274 -120.80623 -111.62960 -102.42516 -93.19519 -83.94199 -74.66788 -65.37515 -56.06613 -46.74314 -37.40850 -28.06453 -18.71358 -9.35795 0.00000 0.00000
-8.87914 -17.75608 -26.62858 -35.49445 -44.35148 -53.19745 -62.03016 -70.84741 -79.64701 -88.42676 -97.18447 -105.91795 -114.62505 -123.30357 -131.95137 -140.56628 -149.14615 -157.68886 -166.19227 -174.65426 -183.07272 -191.44556 -199.77068 -208.04602 -216.26951 -224.43910 -232.55275 -240.60845 -248.60418 -256.53795 -264.40779 -272.21174 -279.94784 -287.61418 -295.20883 -302.72992 -310.17555 -317.54389 -324.83308 -332.04132 -339.16681 -346.20777 -353.16245 -360.02911 -366.80605 -373.49157 -380.08401 -386.58172 -392.98309 -399.28652 -405.49044 -411.59330 -417.59359 -423.48980 -429.28047 -434.96416 -440.53944 -446.00493 -451.35926 -456.60111 -461.72916 -466.74214 -471.63880 -476.41792 -481.07830 -485.61879 -490.03825 -494.33559 -498.50972 -502.55962 -506.48427 -510.28269 -513.95394 -517.49710 -520.91129 -524.19565 -527.34938 -530.37168 -533.26180 -536.01902 -538.64265 -541.13205 -543.48658 -545.70566 -547.78874 -549.73530 -551.54486 -553.21696 -554.75118 -556.14715 -557.40452 -558.52297 -559.50222 -560.34203 -561.04220 -561.60254 -562.02292 -562.30323 -562.44340 -562.44340 -562.30323 -562.02292 -561.60254 -561.04220 -560.34203 -559.50222 -558.52297 -557.40452 -556.14715 -554.75118 -553.21696 -551.54486 -549.73530 -547.78874 -545.70566 -543.48658 -541.13205 -538.64265 -536.01902 -533.26180 -530.37168 -527.34938 -524.19565 -520.91129 -517.49710 -513.95394 -510.28269 -506.48427 -502.55962 -498.50972 -494.33559 -490.03825 -485.61879 -481.07830 -476.41792 -471.63880 -466.74214 -461.72916 -456.60111 -451.35926 -446.00493 -440.53944 -434.96416 -429.28047 -423.48980 -417.59359 -411.59330 -405.49044 -399.28652 -392.98309 -386.58172 -380.08401 -373.49157 -366.80605 -360.02911 -353.16245 -346.20777 -339.16681 -332.04132 -324.83308 -317.54389 -310.17555 -302.72992 -295.20883 -287.61418 -279.94784 -272.21174 -264.40779 -256.53795 -248.60418 -240.60845 -232.55275 -224.43910 -216.26951 -208.04602 -199.77068 -191.44556 -183.07272 -174.65426 -166.19227 -157.68886 -149.14615 -140.56628 -131.95137 -123.30357 -114.62505 -105.91795 -97.18447 -88.42676 -79.64701 -70.84741 -62.03016 -53.19745 -44.35148 -35.49445 -26.62858 -17.75608 -8.87914 0.00000 0.00000
-8.39812 -16.79415 -25.18599 -33.57156 -41.94876 -50.31550 -58.66971 -67.00929 -75.33218 -83.63628 -91.91955 -100.17991 -108.41530 -116.62367 -124.80297 -132.95117 -141.06624 -149.14615 -157.18889 -165.19246 -173.15486 -181.07410 -188.94821 -196.77524 -204.55323 -212.28023 -219.95433 -227.57362 -235.13618 -242.64015 -250.08365 -257.46482 -264.78182 -272.03284 -279.21606 -286.32969 -293.37196 -300.34112 -307.23543 -314.05316 -320.79263 -327.45215 -334.03007 -340.52473 -346.93453 -353.25787 -359.49317 -365.63887 -371.69345 -377.65539 -383.52322 -389.29546 -394.97069 -400.54747 -406.02444 -411.40021 -416.67345 -421.84285 -426.90712 -431.86500 -436.71524 -441.45665 -446.08803 -450.60824 -455.01615 -459.31066 -463.49070 -467.55523 -471.50323 -475.33373 -479.04576 -482.63840 -486.11077 -489.46198 -492.69120 -495.79764 -498.78052 -501.63909 -504.37264 -506.98049 -509.46198 -511.81652 -514.04349 -516.14236 -518.11259 -519.95369 -521.66522 -523.24673 -524.69784 -526.01818 -527.20743 -528.26529 -529.19149 -529.98581 -530.64804 -531.17803 -531.57563 -531.84076 -531.97334 -531.97334 -531.84076 -531.57563 -531.17803 -530.64804 -529.98581 -529.19149 -528.26529 -527.20743 -526.01818 -524.69784 -523.24673 -521.66522 -519.95369 -518.11259 -516.14236 -514.04349 -511.81652 -509.46198 -506.98049 -504.37264 -501.63909 -498.78052 -495.79764 -492.69120 -489.46198 -486.11077 -482.63840 -479.04576 -475.33373 -471.50323 -467.55523 -463.49070 -459.31066 -455.01615 -450.60824 -446.08803 -441.45665 -436.71524 -431.86500 -426.90712 -421.84285 -416.67345 -411.40021 -406.02444 -400.54747 -394.97069 -389.29546 -383.52322 -377.65539 -371.69345 -365.63887 -359.49317 -353.25787 -346.93453 -340.52473 -334.03007 -327.45215 -320.79263 -314.05316 -307.23543 -300.34112 -293.37196 -286.32969 -279.21606 -272.03284 -264.78182 -257.46482 -250.08365 -242.64015 -235.13618 -227.57362 -219.95433 -212.28023 -204.55323 -196.77524 -188.94821 -181.07410 -173.15486 -165.19246 -157.18889 -149.14615 -141.06624 -132.95117 -124.80297 -116.62367 -108.41530 -100.17991 -91.91955 -83.63628 -75.33218 -67.00929 -58.66971 -50.31550 -41.94876 -33.57156 -25.18599 -16.79415 -8.39812 0.00000 0.00000
-7.91501 -15.82804 -23.73713 -31.64030 -39.53559 -47.42102 -55.29464 -63.15447 -70.99857 -78.82497 -86.63173 -94.41689 -102.17853 -109.91470 -117.62348 -125.30294 -132.95117 -140.56628 -148.14634 -155.68949 -163.19384 -170.65751 -178.07866 -185.45542 -192.78596 -200.06846 -207.30110 -214.48207 -221.60959 -228.68188 -235.69717 -242.65373 -249.54981 -256.38370 -263.15369 -269.85810 -276.49526 -283.06350 -289.56120 -295.98674 -302.33851 -308.61493 -314.81444 -320.93549 -326.97655 -332.93613 -338.81273 -344.60489 -350.31117 -355.93015 -361.46042 -366.90060 -372.24935 -377.50532 -382.66721 -387.73374 -392.70363 -397.57565 -402.34859 -407.02125 -411.59248 -416.06112 -420.42608 -424.68626 -428.84060 -432.88806 -436.82763 -440.65834 -444.37923 -447.98937 -451.48786 -454.87384 -458.14644 -461.30487 -464.34833 -467.27607 -470.08735 -472.78147 -475.35777 -477.81560 -480.15435 -482.37343 -484.47229 -486.45042 -488.30731 -490.04250 -491.65557 -493.14610 -494.51373 -495.75812 -496.87896 -497.87596 -498.74888 -499.49750 -500.12164 -500.62114 -500.99587 -501.24574 -501.37070 -501.37070 -501.24574 -500.99587 -500.62114 -500.12164 -499.49750 -498.74888 -497.87596 -496.87896 -495.75812 -494.51373 -493.14610 -491.65557 -490.04250 -488.30731 -486.45042 -484.47229 -482.37343 -480.15435 -477.81560 -475.35777 -472.78147 -470.08735 -467.27607 -464.34833 -461.30487 -458.14644 -454.87384 -451.48786 -447.98937 -444.37923 -440.65834 -436.82763 -432.88806 -428.84060 -424.68626 -420.42608 -416.06112 -411.59248 -407.02125 -402.34859 -397.57565 -392.70363 -387.73374 -382.66721 -377.50532 -372.24935 -366.90060 -361.46042 -355.93015 -350.31117 -344.60489 -338.81273 -332.93613 -326.97655 -320.93549 -314.81444 -308.61493 -302.33851 -295.98674 -289.56120 -283.06350 -276.49526 -269.85810 -263.15369 -256.38370 -249.54981 -242.65373 -235.69717 -228.68188 -221.60959 -214.48207 -207.30110 -200.06846 -192.78596 -185.45542 -178.07866 -170.65751 -163.19384 -155.68949 -148.14634 -140.56628 -132.95117 -125.30294 -117.62348 -109.91470 -102.17853 -94.41689 -86.63173 -78.82497 -70.99857 -63.15447 -55.29464 -47.42102 -39.53559 -31.64030 -23.73713 -15.82804 -7.91501 0.00000 0.00000
-7.42992 -14.85798 -22.28235 -29.70116 -37.11256 -44.51472 -51.90579 -59.28391 -66.64727 -73.99401 -81.32231 -88.63035 -95.91629 -103.17834 -110.41467 -117.62348 -124.80297 -131.95137 -139.06687 -146.14772 -153.19215 -160.19840 -167.16472 -174.08938 -180.97066 -187.80683 -194.59620 -201.33707 -208.02776 -214.66661 -221.25196 -227.78217 -234.25561 -240.67067 -247.02575 -253.31926 -259.54964 -265.71534 -271.81481 -277.84655 -283.80904 -289.70079 -295.52035 -301.26626 -306.93708 -312.53141 -318.04785 -323.48503 -328.84159 -334.11619 -339.30753 -344.41430 -349.43524 -354.36909 -359.21462 -363.97063 -368.63593 -373.20936 -377.68978 -382.07607 -386.36714 -390.56191 -394.65935 -398.65844 -402.55817 -406.35757 -410.05570 -413.65164 -417.14449 -420.53337 -423.81745 -426.99590 -430.06794 -433.03280 -435.88973 -438.63804 -441.27702 -443.80603 -446.22443 -448.53163 -450.72704 -452.81012 -454.78035 -456.63724 -458.38033 -460.00918 -461.52339 -462.92257 -464.20638 -465.37451 -466.42665 -467.36255 -468.18197 -468.88471 -469.47060 -469.93948 -470.29125 -470.52581 -470.64310 -470.64310 -470.52581 -470.29125 -469.93948 -469.47060 -468.88471 -468.18197 -467.36255 -466.42665 -465.37451 -464.20638 -462.92257 -461.52339 -460.00918 -458.38033 -456.63724 -454.78035 -452.81012 -450.72704 -448.53163 -446.22443 -443.80603 -441.27702 -438.63804 -435.88973 -433.03280 -430.06794 -426.99590 -423.81745 -420.53337 -417.14449 -413.65164 -410.05570 -406.35757 -402.55817 -398.65844 -394.65935 -390.56191 -386.36714 -382.07607 -377.68978 -373.20936 -368.63593 -363.97063 -359.21462 -354.36909 -349.43524 -344.41430 -339.30753 -334.11619 -328.84159 -323.48503 -318.04785 -312.53141 -306.93708 -301.26626 -295.52035 -289.70079 -283.80904 -277.84655 -271.81481 -265.71534 -259.54964 -253.31926 -247.02575 -240.67067 -234.25561 -227.78217 -221.25196 -214.66661 -208.02776 -201.33707 -194.59620 -187.80683 -180.97066 -174.08938 -167.16472 -160.19840 -153.19215 -146.14772 -139.06687 -131.95137 -124.80297 -117.62348 -110.41467 -103.17834 -95.91629 -88.63035 -81.32231 -73.99401 -66.64727 -59.28391 -51.90579 -44.51472 -37.11256 -29.70116 -22.28235 -14.85798 -7.42992 0.00000 0.00000
-6.94298 -13.88422 -20.82201 -27.75461 -34.68029 -41.59733 -48.50400 -55.39858 -62.27936 -69.14461 -75.99263 -82.82171 -89.63016 -96.41626 -103.17834 -109.91470 -116.62367 -123.30357 -129.95274 -136.56953 -143.15228 -149.69936 -156.20912 -162.67996 -169.11025 -175.49839 -181.84280 -188.14189 -194.39409 -200.59785 -206.75161 -212.85384 -218.90302 -224.89765 -230.83624 -236.71729 -242.53934 -248.30096 -254.00068 -259.63711 -265.20883 -270.71446 -276.15261 -281.52195 -286.82112 -292.04881 -297.20372 -302.28455 -307.29005 -312.21897 -317.07008 -321.84216 -326.53404 -331.14454 -335.67250 -340.11682 -344.47636 -348.75006 -352.93684 -357.03566 -361.04551 -364.96537 -368.79427 -372.53126 -376.17541 -379.72581 -383.18158 -386.54184 -389.80578 -392.97256 -396.04141 -399.01155 -401.88226 -404.65281 -407.32250 -409.89069 -412.35672 -414.71998 -416.97989 -419.13588 -421.18741 -423.13397 -424.97507 -426.71027 -428.33912 -429.86122 -431.27618 -432.58367 -433.78334 -434.87491 -435.85810 -436.73266 -437.49838 -438.15507 -438.70255 -439.14071 -439.46942 -439.68861 -439.79821 -439.79821 -439.68861 -439.46942 -439.14071 -438.70255 -438.15507 -437.49838 -436.73266 -435.85810 -434.87491 -433.78334 -432.58367 -431.27618 -429.86122 -428.33912 -426.71027 -424.97507 -423.13397 -421.18741 -419.13588 -416.97989 -414.71998 -412.35672 -409.89069 -407.32250 -404.65281 -401.88226 -399.01155 -396.04141 -392.97256 -389.80578 -386.54184 -383.18158 -379.72581 -376.17541 -372.53126 -368.79427 -364.96537 -361.04551 -357.03566 -352.93684 -348.75006 -344.47636 -340.11682 -335.67250 -331.14454 -326.53404 -321.84216 -317.07008 -312.21897 -307.29005 -302.28455 -297.20372 -292.04881 -286.82112 -281.52195 -276.15261 -270.71446 -265.20883 -259.63711 -254.00068 -248.30096 -242.53934 -236.71729 -230.83624 -224.89765 -218.90302 -212.85384 -206.75161 -200.59785 -194.39409 -188.14189 -181.84280 -175.49839 -169.11025 -162.67996 -156.20912 -149.69936 -143.15228 -136.56953 -129.95274 -123.30357 -116.62367 -109.91470 -103.17834 -96.41626 -89.63016 -82.82171 -75.99263 -69.14461 -62.27936 -55.39858 -48.50400 -41.59733 -34.68029 -27.75461 -20.82201 -13.88422 -6.94298 0.00000 0.00000
-6.45431 -12.90701 -19.35649 -25.80114 -32.23937 -38.66957 -45.09012 -51.49944 -57.89592 -64.27798 -70.64401 -76.99244 -83.32168 -89.63016 -95.91629 -102.17853 -108.41530 -114.62505 -120.80623 -126.95730 -133.07674 -139.16301 -145.21459 -151.22999 -157.20769 -163.14622 -169.04409 -174.89983 -180.71197 -186.47909 -192.19972 -197.87246 -203.49588 -209.06859 -214.58920 -220.05632 -225.46860 -230.82469 -236.12325 -241.36297 -246.54253 -251.66065 -256.71605 -261.70747 -266.63367 -271.49342 -276.28551 -281.00874 -285.66193 -290.24394 -294.75361 -299.18982 -303.55146 -307.83746 -312.04673 -316.17824 -320.23095 -324.20384 -328.09595 -331.90628 -335.63389 -339.27786 -342.83727 -346.31125 -349.69891 -352.99942 -356.21195 -359.33571 -362.36992 -365.31381 -368.16667 -370.92776 -373.59642 -376.17196 -378.65376 -381.04119 -383.33365 -385.53058 -387.63143 -389.63567 -391.54280 -393.35236 -395.06388 -396.67695 -398.19115 -399.60612 -400.92150 -402.13696 -403.25220 -404.26693 -405.18092 -405.99393 -406.70576 -407.31622 -407.82518 -408.23249 -408.53807 -408.74183 -408.84372 -408.84372 -408.74183 -408.53807 -408.23249 -407.82518 -407.31622 -406.70576 -405.99393 -405.18092 -404.26693 -403.25220 -402.13696 -400.92150 -399.60612 -398.19115 -396.67695 -395.06388 -393.35236 -391.54280 -389.63567 -387.63143 -385.53058 -383.33365 -381.04119 -378.65376 -376.17196 -373.59642 -370.92776 -368.16667 -365.31381 -362.36992 -359.33571 -356.21195 -352.99942 -349.69891 -346.31125 -342.83727 -339.27786 -335.63389 -331.90628 -328.09595 -324.20384 -320.23095 -316.17824 -312.04673 -307.83746 -303.55146 -299.18982 -294.75361 -290.24394 -285.66193 -281.00874 -276.28551 -271.49342 -266.63367 -261.70747 -256.71605 -251.66065 -246.54253 -241.36297 -236.12325 -230.82469 -225.46860 -220.05632 -214.58920 -209.06859 -203.49588 -197.87246 -192.19972 -186.47909 -180.71197 -174.89983 -169.04409 -163.14622 -157.20769 -151.22999 -145.21459 -139.16301 -133.07674 -126.95730 -120.80623 -114.62505 -108.41530 -102.17853 -95.91629 -89.63016 -83.32168 -76.99244 -70.64401 -64.27798 -57.89592 -51.49944 -45.09012 -38.66957 -32.23937 -25.80114 -19.35649 -12.90701 -6.45431 0.00000 0.00000
-5.96403 -11.92657 -17.88614 -23.84125 -29.79042 -35.73217 -41.66501 -47.58746 -53.49806 -59.39532 -65.27779 -71.14398 -76.99244 -82.82171 -88.63035 -94.41689 -100.17991 -105.91795 -111.62960 -117.31343 -122.96803 -128.59197 -134.18387 -139.74233 -145.26596 -150.75339 -156.20324 -161.61417 -166.98482 -172.31385 -177.59994 -182.84177 -188.03803 -193.18743 -198.28868 -203.34051 -208.34166 -213.29090 -218.18697 -223.02867 -227.81479 -232.54413 -237.21551 -241.82778 -246.37978 -250.87037 -255.29844 -259.66289 -263.96262 -268.19657 -272.36368 -276.46291 -280.49323 -284.45366 -288.34319 -292.16086 -295.90572 -299.57683 -303.17328 -306.69418 -310.13864 -313.50580 -316.79484 -320.00492 -323.13525 -326.18505 -329.15355 -332.04003 -334.84375 -337.56402 -340.20017 -342.75153 -345.21747 -347.59737 -349.89065 -352.09672 -354.21505 -356.24509 -358.18636 -360.03835 -361.80062 -363.47272 -365.05423 -366.54477 -367.94395 -369.25144 -370.46689 -371.59003 -372.62055 -373.55821 -374.40277 -375.15402 -375.81177 -376.37587 -376.84616 -377.22253 -377.50490 -377.69318 -377.78733 -377.78733 -377.69318 -377.50490 -377.22253 -376.84616 -376.37587 -375.81177 -375.15402 -374.40277 -373.55821 -372.62055 -371.59003 -370.46689 -369.25144 -367.94395 -366.54477 -365.05423 -363.47272 -361.80062 -360.03835 -358.18636 -356.24509 -354.21505 -352.09672 -349.89065 -347.59737 -345.21747 -342.75153 -340.20017 -337.56402 -334.84375 -332.04003 -329.15355 -326.18505 -323.13525 -320.00492 -316.79484 -313.50580 -310.13864 -306.69418 -303.17328 -299.57683 -295.90572 -292.16086 -288.34319 -284.45366 -280.49323 -276.46291 -272.36368 -268.19657 -263.96262 -259.66289 -255.29844 -250.87037 -246.37978 -241.82778 -237.21551 -232.54413 -227.81479 -223.02867 -218.18697 -213.29090 -208.34166 -203.34051 -198.28868 -193.18743 -188.03803 -182.84177 -177.59994 -172.31385 -166.98482 -161.61417 -156.20324 -150.75339 -145.26596 -139.74233 -134.18387 -128.59197 -122.96803 -117.31343 -111.62960 -105.91795 -100.17991 -94.41689 -88.63035 -82.82171 -76.99244 -71.14398 -65.27779 -59.39532 -53.49806 -47.58746 -41.66501 -35.73217 -29.79042 -23.84125 -17.88614 -11.92657 -5.96403 0.00000 0.00000
-5.47226 -10.94316 -16.41133 -21.87542 -27.33404 -32.78586 -38.22951 -43.66363 -49.08687 -54.49787 -59.89529 -65.27779 -70.64401 -75.99263 -81.32231 -86.63173 -91.91955 -97.18447 -102.42516 -107.64033 -112.82867 -117.98889 -123.11971 -128.21984 -133.28802 -138.32298 -143.32347 -148.28824 -153.21605 -158.10568 -162.95590 -167.76551 -172.53331 -177.25811 -181.93874 -186.57402 -191.16281 -195.70395 -200.19632 -204.63879 -209.03027 -213.36965 -217.65585 -221.88781 -226.06448 -230.18480 -234.24775 -238.25233 -242.19752 -246.08236 -249.90587 -253.66709 -257.36510 -260.99897 -264.56779 -268.07067 -271.50675 -274.87516 -278.17506 -281.40564 -284.56608 -287.65561 -290.67345 -293.61884 -296.49106 -299.28939 -302.01312 -304.66159 -307.23413 -309.73011 -312.14889 -314.48987 -316.75248 -318.93615 -321.04033 -323.06451 -325.00817 -326.87082 -328.65202 -330.35131 -331.96827 -333.50249 -334.95360 -336.32124 -337.60505 -338.80472 -339.91996 -340.95049 -341.89604 -342.75638 -343.53130 -344.22061 -344.82413 -345.34171 -345.77322 -346.11857 -346.37765 -346.55040 -346.63679 -346.63679 -346.55040 -346.37765 -346.11857 -345.77322 -345.34171 -344.82413 -344.22061 -343.53130 -342.75638 -341.89604 -340.95049 -339.91996 -338.80472 -337.60505 -336.32124 -334.95360 -333.50249 -331.96827 -330.35131 -328.65202 -326.87082 -325.00817 -323.06451 -321.04033 -318.93615 -316.75248 -314.48987 -312.14889 -309.73011 -307.23413 -304.66159 -302.01312 -299.28939 -296.49106 -293.61884 -290.67345 -287.65561 -284.56608 -281.40564 -278.17506 -274.87516 -271.50675 -268.07067 -264.56779 -260.99897 -257.36510 -253.66709 -249.90587 -246.08236 -242.19752 -238.25233 -234.24775 -230.18480 -226.06448 -221.88781 -217.65585 -213.36965 -209.03027 -204.63879 -200.19632 -195.70395 -191.16281 -186.57402 -181.93874 -177.25811 -172.53331 -167.76551 -162.95590 -158.10568 -153.21605 -148.28824 -143.32347 -138.32298 -133.28802 -128.21984 -123.11971 -117.98889 -112.82867 -107.64033 -102.42516 -97.18447 -91.91955 -86.63173 -81.32231 -75.99263 -70.64401 -65.27779 -59.89529 -54.49787 -49.08687 -43.66363 -38.22951 -32.78586 -27.33404 -21.87542 -16.41133 -10.94316 -5.47226 0.00000 0.00000
-4.97913 -9.95703 -14.93244 -19.90413 -24.87086 -29.83139 -34.78448 -39.72891 -44.66344 -49.58683 -54.49787 -59.39532 -64.27798 -69.14461 -73.99401 -78.82497 -83.63628 -88.42676 -93.19519 -97.94040 -102.66119 -107.35641 -112.02486 -116.66540 -121.27687 -125.85810 -130.40798 -134.92535 -139.40909 -143.85809 -148.27124 -152.64744 -156.98559 -161.28462 -165.54346 -169.76103 -173.93630 -178.06822 -182.15577 -186.19791 -190.19365 -194.14199 -198.04195 -201.89255 -205.69284 -209.44186 -213.13868 -216.78239 -220.37206 -223.90682 -227.38578 -230.80806 -234.17283 -237.47923 -240.72645 -243.91367 -247.04011 -250.10498 -253.10751 -256.04697 -258.92261 -261.73373 -264.47962 -267.15959 -269.77298 -272.31914 -274.79743 -277.20723 -279.54795 -281.81900 -284.01981 -286.14984 -288.20856 -290.19545 -292.11001 -293.95178 -295.72028 -297.41509 -299.03578 -300.58194 -302.05318 -303.44915 -304.76950 -306.01389 -307.18201 -308.27358 -309.28832 -310.22597 -311.08632 -311.86913 -312.57422 -313.20141 -313.75054 -314.22149 -314.61411 -314.92834 -315.16407 -315.32126 -315.39986 -315.39986 -315.32126 -315.16407 -314.92834 -314.61411 -314.22149 -313.75054 -313.20141 -312.57422 -311.86913 -311.08632 -310.22597 -309.28832 -308.27358 -307.18201 -306.01389 -304.76950 -303.44915 -302.05318 -300.58194 -299.03578 -297.41509 -295.72028 -293.95178 -292.11001 -290.19545 -288.20856 -286.14984 -284.01981 -281.81900 -279.54795 -277.20723 -274.79743 -272.31914 -269.77298 -267.15959 -264.47962 -261.73373 -258.92261 -256.04697 -253.10751 -250.10498 -247.04011 -243.91367 -240.72645 -237.47923 -234.17283 -230.80806 -227.38578 -223.90682 -220.37206 -216.78239 -213.13868 -209.44186 -205.69284 -201.89255 -198.04195 -194.14199 -190.19365 -186.19791 -182.15577 -178.06822 -173.93630 -169.76103 -165.54346 -161.28462 -156.98559 -152.64744 -148.27124 -143.85809 -139.40909 -134.92535 -130.40798 -125.85810 -121.27687 -116.66540 -112.02486 -107.35641 -102.66119 -97.94040 -93.19519 -88.42676 -83.63628 -78.82497 -73.99401 -69.14461 -64.27798 -59.39532 -54.49787 -49.58683 -44.66344 -39.72891 -34.78448 -29.83139 -24.87086 -19.90413 -14.93244 -9.95703 -4.97913 0.00000 0.00000
-4.48476 -8.96841 -13.44982 -17.92788 -22.40147 -26.86948 -31.33079 -35.78429 -40.22888 -44.66344 -49.08687 -53.49806 -57.89592 -62.27936 -66.64727 -70.99857 -75.33218 -79.64701 -83.94199 -88.21606 -92.46813 -96.69717 -100.90210 -105.08189 -109.23549 -113.36186 -117.45998 -121.52883 -125.56739 -129.57466 -133.54964 -137.49133 -141.39875 -145.27094 -149.10692 -152.90574 -156.66645 -160.38812 -164.06982 -167.71063 -171.30964 -174.86596 -178.37869 -181.84697 -185.26993 -188.64672 -191.97649 -195.25842 -198.49169 -201.67548 -204.80902 -207.89151 -210.92219 -213.90031 -216.82512 -219.69588 -222.51190 -225.27246 -227.97688 -230.62449 -233.21461 -235.74662 -238.21987 -240.63375 -242.98766 -245.28102 -247.51324 -249.68378 -251.79209 -253.83765 -255.81995 -257.73850 -259.59281 -261.38242 -263.10689 -264.76579 -266.35870 -267.88524 -269.34501 -270.73765 -272.06282 -273.32019 -274.50944 -275.63027 -276.68241 -277.66560 -278.57959 -279.42415 -280.19907 -280.90416 -281.53924 -282.10416 -282.59877 -283.02295 -283.37660 -283.65962 -283.87195 -284.01353 -284.08433 -284.08433 -284.01353 -283.87195 -283.65962 -283.37660 -283.02295 -282.59877 -282.10416 -281.53924 -280.90416 -280.19907 -279.42415 -278.57959 -277.66560 -276.68241 -275.63027 -274.50944 -273.32019 -272.06282 -270.73765 -269.34501 -267.88524 -266.35870 -264.76579 -263.10689 -261.38242 -259.59281 -257.73850 -255.81995 -253.83765 -251.79209 -249.68378 -247.51324 -245.28102 -242.98766 -240.63375 -238.21987 -235.74662 -233.21461 -230.62449 -227.97688 -225.27246 -222.51190 -219.69588 -216.82512 -213.90031 -210.92219 -207.89151 -204.80902 -201.67548 -198.49169 -195.25842 -191.97649 -188.64672 -185.26993 -181.84697 -178.37869 -174.86596 -171.30964 -167.71063 -164.06982 -160.38812 -156.66645 -152.90574 -149.10692 -145.27094 -141.39875 -137.49133 -133.54964 -129.57466 -125.56739 -121.52883 -117.45998 -113.36186 -109.23549 -105.08189 -100.90210 -96.69717 -92.46813 -88.21606 -83.94199 -79.64701 -75.33218 -70.99857 -66.64727 -62.27936 -57.89592 -53.49806 -49.08687 -44.66344 -40.22888 -35.78429 -31.33079 -26.86948 -22.40147 -17.92788 -13.44982 -8.96841 -4.48476 0.00000 0.00000
-3.98928 -7.97756 -11.96385 -15.94716 -19.92650 -23.90087 -27.86929 -31.83076 -35.78429 -39.72891 -43.66363 -47.58746 -51.49944 -55.39858 -59.28391 -63.15447 -67.00929 -70.84741 -74.66788 -78.46973 -82.25203 -86.01383 -89.75419 -93.47218 -97.16688 -100.83736 -104.48272 -108.10203 -111.69440 -115.25893 -118.79474 -122.30095 -125.77667 -129.22105 -132.63322 -136.01234 -139.35756 -142.66805 -145.94299 -149.18155 -152.38293 -155.54634 -158.67098 -161.75607 -164.80086 -167.80457 -170.76646 -173.68579 -176.56184 -179.39388 -182.18122 -184.92315 -187.61899 -190.26808 -192.86974 -195.42334 -197.92824 -200.38381 -202.78944 -205.14453 -207.44849 -209.70075 -211.90075 -214.04795 -216.14179 -218.18177 -220.16737 -222.09810 -223.97349 -225.79305 -227.55634 -229.26292 -230.91236 -232.50425 -234.03820 -235.51382 -236.93074 -238.28862 -239.58711 -240.82589 -242.00465 -243.12310 -244.18096 -245.17796 -246.11386 -246.98842 -247.80143 -248.55268 -249.24199 -249.86918 -250.43410 -250.93660 -251.37657 -251.75388 -252.06846 -252.32021 -252.50908 -252.63502 -252.69800 -252.69800 -252.63502 -252.50908 -252.32021 -252.06846 -251.75388 -251.37657 -250.93660 -250.43410 -249.86918 -249.24199 -248.55268 -247.80143 -246.98842 -246.11386 -245.17796 -244.18096 -243.12310 -242.00465 -240.82589 -239.58711 -238.28862 -236.93074 -235.51382 -234.03820 -232.50425 -230.91236 -229.26292 -227.55634 -225.79305 -223.97349 -222.09810 -220.16737 -218.18177 -216.14179 -214.04795 -211.90075 -209.70075 -207.44849 -205.14453 -202.78944 -200.38381 -197.92824 -195.42334 -192.86974 -190.26808 -187.61899 -184.92315 -182.18122 -179.39388 -176.56184 -173.68579 -170.76646 -167.80457 -164.80086 -161.75607 -158.67098 -155.54634 -152.38293 -149.18155 -145.94299 -142.66805 -139.35756 -136.01234 -132.63322 -129.22105 -125.77667 -122.30095 -118.79474 -115.25893 -111.69440 -108.10203 -104.48272 -100.83736 -97.16688 -93.47218 -89.75419 -86.01383 -82.25203 -78.46973 -74.66788 -70.84741 -67.00929 -63.15447 -59.28391 -55.39858 -51.49944 -47.58746 -43.66363 -39.72891 -35.78429 -31.83076 -27.86929 -23.90087 -19.92650 -15.94716 -11.96385 -7.97756 -3.98928 0.00000 0.00000
-3.49279 -6.98472 -10.47490 -13.96247 -17.44657 -20.92631 -24.40084 -27.86929 -31.33079 -34.78448 -38.22951 -41.66501 -45.09012 -48.50400 -51.90579 -55.29464 -58.66971 -62.03016 -65.37515 -68.70385 -72.01542 -75.30905 -78.58391 -81.83918 -85.07406 -88.28774 -91.47941 -94.64828 -97.79357 -100.91448 -104.01025 -107.08009 -110.12324 -113.13896 -116.12647 -119.08504 -122.01394 -124.91242 -127.77978 -130.61529 -133.41824 -136.18795 -138.92372 -141.62486 -144.29071 -146.92060 -149.51387 -152.06988 -154.58799 -157.06757 -159.50801 -161.90870 -164.26903 -166.58843 -168.86631 -171.10210 -173.29525 -175.44522 -177.55145 -179.61344 -181.63067 -183.60263 -185.52883 -187.40879 -189.24205 -191.02815 -192.76663 -194.45708 -196.09906 -197.69217 -199.23601 -200.73020 -202.17436 -203.56813 -204.91117 -206.20315 -207.44373 -208.63262 -209.76950 -210.85411 -211.88617 -212.86543 -213.79163 -214.66455 -215.48397 -216.24969 -216.96152 -217.61927 -218.22279 -218.77193 -219.26654 -219.70650 -220.09171 -220.42207 -220.69749 -220.91792 -221.08328 -221.19355 -221.24869 -221.24869 -221.19355 -221.08328 -220.91792 -220.69749 -220.42207 -220.09171 -219.70650 -219.26654 -218.77193 -218.22279 -217.61927 -216.96152 -216.24969 -215.48397 -214.66455 -213.79163 -212.86543 -211.88617 -210.85411 -209.76950 -208.63262 -207.44373 -206.20315 -204.91117 -203.56813 -202.17436 -200.73020 -199.23601 -197.69217 -196.09906 -194.45708 -192.76663 -191.02815 -189.24205 -187.40879 -185.52883 -183.60263 -181.63067 -179.61344 -177.55145 -175.44522 -173.29525 -171.10210 -168.86631 -166.58843 -164.26903 -161.90870 -159.50801 -157.06757 -154.58799 -152.06988 -149.51387 -146.92060 -144.29071 -141.62486 -138.92372 -136.18795 -133.41824 -130.61529 -127.77978 -124.91242 -122.01394 -119.08504 -116.12647 -113.13896 -110.12324 -107.08009 -104.01025 -100.91448 -97.79357 -94.64828 -91.47941 -88.28774 -85.07406 -81.83918 -78.58391 -75.30905 -72.01542 -68.70385 -65.37515 -62.03016 -58.66971 -55.29464 -51.90579 -48.50400 -45.09012 -41.66501 -38.22951 -34.78448 -31.33079 -27.86929 -24.40084 -20.92631 -17.44657 -13.96247 -10.47490 -6.98472 -3.49279 0.00000 0.00000
-2.99544 -5.99014 -8.98334 -11.97430 -14.96228 -17.94653 -20.92631 -23.90087 -26.86948 -29.83139 -32.78586 -35.73217 -38.66957 -41.59733 -44.51472 -47.42102 -50.31550 -53.19745 -56.06613 -58.92084 -61.76087 -64.58550 -67.39404 -70.18579 -72.96004 -75.71611 -78.45331 -81.17095 -83.86837 -86.54488 -89.19983 -91.83254 -94.44237 -97.02866 -99.59078 -102.12807 -104.63990 -107.12566 -109.58472 -112.01647 -114.42031 -116.79563 -119.14184 -121.45835 -123.74460 -126.00001 -128.22401 -130.41606 -132.57561 -134.70212 -136.79505 -138.85390 -140.87813 -142.86726 -144.82079 -146.73822 -148.61908 -150.46290 -152.26922 -154.03760 -155.76758 -157.45874 -159.11067 -160.72294 -162.29515 -163.82691 -165.31785 -166.76759 -168.17576 -169.54202 -170.86603 -172.14745 -173.38597 -174.58128 -175.73309 -176.84109 -177.90502 -178.92462 -179.89962 -180.82979 -181.71489 -182.55470 -183.34902 -184.09764 -184.80038 -185.45707 -186.06754 -186.63163 -187.14921 -187.62015 -188.04433 -188.42165 -188.75201 -189.03532 -189.27153 -189.46057 -189.60238 -189.69695 -189.74424 -189.74424 -189.69695 -189.60238 -189.46057 -189.27153 -189.03532 -188.75201 -188.42165 -188.04433 -187.62015 -187.14921 -186.63163 -186.06754 -185.45707 -184.80038 -184.09764 -183.34902 -182.55470 -181.71489 -180.82979 -179.89962 -178.92462 -177.90502 -176.84109 -175.73309 -174.58128 -173.38597 -172.14745 -170.86603 -169.54202 -168.17576 -166.76759 -165.31785 -163.82691 -162.29515 -160.72294 -159.11067 -157.45874 -155.76758 -154.03760 -152.26922 -150.46290 -148.61908 -146.73822 -144.82079 -142.86726 -140.87813 -138.85390 -136.79505 -134.70212 -132.57561 -130.41606 -128.22401 -126.00001 -123.74460 -121.45835 -119.14184 -116.79563 -114.42031 -112.01647 -109.58472 -107.12566 -104.63990 -102.12807 -99.59078 -97.02866 -94.44237 -91.83254 -89.19983 -86.54488 -83.86837 -81.17095 -78.45331 -75.71611 -72.96004 -70.18579 -67.39404 -64.58550 -61.76087 -58.92084 -56.06613 -53.19745 -50.31550 -47.42102 -44.51472 -41.59733 -38.66957 -35.73217 -32.78586 -29.83139 -26.86948 -23.90087 -20.92631 -17.94653 -14.96228 -11.97430 -8.98334 -5.99014 -2.99544 0.00000 0.00000
-2.49734 -4.99406 -7.48954 -9.98315 -12.47427 -14.96228 -17.44657 -19.92650 -22.40147 -24.87086 -27.33404 -29.79042 -32.23937 -34.68029 -37.11256 -39.53559 -41.94876 -44.35148 -46.74314 -49.12315 -51.49092 -53.84586 -56.18738 -58.51490 -60.82783 -63.12561 -65.40765 -67.67339 -69.92226 -72.15371 -74.36718 -76.56211 -78.73796 -80.89419 -83.03026 -85.14564 -87.23979 -89.31220 -91.36236 -93.38974 -95.39386 -97.37419 -99.33026 -101.26157 -103.16765 -105.04802 -106.90220 -108.72975 -110.53019 -112.30309 -114.04800 -115.76449 -117.45213 -119.11049 -120.73917 -122.33776 -123.90586 -125.44308 -126.94904 -128.42336 -129.86567 -131.27562 -132.65285 -133.99702 -135.30780 -136.58485 -137.82787 -139.03653 -140.21055 -141.34962 -142.45346 -143.52181 -144.55438 -145.55093 -146.51120 -147.43496 -148.32197 -149.17202 -149.98490 -150.76039 -151.49831 -152.19848 -152.86071 -153.48485 -154.07074 -154.61822 -155.12718 -155.59747 -156.02899 -156.42162 -156.77526 -157.08984 -157.36526 -157.60147 -157.79840 -157.95600 -158.07423 -158.15307 -158.19250 -158.19250 -158.15307 -158.07423 -157.95600 -157.79840 -157.60147 -157.36526 -157.08984 -156.77526 -156.42162 -156.02899 -155.59747 -155.12718 -154.61822 -154.07074 -153.48485 -152.86071 -152.19848 -151.49831 -150.76039 -149.98490 -149.17202 -148.32197 -147.43496 -146.51120 -145.55093 -144.55438 -143.52181 -142.45346 -141.34962 -140.21055 -139.03653 -137.82787 -136.58485 -135.30780 -133.99702 -132.65285 -131.27562 -129.86567 -128.42336 -126.94904 -125.44308 -123.90586 -122.33776 -120.73917 -119.11049 -117.45213 -115.76449 -114.04800 -112.30309 -110.53019 -108.72975 -106.90220 -105.04802 -103.16765 -101.26157 -99.33026 -97.37419 -95.39386 -93.38974 -91.36236 -89.31220 -87.23979 -85.14564 -83.03026 -80.89419 -78.73796 -76.56211 -74.36718 -72.15371 -69.92226 -67.67339 -65.40765 -63.12561 -60.82783 -58.51490 -56.18738 -53.84586 -51.49092 -49.12315 -46.74314 -44.35148 -41.94876 -39.53559 -37.11256 -34.68029 -32.23937 -29.79042 -27.33404 -24.87086 -22.40147 -19.92650 -17.44657 -14.96228 -12.47427 -9.98315 -7.48954 -4.99406 -2.49734 0.00000 0.00000
-1.99862 -3.99675 -5.99387 -7.98951 -9.98315 -11.97430 -13.96247 -15.94716 -17.92788 -19.90413 -21.87542 -23.84125 -25.80114 -27.75461 -29.70116 -31.64030 -33.57156 -35.49445 -37.40850 -39.31322 -41.20815 -43.09280 -44.96672 -46.82943 -48.68047 -50.51937 -52.34569 -54.15896 -55.95873 -57.74456 -59.51600 -61.27260 -63.01393 -64.73956 -66.44905 -68.14199 -69.81794 -71.47649 -73.11723 -74.73974 -76.34363 -77.92849 -79.49393 -81.03956 -82.56499 -84.06985 -85.55375 -87.01633 -88.45723 -89.87608 -91.27253 -92.64623 -93.99685 -95.32403 -96.62747 -97.90682 -99.16176 -100.39200 -101.59722 -102.77711 -103.93140 -105.05978 -106.16197 -107.23771 -108.28673 -109.30875 -110.30354 -111.27083 -112.21039 -113.12199 -114.00540 -114.86039 -115.68676 -116.48429 -117.25280 -117.99208 -118.70196 -119.38226 -120.03280 -120.65343 -121.24398 -121.80432 -122.33431 -122.83381 -123.30269 -123.74085 -124.14816 -124.52454 -124.86988 -125.18410 -125.46712 -125.71888 -125.93930 -126.12833 -126.28593 -126.41206 -126.50669 -126.56978 -126.60133 -126.60133 -126.56978 -126.50669 -126.41206 -126.28593 -126.12833 -125.93930 -125.71888 -125.46712 -125.18410 -124.86988 -124.52454 -124.14816 -123.74085 -123.30269 -122.83381 -122.33431 -121.80432 -121.24398 -120.65343 -120.03280 -119.38226 -118.70196 -117.99208 -117.25280 -116.48429 -115.68676 -114.86039 -114.00540 -113.12199 -112.21039 -111.27083 -110.30354 -109.30875 -108.28673 -107.23771 -106.16197 -105.05978 -103.93140 -102.77711 -101.59722 -100.39200 -99.16176 -97.90682 -96.62747 -95.32403 -93.99685 -92.64623 -91.27253 -89.87608 -88.45723 -87.01633 -85.55375 -84.06985 -82.56499 -81.03956 -79.49393 -77.92849 -76.34363 -74.73974 -73.11723 -71.47649 -69.81794 -68.14199 -66.44905 -64.73956 -63.01393 -61.27260 -59.51600 -57.74456 -55.95873 -54.15896 -52.34569 -50.51937 -48.68047 -46.82943 -44.96672 -43.09280 -41.20815 -39.31322 -37.40850 -35.49445 -33.57156 -31.64030 -29.70116 -27.75461 -25.80114 -23.84125 -21.87542 -19.90413 -17.92788 -15.94716 -13.96247 -11.97430 -9.98315 -7.98951 -5.99387 -3.99675 -1.99862 0.00000 0.00000
-1.49940 -2.99843 -4.49671 -5.99387 -7.48954 -8.98334 -10.47490 -11.96385 -13.44982 -14.93244 -16.41133 -17.88614 -19.35649 -20.82201 -22.28235 -23.73713 -25.18599 -26.62858 -28.06453 -29.49349 -30.91510 -32.32900 -33.73485 -35.13229 -36.52097 -37.90055 -39.27069 -40.63104 -41.98126 -43.32102 -44.64998 -45.96782 -47.27420 -48.56879 -49.85129 -51.12136 -52.37868 -53.62296 -54.85387 -56.07111 -57.27438 -58.46337 -59.63779 -60.79735 -61.94176 -63.07073 -64.18398 -65.28123 -66.36222 -67.42666 -68.47431 -69.50488 -70.51814 -71.51382 -72.49168 -73.45147 -74.39296 -75.31590 -76.22008 -77.10526 -77.97122 -78.81775 -79.64464 -80.45168 -81.23867 -82.00541 -82.75172 -83.47740 -84.18227 -84.86617 -85.52892 -86.17035 -86.79031 -87.38863 -87.96518 -88.51980 -89.05237 -89.56274 -90.05078 -90.51639 -90.95944 -91.37982 -91.77742 -92.15215 -92.50392 -92.83263 -93.13820 -93.42057 -93.67965 -93.91538 -94.12771 -94.31658 -94.48195 -94.62376 -94.74200 -94.83662 -94.90761 -94.95495 -94.97862 -94.97862 -94.95495 -94.90761 -94.83662 -94.74200 -94.62376 -94.48195 -94.31658 -94.12771 -93.91538 -93.67965 -93.42057 -93.13820 -92.83263 -92.50392 -92.15215 -91.77742 -91.37982 -90.95944 -90.51639 -90.05078 -89.56274 -89.05237 -88.51980 -87.96518 -87.38863 -86.79031 -86.17035 -85.52892 -84.86617 -84.18227 -83.47740 -82.75172 -82.00541 -81.23867 -80.45168 -79.64464 -78.81775 -77.97122 -77.10526 -76.22008 -75.31590 -74.39296 -73.45147 -72.49168 -71.51382 -70.51814 -69.50488 -68.47431 -67.42666 -66.36222 -65.28123 -64.18398 -63.07073 -61.94176 -60.79735 -59.63779 -58.46337 -57.27438 -56.07111 -54.85387 -53.62296 -52.37868 -51.12136 -49.85129 -48.56879 -47.27420 -45.96782 -44.64998 -43.32102 -41.98126 -40.63104 -39.27069 -37.90055 -36.52097 -35.13229 -33.73485 -32.32900 -30.91510 -29.49349 -28.06453 -26.62858 -25.18599 -23.73713 -22.28235 -20.82201 -19.35649 -17.88614 -16.41133 -14.93244 -13.44982 -11.96385 -10.47490 -8.98334 -7.48954 -5.99387 -4.49671 -2.99843 -1.49940 0.00000 0.00000
-0.99981 -1.99937 -2.99843 -3.99675 -4.99406 -5.99014 -6.98472 -7.97756 -8.96841 -9.95703 -10.94316 -11.92657 -12.90701 -13.88422 -14.85798 -15.82804 -16.79415 -17.75608 -18.71358 -19.66641 -20.61435 -21.55715 -22.49457 -23.42639 -24.35237 -25.27228 -26.18590 -27.09298 -27.99332 -28.88668 -29.77284 -30.65158 -31.52268 -32.38592 -33.24109 -34.08798 -34.92638 -35.75607 -36.57684 -37.38851 -38.19085 -38.98368 -39.76679 -40.53999 -41.30308 -42.05588 -42.79821 -43.52986 -44.25067 -44.96045 -45.65902 -46.34621 -47.02186 -47.68578 -48.33782 -48.97782 -49.60561 -50.22103 -50.82394 -51.41418 -51.99161 -52.55608 -53.10746 -53.64559 -54.17036 -54.68163 -55.17927 -55.66316 -56.13317 -56.58920 -57.03112 -57.45883 -57.87222 -58.27119 -58.65563 -59.02546 -59.38058 -59.72089 -60.04633 -60.35680 -60.65222 -60.93253 -61.19766 -61.44753 -61.68209 -61.90128 -62.10503 -62.29332 -62.46607 -62.62326 -62.76484 -62.89078 -63.00105 -63.09561 -63.17445 -63.23755 -63.28489 -63.31645 -63.33223 -63.33223 -63.31645 -63.28489 -63.23755 -63.17445 -63.09561 -63.00105 -62.89078 -62.76484 -62.62326 -62.46607 -62.29332 -62.10503 -61.90128 -61.68209 -61.44753 -61.19766 -60.93253 -60.65222 -60.35680 -60.04633 -59.72089 -59.38058 -59.02546 -58.65563 -58.27119 -57.87222 -57.45883 -57.03112 -56.58920 -56.13317 -55.66316 -55.17927 -54.68163 -54.17036 -53.64559 -53.10746 -52.55608 -51.99161 -51.41418 -50.82394 -50.22103 -49.60561 -48.97782 -48.33782 -47.68578 -47.02186 -46.34621 -45.65902 -44.96045 -44.25067 -43.52986 -42.79821 -42.05588 -41.30308 -40.53999 -39.76679 -38.98368 -38.19085 -37.38851 -36.57684 -35.75607 -34.92638 -34.08798 -33.24109 -32.38592 -31.52268 -30.65158 -29.77284 -28.88668 -27.99332 -27.09298 -26.18590 -25.27228 -24.35237 -23.42639 -22.49457 -21.55715 -20.61435 -19.66641 -18.71358 -17.75608 -16.79415 -15.82804 -14.85798 -13.88422 -12.90701 -11.92657 -10.94316 -9.95703 -8.96841 -7.97756 -6.98472 -5.99014 -4.99406 -3.99675 -2.99843 -1.99937 -0.99981 0.00000 0.00000
-0.49997 -0.99981 -1.49940 -1.99862 -2.49734 -2.99544 -3.49279 -3.98928 -4.48476 -4.97913 -5.47226 -5.96403 -6.45431 -6.94298 -7.42992 -7.91501 -8.39812 -8.87914 -9.35795 -9.83443 -10.30846 -10.77992 -11.24869 -11.71466 -12.17770 -12.63772 -13.09458 -13.54818 -13.99840 -14.44514 -14.88827 -15.32770 -15.76330 -16.19498 -16.62262 -17.04612 -17.46536 -17.88026 -18.29070 -18.69658 -19.09780 -19.49427 -19.88587 -20.27252 -20.65411 -21.03056 -21.40177 -21.76764 -22.12809 -22.48303 -22.83236 -23.17600 -23.51386 -23.84586 -24.17192 -24.49196 -24.80589 -25.11365 -25.41514 -25.71029 -25.99905 -26.28132 -26.55704 -26.82614 -27.08856 -27.34422 -27.59307 -27.83505 -28.07009 -28.29813 -28.51912 -28.73300 -28.93972 -29.13923 -29.33147 -29.51641 -29.69399 -29.86417 -30.02691 -30.18216 -30.32989 -30.47006 -30.60264 -30.72759 -30.84489 -30.95449 -31.05639 -31.15054 -31.23693 -31.31553 -31.38633 -31.44931 -31.50445 -31.55174 -31.59116 -31.62272 -31.64639 -31.66217 -31.67006 -31.67006 -31.66217 -31.64639 -31.62272 -31.59116 -31.55174 -31.50445 -31.44931 -31.38633 -31.31553 -31.23693 -31.15054 -31.05639 -30.95449 -30.84489 -30.72759 -30.60264 -30.47006 -30.32989 -30.18216 -30.02691 -29.86417 -29.69399 -29.51641 -29.33147 -29.13923 -28.93972 -28.73300 -28.51912 -28.29813 -28.07009 -27.83505 -27.59307 -27.34422 -27.08856 -26.82614 -26.55704 -26.28132 -25.99905 -25.71029 -25.41514 -25.11365 -24.80589 -24.49196 -24.17192 -23.84586 -23.51386 -23.17600 -22.83236 -22.48303 -22.12809 -21.76764 -21.40177 -21.03056 -20.65411 -20.27252 -19.88587 -19.49427 -19.09780 -18.69658 -18.29070 -17.88026 -17.46536 -17.04612 -16.62262 -16.19498 -15.76330 -15.32770 -14.88827 -14.44514 -13.99840 -13.54818 -13.09458 -12.63772 -12.17770 -11.71466 -11.24869 -10.77992 -10.30846 -9.83443 -9.35795 -8.87914 -8.39812 -7.91501 -7.42992 -6.94298 -6.45431 -5.96403 -5.47226 -4.97913 -4.48476 -3.98928 -3.49279 -2.99544 -2.49734 -1.99862 -1.49940 -0.99981 -0.49997 0.00000 0.00000
0.00000 0.00000 0.00000 0.00000 0.00000 0.00000 0.00000 0.00000 0.00000 0.00000 0.00000 0.00000 0.00000 0.00000 0.00000 0.00000 0.00000 0.00000 0.00000 0.00000 0.00000 0.00000 0.00000 0.00000 0.00000 0.00000 0.00000 0.00000 0.00000 0.00000 0.00000 0.00000 0.00000 0.00000 0.00000 0.00000 0.00000 0.00000 0.00000 0.00000 0.00000 0.00000 0.00000 0.00000 0.00000 0.00000 0.00000 0.00000 0.00000 0.00000 0.00000 0.00000 0.00000 0.00000 0.00000 0.00000 0.00000 0.00000 0.00000 0.00000 0.00000 0.00000 0.00000 0.00000 0.00000 0.00000 0.00000 0.00000 0.00000 0.00000 0.00000 0.00000 0.00000 0.00000 0.00000 0.00000 0.00000 0.00000 0.00000 0.00000 0.00000 0.00000 0.00000 0.00000 0.00000 0.00000 0.00000 0.00000 0.00000 0.00000 0.00000 0.00000 0.00000 0.00000 0.00000 0.00000 0.00000 0.00000 0.00000 0.00000 0.00000 0.00000 0.00000 0.00000 0.00000 0.00000 0.00000 0.00000 0.00000 0.00000 0.00000 0.00000 0.00000 0.00000 0.00000 0.00000 0.00000 0.00000 0.00000 0.00000 0.00000 0.00000 0.00000 0.00000 0.00000 0.00000 0.00000 0.00000 0.00000 0.00000 0.00000 0.00000 0.00000 0.00000 0.00000 0.00000 0.00000 0.00000 0.00000 0.00000 0.00000 0.00000 0.00000 0.00000 0.00000 0.00000 0.00000 0.00000 0.00000 0.00000 0.00000 0.00000 0.00000 0.00000 0.00000 0.00000 0.00000 0.00000 0.00000 0.00000 0.00000 0.00000 0.00000 0.00000 0.00000 0.00000 0.00000 0.00000 0.00000 0.00000 0.00000 0.00000 0.00000 0.00000 0.00000 0.00000 0.00000 0.00000 0.00000 0.00000 0.00000 0.00000 0.00000 0.00000 0.00000 0.00000 0.00000 0.00000 0.00000 0.00000 0.00000 0.00000 0.00000 0.00000 0.00000 0.00000 0.00000 0.00000 0.00000 0.00000
